

***********************************************************************
Fatal NI connect error 12545, connecting to:
 (DESCRIPTION=(ADDRESS=(PROTOCOL=TCP)(HOST=primus-vip)(PORT=1521))(LOAD_BALANCE=yes)(FAILOVER=YES)(CONNECT_DATA=(SERVER=DEDICATED)(SERVICE_NAME=racdb)(FAILOVER_MODE=(TYPE=SELECT)(METHOD=BASIC))(CID=(PROGRAM=C:\PROJETOSCM5\Bin\Compras.exe)(HOST=WSSP3649)(USER=bruno.santos))))

  VERSION INFORMATION:
	TNS for 32-bit Windows: Version 9.2.0.1.0 - Production
	Windows NT TCP/IP NT Protocol Adapter for 32-bit Windows: Version 9.2.0.1.0 - Production
  Time: 05-JUN-2012 11:06:41
  Tracing not turned on.
  Tns error struct:
    nr err code: 0
    ns main err code: 12545
    TNS-12545: Connect failed because target host or object does not exist
    ns secondary err code: 12560
    nt main err code: 515
    TNS-00515: Connect failed because target host or object does not exist
    nt secondary err code: 1001
    nt OS err code: 0


***********************************************************************
Fatal NI connect error 12545, connecting to:
 (DESCRIPTION=(ADDRESS=(PROTOCOL=TCP)(HOST=secundus-vip)(PORT=1521))(LOAD_BALANCE=yes)(FAILOVER=YES)(CONNECT_DATA=(SERVER=DEDICATED)(SERVICE_NAME=racdb)(FAILOVER_MODE=(TYPE=SELECT)(METHOD=BASIC))(CID=(PROGRAM=C:\PROJETOSCM5\Bin\Compras.exe)(HOST=WSSP3649)(USER=bruno.santos))))

  VERSION INFORMATION:
	TNS for 32-bit Windows: Version 9.2.0.1.0 - Production
	Windows NT TCP/IP NT Protocol Adapter for 32-bit Windows: Version 9.2.0.1.0 - Production
  Time: 05-JUN-2012 11:06:45
  Tracing not turned on.
  Tns error struct:
    nr err code: 0
    ns main err code: 12545
    TNS-12545: Connect failed because target host or object does not exist
    ns secondary err code: 12560
    nt main err code: 515
    TNS-00515: Connect failed because target host or object does not exist
    nt secondary err code: 1001
    nt OS err code: 0


***********************************************************************
Fatal NI connect error 12545, connecting to:
 (DESCRIPTION=(ADDRESS=(PROTOCOL=TCP)(HOST=primus-vip)(PORT=1521))(LOAD_BALANCE=yes)(FAILOVER=YES)(CONNECT_DATA=(SERVER=DEDICATED)(SERVICE_NAME=racdb)(FAILOVER_MODE=(TYPE=SELECT)(METHOD=BASIC))(CID=(PROGRAM=C:\PROJETOSCM5\Bin\Compras.exe)(HOST=WSSP3649)(USER=bruno.santos))))

  VERSION INFORMATION:
	TNS for 32-bit Windows: Version 9.2.0.1.0 - Production
	Windows NT TCP/IP NT Protocol Adapter for 32-bit Windows: Version 9.2.0.1.0 - Production
  Time: 05-JUN-2012 11:06:50
  Tracing not turned on.
  Tns error struct:
    nr err code: 0
    ns main err code: 12545
    TNS-12545: Connect failed because target host or object does not exist
    ns secondary err code: 12560
    nt main err code: 515
    TNS-00515: Connect failed because target host or object does not exist
    nt secondary err code: 1001
    nt OS err code: 0


***********************************************************************
Fatal NI connect error 12545, connecting to:
 (DESCRIPTION=(ADDRESS=(PROTOCOL=TCP)(HOST=secundus-vip)(PORT=1521))(LOAD_BALANCE=yes)(FAILOVER=YES)(CONNECT_DATA=(SERVER=DEDICATED)(SERVICE_NAME=racdb)(FAILOVER_MODE=(TYPE=SELECT)(METHOD=BASIC))(CID=(PROGRAM=C:\PROJETOSCM5\Bin\Compras.exe)(HOST=WSSP3649)(USER=bruno.santos))))

  VERSION INFORMATION:
	TNS for 32-bit Windows: Version 9.2.0.1.0 - Production
	Windows NT TCP/IP NT Protocol Adapter for 32-bit Windows: Version 9.2.0.1.0 - Production
  Time: 05-JUN-2012 11:06:58
  Tracing not turned on.
  Tns error struct:
    nr err code: 0
    ns main err code: 12545
    TNS-12545: Connect failed because target host or object does not exist
    ns secondary err code: 12560
    nt main err code: 515
    TNS-00515: Connect failed because target host or object does not exist
    nt secondary err code: 1001
    nt OS err code: 0


***********************************************************************
Fatal NI connect error 12545, connecting to:
 (DESCRIPTION=(ADDRESS=(PROTOCOL=TCP)(HOST=secundus-vip)(PORT=1521))(LOAD_BALANCE=yes)(FAILOVER=YES)(CONNECT_DATA=(SERVER=DEDICATED)(SERVICE_NAME=racdb)(FAILOVER_MODE=(TYPE=SELECT)(METHOD=BASIC))(CID=(PROGRAM=C:\PROJETOSCM5\Bin\Compras.exe)(HOST=WSSP3649)(USER=bruno.santos))))

  VERSION INFORMATION:
	TNS for 32-bit Windows: Version 9.2.0.1.0 - Production
	Windows NT TCP/IP NT Protocol Adapter for 32-bit Windows: Version 9.2.0.1.0 - Production
  Time: 05-JUN-2012 11:07:03
  Tracing not turned on.
  Tns error struct:
    nr err code: 0
    ns main err code: 12545
    TNS-12545: Connect failed because target host or object does not exist
    ns secondary err code: 12560
    nt main err code: 515
    TNS-00515: Connect failed because target host or object does not exist
    nt secondary err code: 1001
    nt OS err code: 0


***********************************************************************
Fatal NI connect error 12545, connecting to:
 (DESCRIPTION=(ADDRESS=(PROTOCOL=TCP)(HOST=primus-vip)(PORT=1521))(LOAD_BALANCE=yes)(FAILOVER=YES)(CONNECT_DATA=(SERVER=DEDICATED)(SERVICE_NAME=racdb)(FAILOVER_MODE=(TYPE=SELECT)(METHOD=BASIC))(CID=(PROGRAM=C:\PROJETOSCM5\Bin\Compras.exe)(HOST=WSSP3649)(USER=bruno.santos))))

  VERSION INFORMATION:
	TNS for 32-bit Windows: Version 9.2.0.1.0 - Production
	Windows NT TCP/IP NT Protocol Adapter for 32-bit Windows: Version 9.2.0.1.0 - Production
  Time: 05-JUN-2012 11:07:07
  Tracing not turned on.
  Tns error struct:
    nr err code: 0
    ns main err code: 12545
    TNS-12545: Connect failed because target host or object does not exist
    ns secondary err code: 12560
    nt main err code: 515
    TNS-00515: Connect failed because target host or object does not exist
    nt secondary err code: 1001
    nt OS err code: 0


***********************************************************************
Fatal NI connect error 12545, connecting to:
 (DESCRIPTION=(ADDRESS=(PROTOCOL=TCP)(HOST=secundus-vip)(PORT=1521))(LOAD_BALANCE=yes)(FAILOVER=YES)(CONNECT_DATA=(SERVER=DEDICATED)(SERVICE_NAME=racdb)(FAILOVER_MODE=(TYPE=SELECT)(METHOD=BASIC))(CID=(PROGRAM=C:\PROJETOSCM5\Bin\CadastroPrev.exe)(HOST=WSSP3649)(USER=bruno.santos))))

  VERSION INFORMATION:
	TNS for 32-bit Windows: Version 9.2.0.1.0 - Production
	Windows NT TCP/IP NT Protocol Adapter for 32-bit Windows: Version 9.2.0.1.0 - Production
  Time: 14-JUN-2012 15:33:19
  Tracing not turned on.
  Tns error struct:
    nr err code: 0
    ns main err code: 12545
    TNS-12545: Connect failed because target host or object does not exist
    ns secondary err code: 12560
    nt main err code: 515
    TNS-00515: Connect failed because target host or object does not exist
    nt secondary err code: 1001
    nt OS err code: 0


***********************************************************************
Fatal NI connect error 12545, connecting to:
 (DESCRIPTION=(ADDRESS=(PROTOCOL=TCP)(HOST=primus-vip)(PORT=1521))(LOAD_BALANCE=yes)(FAILOVER=YES)(CONNECT_DATA=(SERVER=DEDICATED)(SERVICE_NAME=racdb)(FAILOVER_MODE=(TYPE=SELECT)(METHOD=BASIC))(CID=(PROGRAM=C:\PROJETOSCM5\Bin\CadastroPrev.exe)(HOST=WSSP3649)(USER=bruno.santos))))

  VERSION INFORMATION:
	TNS for 32-bit Windows: Version 9.2.0.1.0 - Production
	Windows NT TCP/IP NT Protocol Adapter for 32-bit Windows: Version 9.2.0.1.0 - Production
  Time: 14-JUN-2012 15:33:24
  Tracing not turned on.
  Tns error struct:
    nr err code: 0
    ns main err code: 12545
    TNS-12545: Connect failed because target host or object does not exist
    ns secondary err code: 12560
    nt main err code: 515
    TNS-00515: Connect failed because target host or object does not exist
    nt secondary err code: 1001
    nt OS err code: 0


***********************************************************************
Fatal NI connect error 12545, connecting to:
 (DESCRIPTION=(ADDRESS=(PROTOCOL=TCP)(HOST=secundus-vip)(PORT=1521))(LOAD_BALANCE=yes)(FAILOVER=YES)(CONNECT_DATA=(SERVER=DEDICATED)(SERVICE_NAME=racdb)(FAILOVER_MODE=(TYPE=SELECT)(METHOD=BASIC))(CID=(PROGRAM=C:\PROJETOSCM5\Bin\CadastroPrev.exe)(HOST=WSSP3649)(USER=bruno.santos))))

  VERSION INFORMATION:
	TNS for 32-bit Windows: Version 9.2.0.1.0 - Production
	Windows NT TCP/IP NT Protocol Adapter for 32-bit Windows: Version 9.2.0.1.0 - Production
  Time: 14-JUN-2012 15:33:28
  Tracing not turned on.
  Tns error struct:
    nr err code: 0
    ns main err code: 12545
    TNS-12545: Connect failed because target host or object does not exist
    ns secondary err code: 12560
    nt main err code: 515
    TNS-00515: Connect failed because target host or object does not exist
    nt secondary err code: 1001
    nt OS err code: 0


***********************************************************************
Fatal NI connect error 12545, connecting to:
 (DESCRIPTION=(ADDRESS=(PROTOCOL=TCP)(HOST=primus-vip)(PORT=1521))(LOAD_BALANCE=yes)(FAILOVER=YES)(CONNECT_DATA=(SERVER=DEDICATED)(SERVICE_NAME=racdb)(FAILOVER_MODE=(TYPE=SELECT)(METHOD=BASIC))(CID=(PROGRAM=C:\PROJETOSCM5\Bin\CadastroPrev.exe)(HOST=WSSP3649)(USER=bruno.santos))))

  VERSION INFORMATION:
	TNS for 32-bit Windows: Version 9.2.0.1.0 - Production
	Windows NT TCP/IP NT Protocol Adapter for 32-bit Windows: Version 9.2.0.1.0 - Production
  Time: 14-JUN-2012 15:33:36
  Tracing not turned on.
  Tns error struct:
    nr err code: 0
    ns main err code: 12545
    TNS-12545: Connect failed because target host or object does not exist
    ns secondary err code: 12560
    nt main err code: 515
    TNS-00515: Connect failed because target host or object does not exist
    nt secondary err code: 1001
    nt OS err code: 0


***********************************************************************
Fatal NI connect error 12545, connecting to:
 (DESCRIPTION=(ADDRESS=(PROTOCOL=TCP)(HOST=secundus-vip)(PORT=1521))(LOAD_BALANCE=yes)(FAILOVER=YES)(CONNECT_DATA=(SERVER=DEDICATED)(SERVICE_NAME=racdb)(FAILOVER_MODE=(TYPE=SELECT)(METHOD=BASIC))(CID=(PROGRAM=C:\PROJETOSCM5\Bin\CadastroPrev.exe)(HOST=WSSP3649)(USER=bruno.santos))))

  VERSION INFORMATION:
	TNS for 32-bit Windows: Version 9.2.0.1.0 - Production
	Windows NT TCP/IP NT Protocol Adapter for 32-bit Windows: Version 9.2.0.1.0 - Production
  Time: 14-JUN-2012 15:33:40
  Tracing not turned on.
  Tns error struct:
    nr err code: 0
    ns main err code: 12545
    TNS-12545: Connect failed because target host or object does not exist
    ns secondary err code: 12560
    nt main err code: 515
    TNS-00515: Connect failed because target host or object does not exist
    nt secondary err code: 1001
    nt OS err code: 0


***********************************************************************
Fatal NI connect error 12545, connecting to:
 (DESCRIPTION=(ADDRESS=(PROTOCOL=TCP)(HOST=primus-vip)(PORT=1521))(LOAD_BALANCE=yes)(FAILOVER=YES)(CONNECT_DATA=(SERVER=DEDICATED)(SERVICE_NAME=racdb)(FAILOVER_MODE=(TYPE=SELECT)(METHOD=BASIC))(CID=(PROGRAM=C:\PROJETOSCM5\Bin\CadastroPrev.exe)(HOST=WSSP3649)(USER=bruno.santos))))

  VERSION INFORMATION:
	TNS for 32-bit Windows: Version 9.2.0.1.0 - Production
	Windows NT TCP/IP NT Protocol Adapter for 32-bit Windows: Version 9.2.0.1.0 - Production
  Time: 14-JUN-2012 15:33:46
  Tracing not turned on.
  Tns error struct:
    nr err code: 0
    ns main err code: 12545
    TNS-12545: Connect failed because target host or object does not exist
    ns secondary err code: 12560
    nt main err code: 515
    TNS-00515: Connect failed because target host or object does not exist
    nt secondary err code: 1001
    nt OS err code: 0


***********************************************************************
Fatal NI connect error 12545, connecting to:
 (DESCRIPTION=(ADDRESS=(PROTOCOL=TCP)(HOST=primus-vip)(PORT=1521))(LOAD_BALANCE=yes)(FAILOVER=YES)(CONNECT_DATA=(SERVER=DEDICATED)(SERVICE_NAME=racdb)(FAILOVER_MODE=(TYPE=SELECT)(METHOD=BASIC))(CID=(PROGRAM=C:\PROJETOSCM5\Bin\ProjetoAtuarial.exe)(HOST=WSSP3649)(USER=bruno.santos))))

  VERSION INFORMATION:
	TNS for 32-bit Windows: Version 9.2.0.1.0 - Production
	Windows NT TCP/IP NT Protocol Adapter for 32-bit Windows: Version 9.2.0.1.0 - Production
  Time: 18-JUN-2012 11:04:28
  Tracing not turned on.
  Tns error struct:
    nr err code: 0
    ns main err code: 12545
    TNS-12545: Connect failed because target host or object does not exist
    ns secondary err code: 12560
    nt main err code: 515
    TNS-00515: Connect failed because target host or object does not exist
    nt secondary err code: 1001
    nt OS err code: 0


***********************************************************************
Fatal NI connect error 12545, connecting to:
 (DESCRIPTION=(ADDRESS=(PROTOCOL=TCP)(HOST=primus-vip)(PORT=1521))(LOAD_BALANCE=yes)(FAILOVER=YES)(CONNECT_DATA=(SERVER=DEDICATED)(SERVICE_NAME=racdb)(FAILOVER_MODE=(TYPE=SELECT)(METHOD=BASIC))(CID=(PROGRAM=C:\PROJETOSCM5\Bin\ProjetoAtuarial.exe)(HOST=WSSP3649)(USER=bruno.santos))))

  VERSION INFORMATION:
	TNS for 32-bit Windows: Version 9.2.0.1.0 - Production
	Windows NT TCP/IP NT Protocol Adapter for 32-bit Windows: Version 9.2.0.1.0 - Production
  Time: 18-JUN-2012 11:04:33
  Tracing not turned on.
  Tns error struct:
    nr err code: 0
    ns main err code: 12545
    TNS-12545: Connect failed because target host or object does not exist
    ns secondary err code: 12560
    nt main err code: 515
    TNS-00515: Connect failed because target host or object does not exist
    nt secondary err code: 1001
    nt OS err code: 0


***********************************************************************
Fatal NI connect error 12545, connecting to:
 (DESCRIPTION=(ADDRESS=(PROTOCOL=TCP)(HOST=secundus-vip)(PORT=1521))(LOAD_BALANCE=yes)(FAILOVER=YES)(CONNECT_DATA=(SERVER=DEDICATED)(SERVICE_NAME=racdb)(FAILOVER_MODE=(TYPE=SELECT)(METHOD=BASIC))(CID=(PROGRAM=C:\PROJETOSCM5\Bin\ProjetoAtuarial.exe)(HOST=WSSP3649)(USER=bruno.santos))))

  VERSION INFORMATION:
	TNS for 32-bit Windows: Version 9.2.0.1.0 - Production
	Windows NT TCP/IP NT Protocol Adapter for 32-bit Windows: Version 9.2.0.1.0 - Production
  Time: 18-JUN-2012 11:04:37
  Tracing not turned on.
  Tns error struct:
    nr err code: 0
    ns main err code: 12545
    TNS-12545: Connect failed because target host or object does not exist
    ns secondary err code: 12560
    nt main err code: 515
    TNS-00515: Connect failed because target host or object does not exist
    nt secondary err code: 1001
    nt OS err code: 0


***********************************************************************
Fatal NI connect error 12545, connecting to:
 (DESCRIPTION=(ADDRESS=(PROTOCOL=TCP)(HOST=secundus-vip)(PORT=1521))(LOAD_BALANCE=yes)(FAILOVER=YES)(CONNECT_DATA=(SERVER=DEDICATED)(SERVICE_NAME=racdb)(FAILOVER_MODE=(TYPE=SELECT)(METHOD=BASIC))(CID=(PROGRAM=C:\PROJETOSCM5\Bin\ProjetoAtuarial.exe)(HOST=WSSP3649)(USER=bruno.santos))))

  VERSION INFORMATION:
	TNS for 32-bit Windows: Version 9.2.0.1.0 - Production
	Windows NT TCP/IP NT Protocol Adapter for 32-bit Windows: Version 9.2.0.1.0 - Production
  Time: 18-JUN-2012 11:04:43
  Tracing not turned on.
  Tns error struct:
    nr err code: 0
    ns main err code: 12545
    TNS-12545: Connect failed because target host or object does not exist
    ns secondary err code: 12560
    nt main err code: 515
    TNS-00515: Connect failed because target host or object does not exist
    nt secondary err code: 1001
    nt OS err code: 0


***********************************************************************
Fatal NI connect error 12545, connecting to:
 (DESCRIPTION=(ADDRESS=(PROTOCOL=TCP)(HOST=primus-vip)(PORT=1521))(LOAD_BALANCE=yes)(FAILOVER=YES)(CONNECT_DATA=(SERVER=DEDICATED)(SERVICE_NAME=racdb)(FAILOVER_MODE=(TYPE=SELECT)(METHOD=BASIC))(CID=(PROGRAM=C:\PROJETOSCM5\Bin\ProjetoAtuarial.exe)(HOST=WSSP3649)(USER=bruno.santos))))

  VERSION INFORMATION:
	TNS for 32-bit Windows: Version 9.2.0.1.0 - Production
	Windows NT TCP/IP NT Protocol Adapter for 32-bit Windows: Version 9.2.0.1.0 - Production
  Time: 18-JUN-2012 11:04:48
  Tracing not turned on.
  Tns error struct:
    nr err code: 0
    ns main err code: 12545
    TNS-12545: Connect failed because target host or object does not exist
    ns secondary err code: 12560
    nt main err code: 515
    TNS-00515: Connect failed because target host or object does not exist
    nt secondary err code: 1001
    nt OS err code: 0


***********************************************************************
Fatal NI connect error 12545, connecting to:
 (DESCRIPTION=(ADDRESS=(PROTOCOL=TCP)(HOST=primus-vip)(PORT=1521))(LOAD_BALANCE=yes)(FAILOVER=YES)(CONNECT_DATA=(SERVER=DEDICATED)(SERVICE_NAME=racdb)(FAILOVER_MODE=(TYPE=SELECT)(METHOD=BASIC))(CID=(PROGRAM=C:\PROJETOSCM5\Bin\CFINAN.exe)(HOST=WSSP3649)(USER=bruno.santos))))

  VERSION INFORMATION:
	TNS for 32-bit Windows: Version 9.2.0.1.0 - Production
	Windows NT TCP/IP NT Protocol Adapter for 32-bit Windows: Version 9.2.0.1.0 - Production
  Time: 04-JUL-2012 16:37:35
  Tracing not turned on.
  Tns error struct:
    nr err code: 0
    ns main err code: 12545
    TNS-12545: Connect failed because target host or object does not exist
    ns secondary err code: 12560
    nt main err code: 515
    TNS-00515: Connect failed because target host or object does not exist
    nt secondary err code: 1001
    nt OS err code: 0


***********************************************************************
Fatal NI connect error 12545, connecting to:
 (DESCRIPTION=(ADDRESS=(PROTOCOL=TCP)(HOST=primus-vip)(PORT=1521))(LOAD_BALANCE=yes)(FAILOVER=YES)(CONNECT_DATA=(SERVER=DEDICATED)(SERVICE_NAME=racdb)(FAILOVER_MODE=(TYPE=SELECT)(METHOD=BASIC))(CID=(PROGRAM=C:\PROJETOSCM5\Bin\CFINAN.exe)(HOST=WSSP3649)(USER=bruno.santos))))

  VERSION INFORMATION:
	TNS for 32-bit Windows: Version 9.2.0.1.0 - Production
	Windows NT TCP/IP NT Protocol Adapter for 32-bit Windows: Version 9.2.0.1.0 - Production
  Time: 04-JUL-2012 16:37:40
  Tracing not turned on.
  Tns error struct:
    nr err code: 0
    ns main err code: 12545
    TNS-12545: Connect failed because target host or object does not exist
    ns secondary err code: 12560
    nt main err code: 515
    TNS-00515: Connect failed because target host or object does not exist
    nt secondary err code: 1001
    nt OS err code: 0


***********************************************************************
Fatal NI connect error 12545, connecting to:
 (DESCRIPTION=(ADDRESS=(PROTOCOL=TCP)(HOST=secundus-vip)(PORT=1521))(LOAD_BALANCE=yes)(FAILOVER=YES)(CONNECT_DATA=(SERVER=DEDICATED)(SERVICE_NAME=racdb)(FAILOVER_MODE=(TYPE=SELECT)(METHOD=BASIC))(CID=(PROGRAM=C:\PROJETOSCM5\Bin\CFINAN.exe)(HOST=WSSP3649)(USER=bruno.santos))))

  VERSION INFORMATION:
	TNS for 32-bit Windows: Version 9.2.0.1.0 - Production
	Windows NT TCP/IP NT Protocol Adapter for 32-bit Windows: Version 9.2.0.1.0 - Production
  Time: 04-JUL-2012 16:37:44
  Tracing not turned on.
  Tns error struct:
    nr err code: 0
    ns main err code: 12545
    TNS-12545: Connect failed because target host or object does not exist
    ns secondary err code: 12560
    nt main err code: 515
    TNS-00515: Connect failed because target host or object does not exist
    nt secondary err code: 1001
    nt OS err code: 0


***********************************************************************
Fatal NI connect error 12545, connecting to:
 (DESCRIPTION=(ADDRESS=(PROTOCOL=TCP)(HOST=secundus-vip)(PORT=1521))(LOAD_BALANCE=yes)(FAILOVER=YES)(CONNECT_DATA=(SERVER=DEDICATED)(SERVICE_NAME=racdb)(FAILOVER_MODE=(TYPE=SELECT)(METHOD=BASIC))(CID=(PROGRAM=C:\PROJETOSCM5\Bin\CFINAN.exe)(HOST=WSSP3649)(USER=bruno.santos))))

  VERSION INFORMATION:
	TNS for 32-bit Windows: Version 9.2.0.1.0 - Production
	Windows NT TCP/IP NT Protocol Adapter for 32-bit Windows: Version 9.2.0.1.0 - Production
  Time: 04-JUL-2012 16:37:51
  Tracing not turned on.
  Tns error struct:
    nr err code: 0
    ns main err code: 12545
    TNS-12545: Connect failed because target host or object does not exist
    ns secondary err code: 12560
    nt main err code: 515
    TNS-00515: Connect failed because target host or object does not exist
    nt secondary err code: 1001
    nt OS err code: 0


***********************************************************************
Fatal NI connect error 12545, connecting to:
 (DESCRIPTION=(ADDRESS=(PROTOCOL=TCP)(HOST=secundus-vip)(PORT=1521))(LOAD_BALANCE=yes)(FAILOVER=YES)(CONNECT_DATA=(SERVER=DEDICATED)(SERVICE_NAME=racdb)(FAILOVER_MODE=(TYPE=SELECT)(METHOD=BASIC))(CID=(PROGRAM=C:\PROJETOSCM5\Bin\CFINAN.exe)(HOST=WSSP3649)(USER=bruno.santos))))

  VERSION INFORMATION:
	TNS for 32-bit Windows: Version 9.2.0.1.0 - Production
	Windows NT TCP/IP NT Protocol Adapter for 32-bit Windows: Version 9.2.0.1.0 - Production
  Time: 04-JUL-2012 16:37:55
  Tracing not turned on.
  Tns error struct:
    nr err code: 0
    ns main err code: 12545
    TNS-12545: Connect failed because target host or object does not exist
    ns secondary err code: 12560
    nt main err code: 515
    TNS-00515: Connect failed because target host or object does not exist
    nt secondary err code: 1001
    nt OS err code: 0


***********************************************************************
Fatal NI connect error 12545, connecting to:
 (DESCRIPTION=(ADDRESS=(PROTOCOL=TCP)(HOST=primus-vip)(PORT=1521))(LOAD_BALANCE=yes)(FAILOVER=YES)(CONNECT_DATA=(SERVER=DEDICATED)(SERVICE_NAME=racdb)(FAILOVER_MODE=(TYPE=SELECT)(METHOD=BASIC))(CID=(PROGRAM=C:\PROJETOSCM5\Bin\ModFol.exe)(HOST=WSSP3649)(USER=bruno.santos))))

  VERSION INFORMATION:
	TNS for 32-bit Windows: Version 9.2.0.1.0 - Production
	Windows NT TCP/IP NT Protocol Adapter for 32-bit Windows: Version 9.2.0.1.0 - Production
  Time: 10-JUL-2012 10:58:55
  Tracing not turned on.
  Tns error struct:
    nr err code: 0
    ns main err code: 12545
    TNS-12545: Connect failed because target host or object does not exist
    ns secondary err code: 12560
    nt main err code: 515
    TNS-00515: Connect failed because target host or object does not exist
    nt secondary err code: 1001
    nt OS err code: 0


***********************************************************************
Fatal NI connect error 12545, connecting to:
 (DESCRIPTION=(ADDRESS=(PROTOCOL=TCP)(HOST=secundus-vip)(PORT=1521))(LOAD_BALANCE=yes)(FAILOVER=YES)(CONNECT_DATA=(SERVER=DEDICATED)(SERVICE_NAME=racdb)(FAILOVER_MODE=(TYPE=SELECT)(METHOD=BASIC))(CID=(PROGRAM=C:\PROJETOSCM5\Bin\ModFol.exe)(HOST=WSSP3649)(USER=bruno.santos))))

  VERSION INFORMATION:
	TNS for 32-bit Windows: Version 9.2.0.1.0 - Production
	Windows NT TCP/IP NT Protocol Adapter for 32-bit Windows: Version 9.2.0.1.0 - Production
  Time: 10-JUL-2012 10:59:00
  Tracing not turned on.
  Tns error struct:
    nr err code: 0
    ns main err code: 12545
    TNS-12545: Connect failed because target host or object does not exist
    ns secondary err code: 12560
    nt main err code: 515
    TNS-00515: Connect failed because target host or object does not exist
    nt secondary err code: 1001
    nt OS err code: 0


***********************************************************************
Fatal NI connect error 12545, connecting to:
 (DESCRIPTION=(ADDRESS=(PROTOCOL=TCP)(HOST=primus-vip)(PORT=1521))(LOAD_BALANCE=yes)(FAILOVER=YES)(CONNECT_DATA=(SERVER=DEDICATED)(SERVICE_NAME=racdb)(FAILOVER_MODE=(TYPE=SELECT)(METHOD=BASIC))(CID=(PROGRAM=C:\PROJETOSCM5\Bin\ModFol.exe)(HOST=WSSP3649)(USER=bruno.santos))))

  VERSION INFORMATION:
	TNS for 32-bit Windows: Version 9.2.0.1.0 - Production
	Windows NT TCP/IP NT Protocol Adapter for 32-bit Windows: Version 9.2.0.1.0 - Production
  Time: 10-JUL-2012 10:59:04
  Tracing not turned on.
  Tns error struct:
    nr err code: 0
    ns main err code: 12545
    TNS-12545: Connect failed because target host or object does not exist
    ns secondary err code: 12560
    nt main err code: 515
    TNS-00515: Connect failed because target host or object does not exist
    nt secondary err code: 1001
    nt OS err code: 0


***********************************************************************
Fatal NI connect error 12545, connecting to:
 (DESCRIPTION=(ADDRESS=(PROTOCOL=TCP)(HOST=primus-vip)(PORT=1521))(LOAD_BALANCE=yes)(FAILOVER=YES)(CONNECT_DATA=(SERVER=DEDICATED)(SERVICE_NAME=racdb)(FAILOVER_MODE=(TYPE=SELECT)(METHOD=BASIC))(CID=(PROGRAM=C:\PROJETOSCM5\Bin\ModFol.exe)(HOST=WSSP3649)(USER=bruno.santos))))

  VERSION INFORMATION:
	TNS for 32-bit Windows: Version 9.2.0.1.0 - Production
	Windows NT TCP/IP NT Protocol Adapter for 32-bit Windows: Version 9.2.0.1.0 - Production
  Time: 10-JUL-2012 10:59:11
  Tracing not turned on.
  Tns error struct:
    nr err code: 0
    ns main err code: 12545
    TNS-12545: Connect failed because target host or object does not exist
    ns secondary err code: 12560
    nt main err code: 515
    TNS-00515: Connect failed because target host or object does not exist
    nt secondary err code: 1001
    nt OS err code: 0


***********************************************************************
Fatal NI connect error 12545, connecting to:
 (DESCRIPTION=(ADDRESS=(PROTOCOL=TCP)(HOST=primus-vip)(PORT=1521))(LOAD_BALANCE=yes)(FAILOVER=YES)(CONNECT_DATA=(SERVER=DEDICATED)(SERVICE_NAME=racdb)(FAILOVER_MODE=(TYPE=SELECT)(METHOD=BASIC))(CID=(PROGRAM=C:\PROJETOSCM5\Bin\ModFol.exe)(HOST=WSSP3649)(USER=bruno.santos))))

  VERSION INFORMATION:
	TNS for 32-bit Windows: Version 9.2.0.1.0 - Production
	Windows NT TCP/IP NT Protocol Adapter for 32-bit Windows: Version 9.2.0.1.0 - Production
  Time: 10-JUL-2012 10:59:15
  Tracing not turned on.
  Tns error struct:
    nr err code: 0
    ns main err code: 12545
    TNS-12545: Connect failed because target host or object does not exist
    ns secondary err code: 12560
    nt main err code: 515
    TNS-00515: Connect failed because target host or object does not exist
    nt secondary err code: 1001
    nt OS err code: 0


***********************************************************************
Fatal NI connect error 12545, connecting to:
 (DESCRIPTION=(ADDRESS=(PROTOCOL=TCP)(HOST=secundus-vip)(PORT=1521))(LOAD_BALANCE=yes)(FAILOVER=YES)(CONNECT_DATA=(SERVER=DEDICATED)(SERVICE_NAME=racdb)(FAILOVER_MODE=(TYPE=SELECT)(METHOD=BASIC))(CID=(PROGRAM=C:\PROJETOSCM5\Bin\ModFol.exe)(HOST=WSSP3649)(USER=bruno.santos))))

  VERSION INFORMATION:
	TNS for 32-bit Windows: Version 9.2.0.1.0 - Production
	Windows NT TCP/IP NT Protocol Adapter for 32-bit Windows: Version 9.2.0.1.0 - Production
  Time: 10-JUL-2012 10:59:21
  Tracing not turned on.
  Tns error struct:
    nr err code: 0
    ns main err code: 12545
    TNS-12545: Connect failed because target host or object does not exist
    ns secondary err code: 12560
    nt main err code: 515
    TNS-00515: Connect failed because target host or object does not exist
    nt secondary err code: 1001
    nt OS err code: 0


***********************************************************************
Fatal NI connect error 12545, connecting to:
 (DESCRIPTION=(ADDRESS=(PROTOCOL=TCP)(HOST=secundus-vip)(PORT=1521))(LOAD_BALANCE=yes)(FAILOVER=YES)(CONNECT_DATA=(SERVER=DEDICATED)(SERVICE_NAME=racdb)(FAILOVER_MODE=(TYPE=SELECT)(METHOD=BASIC))(CID=(PROGRAM=C:\PROJETOSCM5\Bin\ModFol.exe)(HOST=WSSP3649)(USER=bruno.santos))))

  VERSION INFORMATION:
	TNS for 32-bit Windows: Version 9.2.0.1.0 - Production
	Windows NT TCP/IP NT Protocol Adapter for 32-bit Windows: Version 9.2.0.1.0 - Production
  Time: 10-JUL-2012 10:59:25
  Tracing not turned on.
  Tns error struct:
    nr err code: 0
    ns main err code: 12545
    TNS-12545: Connect failed because target host or object does not exist
    ns secondary err code: 12560
    nt main err code: 515
    TNS-00515: Connect failed because target host or object does not exist
    nt secondary err code: 1001
    nt OS err code: 0


***********************************************************************
Fatal NI connect error 12545, connecting to:
 (DESCRIPTION=(ADDRESS=(PROTOCOL=TCP)(HOST=secundus-vip)(PORT=1521))(LOAD_BALANCE=yes)(FAILOVER=YES)(CONNECT_DATA=(SERVER=DEDICATED)(SERVICE_NAME=racdb)(FAILOVER_MODE=(TYPE=SELECT)(METHOD=BASIC))(CID=(PROGRAM=C:\PROJETOSCM5\Bin\CadastroPrev.exe)(HOST=WSSP3649)(USER=jonas.oliveira))))

  VERSION INFORMATION:
	TNS for 32-bit Windows: Version 9.2.0.1.0 - Production
	Windows NT TCP/IP NT Protocol Adapter for 32-bit Windows: Version 9.2.0.1.0 - Production
  Time: 20-JUL-2012 19:06:22
  Tracing not turned on.
  Tns error struct:
    nr err code: 0
    ns main err code: 12545
    TNS-12545: Connect failed because target host or object does not exist
    ns secondary err code: 12560
    nt main err code: 515
    TNS-00515: Connect failed because target host or object does not exist
    nt secondary err code: 1001
    nt OS err code: 0


***********************************************************************
Fatal NI connect error 12545, connecting to:
 (DESCRIPTION=(ADDRESS=(PROTOCOL=TCP)(HOST=secundus-vip)(PORT=1521))(LOAD_BALANCE=yes)(FAILOVER=YES)(CONNECT_DATA=(SERVER=DEDICATED)(SERVICE_NAME=racdb)(FAILOVER_MODE=(TYPE=SELECT)(METHOD=BASIC))(CID=(PROGRAM=C:\PROJETOSCM5\Bin\CadastroPrev.exe)(HOST=WSSP3649)(USER=jonas.oliveira))))

  VERSION INFORMATION:
	TNS for 32-bit Windows: Version 9.2.0.1.0 - Production
	Windows NT TCP/IP NT Protocol Adapter for 32-bit Windows: Version 9.2.0.1.0 - Production
  Time: 20-JUL-2012 19:06:27
  Tracing not turned on.
  Tns error struct:
    nr err code: 0
    ns main err code: 12545
    TNS-12545: Connect failed because target host or object does not exist
    ns secondary err code: 12560
    nt main err code: 515
    TNS-00515: Connect failed because target host or object does not exist
    nt secondary err code: 1001
    nt OS err code: 0


***********************************************************************
Fatal NI connect error 12545, connecting to:
 (DESCRIPTION=(ADDRESS=(PROTOCOL=TCP)(HOST=primus-vip)(PORT=1521))(LOAD_BALANCE=yes)(FAILOVER=YES)(CONNECT_DATA=(SERVER=DEDICATED)(SERVICE_NAME=racdb)(FAILOVER_MODE=(TYPE=SELECT)(METHOD=BASIC))(CID=(PROGRAM=C:\PROJETOSCM5\Bin\CadastroPrev.exe)(HOST=WSSP3649)(USER=jonas.oliveira))))

  VERSION INFORMATION:
	TNS for 32-bit Windows: Version 9.2.0.1.0 - Production
	Windows NT TCP/IP NT Protocol Adapter for 32-bit Windows: Version 9.2.0.1.0 - Production
  Time: 20-JUL-2012 19:06:31
  Tracing not turned on.
  Tns error struct:
    nr err code: 0
    ns main err code: 12545
    TNS-12545: Connect failed because target host or object does not exist
    ns secondary err code: 12560
    nt main err code: 515
    TNS-00515: Connect failed because target host or object does not exist
    nt secondary err code: 1001
    nt OS err code: 0


***********************************************************************
Fatal NI connect error 12545, connecting to:
 (DESCRIPTION=(ADDRESS=(PROTOCOL=TCP)(HOST=primus-vip)(PORT=1521))(LOAD_BALANCE=yes)(FAILOVER=YES)(CONNECT_DATA=(SERVER=DEDICATED)(SERVICE_NAME=racdb)(FAILOVER_MODE=(TYPE=SELECT)(METHOD=BASIC))(CID=(PROGRAM=C:\PROJETOSCM5\Bin\CadastroPrev.exe)(HOST=WSSP3649)(USER=jonas.oliveira))))

  VERSION INFORMATION:
	TNS for 32-bit Windows: Version 9.2.0.1.0 - Production
	Windows NT TCP/IP NT Protocol Adapter for 32-bit Windows: Version 9.2.0.1.0 - Production
  Time: 20-JUL-2012 19:06:38
  Tracing not turned on.
  Tns error struct:
    nr err code: 0
    ns main err code: 12545
    TNS-12545: Connect failed because target host or object does not exist
    ns secondary err code: 12560
    nt main err code: 515
    TNS-00515: Connect failed because target host or object does not exist
    nt secondary err code: 1001
    nt OS err code: 0


***********************************************************************
Fatal NI connect error 12545, connecting to:
 (DESCRIPTION=(ADDRESS=(PROTOCOL=TCP)(HOST=secundus-vip)(PORT=1521))(LOAD_BALANCE=yes)(FAILOVER=YES)(CONNECT_DATA=(SERVER=DEDICATED)(SERVICE_NAME=racdb)(FAILOVER_MODE=(TYPE=SELECT)(METHOD=BASIC))(CID=(PROGRAM=C:\PROJETOSCM5\Bin\CadastroPrev.exe)(HOST=WSSP3649)(USER=jonas.oliveira))))

  VERSION INFORMATION:
	TNS for 32-bit Windows: Version 9.2.0.1.0 - Production
	Windows NT TCP/IP NT Protocol Adapter for 32-bit Windows: Version 9.2.0.1.0 - Production
  Time: 20-JUL-2012 19:06:42
  Tracing not turned on.
  Tns error struct:
    nr err code: 0
    ns main err code: 12545
    TNS-12545: Connect failed because target host or object does not exist
    ns secondary err code: 12560
    nt main err code: 515
    TNS-00515: Connect failed because target host or object does not exist
    nt secondary err code: 1001
    nt OS err code: 0


***********************************************************************
Fatal NI connect error 12545, connecting to:
 (DESCRIPTION=(ADDRESS=(PROTOCOL=TCP)(HOST=secundus-vip)(PORT=1521))(LOAD_BALANCE=yes)(FAILOVER=YES)(CONNECT_DATA=(SERVER=DEDICATED)(SERVICE_NAME=racdb)(FAILOVER_MODE=(TYPE=SELECT)(METHOD=BASIC))(CID=(PROGRAM=C:\PROJETOSCM5\Bin\CadastroPrev.exe)(HOST=WSSP3649)(USER=jonas.oliveira))))

  VERSION INFORMATION:
	TNS for 32-bit Windows: Version 9.2.0.1.0 - Production
	Windows NT TCP/IP NT Protocol Adapter for 32-bit Windows: Version 9.2.0.1.0 - Production
  Time: 20-JUL-2012 19:06:48
  Tracing not turned on.
  Tns error struct:
    nr err code: 0
    ns main err code: 12545
    TNS-12545: Connect failed because target host or object does not exist
    ns secondary err code: 12560
    nt main err code: 515
    TNS-00515: Connect failed because target host or object does not exist
    nt secondary err code: 1001
    nt OS err code: 0


***********************************************************************
Fatal NI connect error 12545, connecting to:
 (DESCRIPTION=(ADDRESS=(PROTOCOL=TCP)(HOST=primus-vip)(PORT=1521))(LOAD_BALANCE=yes)(FAILOVER=YES)(CONNECT_DATA=(SERVER=DEDICATED)(SERVICE_NAME=racdb)(FAILOVER_MODE=(TYPE=SELECT)(METHOD=BASIC))(CID=(PROGRAM=C:\PROJETOSCM5\Bin\CadastroPrev.exe)(HOST=WSSP3649)(USER=jonas.oliveira))))

  VERSION INFORMATION:
	TNS for 32-bit Windows: Version 9.2.0.1.0 - Production
	Windows NT TCP/IP NT Protocol Adapter for 32-bit Windows: Version 9.2.0.1.0 - Production
  Time: 20-JUL-2012 19:07:03
  Tracing not turned on.
  Tns error struct:
    nr err code: 0
    ns main err code: 12545
    TNS-12545: Connect failed because target host or object does not exist
    ns secondary err code: 12560
    nt main err code: 515
    TNS-00515: Connect failed because target host or object does not exist
    nt secondary err code: 1001
    nt OS err code: 0


***********************************************************************
Fatal NI connect error 12545, connecting to:
 (DESCRIPTION=(ADDRESS=(PROTOCOL=TCP)(HOST=primus-vip)(PORT=1521))(LOAD_BALANCE=yes)(FAILOVER=YES)(CONNECT_DATA=(SERVER=DEDICATED)(SERVICE_NAME=racdb)(FAILOVER_MODE=(TYPE=SELECT)(METHOD=BASIC))(CID=(PROGRAM=C:\PROJETOSCM5\Bin\CadastroPrev.exe)(HOST=WSSP3649)(USER=jonas.oliveira))))

  VERSION INFORMATION:
	TNS for 32-bit Windows: Version 9.2.0.1.0 - Production
	Windows NT TCP/IP NT Protocol Adapter for 32-bit Windows: Version 9.2.0.1.0 - Production
  Time: 20-JUL-2012 19:07:08
  Tracing not turned on.
  Tns error struct:
    nr err code: 0
    ns main err code: 12545
    TNS-12545: Connect failed because target host or object does not exist
    ns secondary err code: 12560
    nt main err code: 515
    TNS-00515: Connect failed because target host or object does not exist
    nt secondary err code: 1001
    nt OS err code: 0


***********************************************************************
Fatal NI connect error 12545, connecting to:
 (DESCRIPTION=(ADDRESS=(PROTOCOL=TCP)(HOST=primus-vip)(PORT=1521))(LOAD_BALANCE=yes)(FAILOVER=YES)(CONNECT_DATA=(SERVER=DEDICATED)(SERVICE_NAME=racdb)(FAILOVER_MODE=(TYPE=SELECT)(METHOD=BASIC))(CID=(PROGRAM=C:\PROJETOSCM5\Bin\CadastroPrev.exe)(HOST=WSSP3649)(USER=jonas.oliveira))))

  VERSION INFORMATION:
	TNS for 32-bit Windows: Version 9.2.0.1.0 - Production
	Windows NT TCP/IP NT Protocol Adapter for 32-bit Windows: Version 9.2.0.1.0 - Production
  Time: 20-JUL-2012 19:07:12
  Tracing not turned on.
  Tns error struct:
    nr err code: 0
    ns main err code: 12545
    TNS-12545: Connect failed because target host or object does not exist
    ns secondary err code: 12560
    nt main err code: 515
    TNS-00515: Connect failed because target host or object does not exist
    nt secondary err code: 1001
    nt OS err code: 0


***********************************************************************
Fatal NI connect error 12545, connecting to:
 (DESCRIPTION=(ADDRESS=(PROTOCOL=TCP)(HOST=primus-vip)(PORT=1521))(LOAD_BALANCE=yes)(FAILOVER=YES)(CONNECT_DATA=(SERVER=DEDICATED)(SERVICE_NAME=racdb)(FAILOVER_MODE=(TYPE=SELECT)(METHOD=BASIC))(CID=(PROGRAM=C:\PROJETOSCM5\Bin\CadastroPrev.exe)(HOST=WSSP3649)(USER=jonas.oliveira))))

  VERSION INFORMATION:
	TNS for 32-bit Windows: Version 9.2.0.1.0 - Production
	Windows NT TCP/IP NT Protocol Adapter for 32-bit Windows: Version 9.2.0.1.0 - Production
  Time: 20-JUL-2012 19:07:20
  Tracing not turned on.
  Tns error struct:
    nr err code: 0
    ns main err code: 12545
    TNS-12545: Connect failed because target host or object does not exist
    ns secondary err code: 12560
    nt main err code: 515
    TNS-00515: Connect failed because target host or object does not exist
    nt secondary err code: 1001
    nt OS err code: 0


***********************************************************************
Fatal NI connect error 12545, connecting to:
 (DESCRIPTION=(ADDRESS=(PROTOCOL=TCP)(HOST=primus-vip)(PORT=1521))(LOAD_BALANCE=yes)(FAILOVER=YES)(CONNECT_DATA=(SERVER=DEDICATED)(SERVICE_NAME=racdb)(FAILOVER_MODE=(TYPE=SELECT)(METHOD=BASIC))(CID=(PROGRAM=C:\PROJETOSCM5\Bin\CadastroPrev.exe)(HOST=WSSP3649)(USER=jonas.oliveira))))

  VERSION INFORMATION:
	TNS for 32-bit Windows: Version 9.2.0.1.0 - Production
	Windows NT TCP/IP NT Protocol Adapter for 32-bit Windows: Version 9.2.0.1.0 - Production
  Time: 20-JUL-2012 19:07:24
  Tracing not turned on.
  Tns error struct:
    nr err code: 0
    ns main err code: 12545
    TNS-12545: Connect failed because target host or object does not exist
    ns secondary err code: 12560
    nt main err code: 515
    TNS-00515: Connect failed because target host or object does not exist
    nt secondary err code: 1001
    nt OS err code: 0


***********************************************************************
Fatal NI connect error 12545, connecting to:
 (DESCRIPTION=(ADDRESS=(PROTOCOL=TCP)(HOST=secundus-vip)(PORT=1521))(LOAD_BALANCE=yes)(FAILOVER=YES)(CONNECT_DATA=(SERVER=DEDICATED)(SERVICE_NAME=racdb)(FAILOVER_MODE=(TYPE=SELECT)(METHOD=BASIC))(CID=(PROGRAM=C:\PROJETOSCM5\Bin\CadastroPrev.exe)(HOST=WSSP3649)(USER=jonas.oliveira))))

  VERSION INFORMATION:
	TNS for 32-bit Windows: Version 9.2.0.1.0 - Production
	Windows NT TCP/IP NT Protocol Adapter for 32-bit Windows: Version 9.2.0.1.0 - Production
  Time: 20-JUL-2012 19:07:30
  Tracing not turned on.
  Tns error struct:
    nr err code: 0
    ns main err code: 12545
    TNS-12545: Connect failed because target host or object does not exist
    ns secondary err code: 12560
    nt main err code: 515
    TNS-00515: Connect failed because target host or object does not exist
    nt secondary err code: 1001
    nt OS err code: 0


***********************************************************************
Fatal NI connect error 12545, connecting to:
 (DESCRIPTION=(ADDRESS=(PROTOCOL=TCP)(HOST=secundus-vip)(PORT=1521))(LOAD_BALANCE=yes)(FAILOVER=YES)(CONNECT_DATA=(SERVER=DEDICATED)(SERVICE_NAME=racdb)(FAILOVER_MODE=(TYPE=SELECT)(METHOD=BASIC))(CID=(PROGRAM=C:\PROJETOSCM5\Bin\BeneficioPrev.exe)(HOST=WSSP3649)(USER=jonas.oliveira))))

  VERSION INFORMATION:
	TNS for 32-bit Windows: Version 9.2.0.1.0 - Production
	Windows NT TCP/IP NT Protocol Adapter for 32-bit Windows: Version 9.2.0.1.0 - Production
  Time: 20-JUL-2012 19:07:43
  Tracing not turned on.
  Tns error struct:
    nr err code: 0
    ns main err code: 12545
    TNS-12545: Connect failed because target host or object does not exist
    ns secondary err code: 12560
    nt main err code: 515
    TNS-00515: Connect failed because target host or object does not exist
    nt secondary err code: 1001
    nt OS err code: 0


***********************************************************************
Fatal NI connect error 12545, connecting to:
 (DESCRIPTION=(ADDRESS=(PROTOCOL=TCP)(HOST=primus-vip)(PORT=1521))(LOAD_BALANCE=yes)(FAILOVER=YES)(CONNECT_DATA=(SERVER=DEDICATED)(SERVICE_NAME=racdb)(FAILOVER_MODE=(TYPE=SELECT)(METHOD=BASIC))(CID=(PROGRAM=C:\PROJETOSCM5\Bin\BeneficioPrev.exe)(HOST=WSSP3649)(USER=jonas.oliveira))))

  VERSION INFORMATION:
	TNS for 32-bit Windows: Version 9.2.0.1.0 - Production
	Windows NT TCP/IP NT Protocol Adapter for 32-bit Windows: Version 9.2.0.1.0 - Production
  Time: 20-JUL-2012 19:07:48
  Tracing not turned on.
  Tns error struct:
    nr err code: 0
    ns main err code: 12545
    TNS-12545: Connect failed because target host or object does not exist
    ns secondary err code: 12560
    nt main err code: 515
    TNS-00515: Connect failed because target host or object does not exist
    nt secondary err code: 1001
    nt OS err code: 0


***********************************************************************
Fatal NI connect error 12545, connecting to:
 (DESCRIPTION=(ADDRESS=(PROTOCOL=TCP)(HOST=primus-vip)(PORT=1521))(LOAD_BALANCE=yes)(FAILOVER=YES)(CONNECT_DATA=(SERVER=DEDICATED)(SERVICE_NAME=racdb)(FAILOVER_MODE=(TYPE=SELECT)(METHOD=BASIC))(CID=(PROGRAM=C:\PROJETOSCM5\Bin\BeneficioPrev.exe)(HOST=WSSP3649)(USER=jonas.oliveira))))

  VERSION INFORMATION:
	TNS for 32-bit Windows: Version 9.2.0.1.0 - Production
	Windows NT TCP/IP NT Protocol Adapter for 32-bit Windows: Version 9.2.0.1.0 - Production
  Time: 20-JUL-2012 19:07:52
  Tracing not turned on.
  Tns error struct:
    nr err code: 0
    ns main err code: 12545
    TNS-12545: Connect failed because target host or object does not exist
    ns secondary err code: 12560
    nt main err code: 515
    TNS-00515: Connect failed because target host or object does not exist
    nt secondary err code: 1001
    nt OS err code: 0


***********************************************************************
Fatal NI connect error 12545, connecting to:
 (DESCRIPTION=(ADDRESS=(PROTOCOL=TCP)(HOST=primus-vip)(PORT=1521))(LOAD_BALANCE=yes)(FAILOVER=YES)(CONNECT_DATA=(SERVER=DEDICATED)(SERVICE_NAME=racdb)(FAILOVER_MODE=(TYPE=SELECT)(METHOD=BASIC))(CID=(PROGRAM=C:\PROJETOSCM5\Bin\BeneficioPrev.exe)(HOST=WSSP3649)(USER=jonas.oliveira))))

  VERSION INFORMATION:
	TNS for 32-bit Windows: Version 9.2.0.1.0 - Production
	Windows NT TCP/IP NT Protocol Adapter for 32-bit Windows: Version 9.2.0.1.0 - Production
  Time: 20-JUL-2012 19:07:58
  Tracing not turned on.
  Tns error struct:
    nr err code: 0
    ns main err code: 12545
    TNS-12545: Connect failed because target host or object does not exist
    ns secondary err code: 12560
    nt main err code: 515
    TNS-00515: Connect failed because target host or object does not exist
    nt secondary err code: 1001
    nt OS err code: 0


***********************************************************************
Fatal NI connect error 12545, connecting to:
 (DESCRIPTION=(ADDRESS=(PROTOCOL=TCP)(HOST=secundus-vip)(PORT=1521))(LOAD_BALANCE=yes)(FAILOVER=YES)(CONNECT_DATA=(SERVER=DEDICATED)(SERVICE_NAME=racdb)(FAILOVER_MODE=(TYPE=SELECT)(METHOD=BASIC))(CID=(PROGRAM=C:\PROJETOSCM5\Bin\BeneficioPrev.exe)(HOST=WSSP3649)(USER=jonas.oliveira))))

  VERSION INFORMATION:
	TNS for 32-bit Windows: Version 9.2.0.1.0 - Production
	Windows NT TCP/IP NT Protocol Adapter for 32-bit Windows: Version 9.2.0.1.0 - Production
  Time: 20-JUL-2012 19:08:03
  Tracing not turned on.
  Tns error struct:
    nr err code: 0
    ns main err code: 12545
    TNS-12545: Connect failed because target host or object does not exist
    ns secondary err code: 12560
    nt main err code: 515
    TNS-00515: Connect failed because target host or object does not exist
    nt secondary err code: 1001
    nt OS err code: 0


***********************************************************************
Fatal NI connect error 12545, connecting to:
 (DESCRIPTION=(ADDRESS=(PROTOCOL=TCP)(HOST=primus-vip)(PORT=1521))(LOAD_BALANCE=yes)(FAILOVER=YES)(CONNECT_DATA=(SERVER=DEDICATED)(SERVICE_NAME=racdb)(FAILOVER_MODE=(TYPE=SELECT)(METHOD=BASIC))(CID=(PROGRAM=C:\PROJETOSCM5\Bin\CadastroPrev.exe)(HOST=WSSP3649)(USER=jonas.oliveira))))

  VERSION INFORMATION:
	TNS for 32-bit Windows: Version 9.2.0.1.0 - Production
	Windows NT TCP/IP NT Protocol Adapter for 32-bit Windows: Version 9.2.0.1.0 - Production
  Time: 20-JUL-2012 19:08:34
  Tracing not turned on.
  Tns error struct:
    nr err code: 0
    ns main err code: 12545
    TNS-12545: Connect failed because target host or object does not exist
    ns secondary err code: 12560
    nt main err code: 515
    TNS-00515: Connect failed because target host or object does not exist
    nt secondary err code: 1001
    nt OS err code: 0


***********************************************************************
Fatal NI connect error 12545, connecting to:
 (DESCRIPTION=(ADDRESS=(PROTOCOL=TCP)(HOST=secundus-vip)(PORT=1521))(LOAD_BALANCE=yes)(FAILOVER=YES)(CONNECT_DATA=(SERVER=DEDICATED)(SERVICE_NAME=racdb)(FAILOVER_MODE=(TYPE=SELECT)(METHOD=BASIC))(CID=(PROGRAM=C:\PROJETOSCM5\Bin\CadastroPrev.exe)(HOST=WSSP3649)(USER=jonas.oliveira))))

  VERSION INFORMATION:
	TNS for 32-bit Windows: Version 9.2.0.1.0 - Production
	Windows NT TCP/IP NT Protocol Adapter for 32-bit Windows: Version 9.2.0.1.0 - Production
  Time: 20-JUL-2012 19:08:39
  Tracing not turned on.
  Tns error struct:
    nr err code: 0
    ns main err code: 12545
    TNS-12545: Connect failed because target host or object does not exist
    ns secondary err code: 12560
    nt main err code: 515
    TNS-00515: Connect failed because target host or object does not exist
    nt secondary err code: 1001
    nt OS err code: 0


***********************************************************************
Fatal NI connect error 12545, connecting to:
 (DESCRIPTION=(ADDRESS=(PROTOCOL=TCP)(HOST=primus-vip)(PORT=1521))(LOAD_BALANCE=yes)(FAILOVER=YES)(CONNECT_DATA=(SERVER=DEDICATED)(SERVICE_NAME=racdb)(FAILOVER_MODE=(TYPE=SELECT)(METHOD=BASIC))(CID=(PROGRAM=C:\PROJETOSCM5\Bin\CadastroPrev.exe)(HOST=WSSP3649)(USER=jonas.oliveira))))

  VERSION INFORMATION:
	TNS for 32-bit Windows: Version 9.2.0.1.0 - Production
	Windows NT TCP/IP NT Protocol Adapter for 32-bit Windows: Version 9.2.0.1.0 - Production
  Time: 20-JUL-2012 19:08:43
  Tracing not turned on.
  Tns error struct:
    nr err code: 0
    ns main err code: 12545
    TNS-12545: Connect failed because target host or object does not exist
    ns secondary err code: 12560
    nt main err code: 515
    TNS-00515: Connect failed because target host or object does not exist
    nt secondary err code: 1001
    nt OS err code: 0


***********************************************************************
Fatal NI connect error 12545, connecting to:
 (DESCRIPTION=(ADDRESS=(PROTOCOL=TCP)(HOST=secundus-vip)(PORT=1521))(LOAD_BALANCE=yes)(FAILOVER=YES)(CONNECT_DATA=(SERVER=DEDICATED)(SERVICE_NAME=racdb)(FAILOVER_MODE=(TYPE=SELECT)(METHOD=BASIC))(CID=(PROGRAM=C:\PROJETOSCM5\Bin\CadastroPrev.exe)(HOST=WSSP3649)(USER=jonas.oliveira))))

  VERSION INFORMATION:
	TNS for 32-bit Windows: Version 9.2.0.1.0 - Production
	Windows NT TCP/IP NT Protocol Adapter for 32-bit Windows: Version 9.2.0.1.0 - Production
  Time: 20-JUL-2012 19:08:49
  Tracing not turned on.
  Tns error struct:
    nr err code: 0
    ns main err code: 12545
    TNS-12545: Connect failed because target host or object does not exist
    ns secondary err code: 12560
    nt main err code: 515
    TNS-00515: Connect failed because target host or object does not exist
    nt secondary err code: 1001
    nt OS err code: 0


***********************************************************************
Fatal NI connect error 12545, connecting to:
 (DESCRIPTION=(ADDRESS=(PROTOCOL=TCP)(HOST=primus-vip)(PORT=1521))(LOAD_BALANCE=yes)(FAILOVER=YES)(CONNECT_DATA=(SERVER=DEDICATED)(SERVICE_NAME=racdb)(FAILOVER_MODE=(TYPE=SELECT)(METHOD=BASIC))(CID=(PROGRAM=C:\PROJETOSCM5\Bin\CadastroPrev.exe)(HOST=WSSP3649)(USER=jonas.oliveira))))

  VERSION INFORMATION:
	TNS for 32-bit Windows: Version 9.2.0.1.0 - Production
	Windows NT TCP/IP NT Protocol Adapter for 32-bit Windows: Version 9.2.0.1.0 - Production
  Time: 20-JUL-2012 19:08:53
  Tracing not turned on.
  Tns error struct:
    nr err code: 0
    ns main err code: 12545
    TNS-12545: Connect failed because target host or object does not exist
    ns secondary err code: 12560
    nt main err code: 515
    TNS-00515: Connect failed because target host or object does not exist
    nt secondary err code: 1001
    nt OS err code: 0


***********************************************************************
Fatal NI connect error 12545, connecting to:
 (DESCRIPTION=(ADDRESS=(PROTOCOL=TCP)(HOST=secundus-vip)(PORT=1521))(LOAD_BALANCE=yes)(FAILOVER=YES)(CONNECT_DATA=(SERVER=DEDICATED)(SERVICE_NAME=racdb)(FAILOVER_MODE=(TYPE=SELECT)(METHOD=BASIC))(CID=(PROGRAM=C:\PROJETOSCM5\Bin\CadastroPrev.exe)(HOST=WSSP3649)(USER=jonas.oliveira))))

  VERSION INFORMATION:
	TNS for 32-bit Windows: Version 9.2.0.1.0 - Production
	Windows NT TCP/IP NT Protocol Adapter for 32-bit Windows: Version 9.2.0.1.0 - Production
  Time: 20-JUL-2012 19:08:59
  Tracing not turned on.
  Tns error struct:
    nr err code: 0
    ns main err code: 12545
    TNS-12545: Connect failed because target host or object does not exist
    ns secondary err code: 12560
    nt main err code: 515
    TNS-00515: Connect failed because target host or object does not exist
    nt secondary err code: 1001
    nt OS err code: 0


***********************************************************************
Fatal NI connect error 12545, connecting to:
 (DESCRIPTION=(ADDRESS=(PROTOCOL=TCP)(HOST=primus-vip)(PORT=1521))(LOAD_BALANCE=yes)(FAILOVER=YES)(CONNECT_DATA=(SERVER=DEDICATED)(SERVICE_NAME=racdb)(FAILOVER_MODE=(TYPE=SELECT)(METHOD=BASIC))(CID=(PROGRAM=C:\PROJETOSCM5\Bin\RelatoriosCm.exe)(HOST=WSSP3649)(USER=monica.gonzaga))))

  VERSION INFORMATION:
	TNS for 32-bit Windows: Version 9.2.0.1.0 - Production
	Windows NT TCP/IP NT Protocol Adapter for 32-bit Windows: Version 9.2.0.1.0 - Production
  Time: 06-AGO-2012 09:52:43
  Tracing not turned on.
  Tns error struct:
    nr err code: 0
    ns main err code: 12545
    TNS-12545: Connect failed because target host or object does not exist
    ns secondary err code: 12560
    nt main err code: 515
    TNS-00515: Connect failed because target host or object does not exist
    nt secondary err code: 1001
    nt OS err code: 0


***********************************************************************
Fatal NI connect error 12545, connecting to:
 (DESCRIPTION=(ADDRESS=(PROTOCOL=TCP)(HOST=primus-vip)(PORT=1521))(LOAD_BALANCE=yes)(FAILOVER=YES)(CONNECT_DATA=(SERVER=DEDICATED)(SERVICE_NAME=racdb)(FAILOVER_MODE=(TYPE=SELECT)(METHOD=BASIC))(CID=(PROGRAM=C:\PROJETOSCM5\Bin\RelatoriosCm.exe)(HOST=WSSP3649)(USER=monica.gonzaga))))

  VERSION INFORMATION:
	TNS for 32-bit Windows: Version 9.2.0.1.0 - Production
	Windows NT TCP/IP NT Protocol Adapter for 32-bit Windows: Version 9.2.0.1.0 - Production
  Time: 06-AGO-2012 09:52:49
  Tracing not turned on.
  Tns error struct:
    nr err code: 0
    ns main err code: 12545
    TNS-12545: Connect failed because target host or object does not exist
    ns secondary err code: 12560
    nt main err code: 515
    TNS-00515: Connect failed because target host or object does not exist
    nt secondary err code: 1001
    nt OS err code: 0


***********************************************************************
Fatal NI connect error 12545, connecting to:
 (DESCRIPTION=(ADDRESS=(PROTOCOL=TCP)(HOST=primus-vip)(PORT=1521))(LOAD_BALANCE=yes)(FAILOVER=YES)(CONNECT_DATA=(SERVER=DEDICATED)(SERVICE_NAME=racdb)(FAILOVER_MODE=(TYPE=SELECT)(METHOD=BASIC))(CID=(PROGRAM=C:\PROJETOSCM5\Bin\RelatoriosCm.exe)(HOST=WSSP3649)(USER=monica.gonzaga))))

  VERSION INFORMATION:
	TNS for 32-bit Windows: Version 9.2.0.1.0 - Production
	Windows NT TCP/IP NT Protocol Adapter for 32-bit Windows: Version 9.2.0.1.0 - Production
  Time: 06-AGO-2012 09:52:53
  Tracing not turned on.
  Tns error struct:
    nr err code: 0
    ns main err code: 12545
    TNS-12545: Connect failed because target host or object does not exist
    ns secondary err code: 12560
    nt main err code: 515
    TNS-00515: Connect failed because target host or object does not exist
    nt secondary err code: 1001
    nt OS err code: 0


***********************************************************************
Fatal NI connect error 12545, connecting to:
 (DESCRIPTION=(ADDRESS=(PROTOCOL=TCP)(HOST=primus-vip)(PORT=1521))(LOAD_BALANCE=yes)(FAILOVER=YES)(CONNECT_DATA=(SERVER=DEDICATED)(SERVICE_NAME=racdb)(FAILOVER_MODE=(TYPE=SELECT)(METHOD=BASIC))(CID=(PROGRAM=C:\PROJETOSCM5\Bin\RelatoriosCm.exe)(HOST=WSSP3649)(USER=monica.gonzaga))))

  VERSION INFORMATION:
	TNS for 32-bit Windows: Version 9.2.0.1.0 - Production
	Windows NT TCP/IP NT Protocol Adapter for 32-bit Windows: Version 9.2.0.1.0 - Production
  Time: 06-AGO-2012 09:53:01
  Tracing not turned on.
  Tns error struct:
    nr err code: 0
    ns main err code: 12545
    TNS-12545: Connect failed because target host or object does not exist
    ns secondary err code: 12560
    nt main err code: 515
    TNS-00515: Connect failed because target host or object does not exist
    nt secondary err code: 1001
    nt OS err code: 0


***********************************************************************
Fatal NI connect error 12545, connecting to:
 (DESCRIPTION=(ADDRESS=(PROTOCOL=TCP)(HOST=primus-vip)(PORT=1521))(LOAD_BALANCE=yes)(FAILOVER=YES)(CONNECT_DATA=(SERVER=DEDICATED)(SERVICE_NAME=racdb)(FAILOVER_MODE=(TYPE=SELECT)(METHOD=BASIC))(CID=(PROGRAM=C:\PROJETOSCM5\Bin\RelatoriosCm.exe)(HOST=WSSP3649)(USER=monica.gonzaga))))

  VERSION INFORMATION:
	TNS for 32-bit Windows: Version 9.2.0.1.0 - Production
	Windows NT TCP/IP NT Protocol Adapter for 32-bit Windows: Version 9.2.0.1.0 - Production
  Time: 06-AGO-2012 09:53:06
  Tracing not turned on.
  Tns error struct:
    nr err code: 0
    ns main err code: 12545
    TNS-12545: Connect failed because target host or object does not exist
    ns secondary err code: 12560
    nt main err code: 515
    TNS-00515: Connect failed because target host or object does not exist
    nt secondary err code: 1001
    nt OS err code: 0


***********************************************************************
Fatal NI connect error 12545, connecting to:
 (DESCRIPTION=(ADDRESS=(PROTOCOL=TCP)(HOST=secundus-vip)(PORT=1521))(LOAD_BALANCE=yes)(FAILOVER=YES)(CONNECT_DATA=(SERVER=DEDICATED)(SERVICE_NAME=racdb)(FAILOVER_MODE=(TYPE=SELECT)(METHOD=BASIC))(CID=(PROGRAM=C:\PROJETOSCM5\Bin\RelatoriosCm.exe)(HOST=WSSP3649)(USER=monica.gonzaga))))

  VERSION INFORMATION:
	TNS for 32-bit Windows: Version 9.2.0.1.0 - Production
	Windows NT TCP/IP NT Protocol Adapter for 32-bit Windows: Version 9.2.0.1.0 - Production
  Time: 06-AGO-2012 09:53:10
  Tracing not turned on.
  Tns error struct:
    nr err code: 0
    ns main err code: 12545
    TNS-12545: Connect failed because target host or object does not exist
    ns secondary err code: 12560
    nt main err code: 515
    TNS-00515: Connect failed because target host or object does not exist
    nt secondary err code: 1001
    nt OS err code: 0


***********************************************************************
Fatal NI connect error 12545, connecting to:
 (DESCRIPTION=(ADDRESS=(PROTOCOL=TCP)(HOST=secundus-vip)(PORT=1521))(LOAD_BALANCE=yes)(FAILOVER=YES)(CONNECT_DATA=(SERVER=DEDICATED)(SERVICE_NAME=racdb)(FAILOVER_MODE=(TYPE=SELECT)(METHOD=BASIC))(CID=(PROGRAM=C:\PROJETOSCM5\Bin\RelatoriosCm.exe)(HOST=WSSP3649)(USER=monica.gonzaga))))

  VERSION INFORMATION:
	TNS for 32-bit Windows: Version 9.2.0.1.0 - Production
	Windows NT TCP/IP NT Protocol Adapter for 32-bit Windows: Version 9.2.0.1.0 - Production
  Time: 06-AGO-2012 09:53:15
  Tracing not turned on.
  Tns error struct:
    nr err code: 0
    ns main err code: 12545
    TNS-12545: Connect failed because target host or object does not exist
    ns secondary err code: 12560
    nt main err code: 515
    TNS-00515: Connect failed because target host or object does not exist
    nt secondary err code: 1001
    nt OS err code: 0


***********************************************************************
Fatal NI connect error 12545, connecting to:
 (DESCRIPTION=(ADDRESS=(PROTOCOL=TCP)(HOST=primus-vip)(PORT=1521))(LOAD_BALANCE=yes)(FAILOVER=YES)(CONNECT_DATA=(SERVER=DEDICATED)(SERVICE_NAME=racdb)(FAILOVER_MODE=(TYPE=SELECT)(METHOD=BASIC))(CID=(PROGRAM=C:\PROJETOSCM5\Bin\ModFol.exe)(HOST=WSSP3649)(USER=mose.cornetta))))

  VERSION INFORMATION:
	TNS for 32-bit Windows: Version 9.2.0.1.0 - Production
	Windows NT TCP/IP NT Protocol Adapter for 32-bit Windows: Version 9.2.0.1.0 - Production
  Time: 20-AGO-2012 08:03:21
  Tracing not turned on.
  Tns error struct:
    nr err code: 0
    ns main err code: 12545
    TNS-12545: Connect failed because target host or object does not exist
    ns secondary err code: 12560
    nt main err code: 515
    TNS-00515: Connect failed because target host or object does not exist
    nt secondary err code: 1001
    nt OS err code: 0


***********************************************************************
Fatal NI connect error 12545, connecting to:
 (DESCRIPTION=(ADDRESS=(PROTOCOL=TCP)(HOST=secundus-vip)(PORT=1521))(LOAD_BALANCE=yes)(FAILOVER=YES)(CONNECT_DATA=(SERVER=DEDICATED)(SERVICE_NAME=racdb)(FAILOVER_MODE=(TYPE=SELECT)(METHOD=BASIC))(CID=(PROGRAM=C:\PROJETOSCM5\Bin\ModFol.exe)(HOST=WSSP3649)(USER=mose.cornetta))))

  VERSION INFORMATION:
	TNS for 32-bit Windows: Version 9.2.0.1.0 - Production
	Windows NT TCP/IP NT Protocol Adapter for 32-bit Windows: Version 9.2.0.1.0 - Production
  Time: 20-AGO-2012 08:03:26
  Tracing not turned on.
  Tns error struct:
    nr err code: 0
    ns main err code: 12545
    TNS-12545: Connect failed because target host or object does not exist
    ns secondary err code: 12560
    nt main err code: 515
    TNS-00515: Connect failed because target host or object does not exist
    nt secondary err code: 1001
    nt OS err code: 0


***********************************************************************
Fatal NI connect error 12545, connecting to:
 (DESCRIPTION=(ADDRESS=(PROTOCOL=TCP)(HOST=primus-vip)(PORT=1521))(LOAD_BALANCE=yes)(FAILOVER=YES)(CONNECT_DATA=(SERVER=DEDICATED)(SERVICE_NAME=racdb)(FAILOVER_MODE=(TYPE=SELECT)(METHOD=BASIC))(CID=(PROGRAM=C:\PROJETOSCM5\Bin\contrato.exe)(HOST=WSSP3649)(USER=monica.gonzaga))))

  VERSION INFORMATION:
	TNS for 32-bit Windows: Version 9.2.0.1.0 - Production
	Windows NT TCP/IP NT Protocol Adapter for 32-bit Windows: Version 9.2.0.1.0 - Production
  Time: 20-AGO-2012 10:16:09
  Tracing not turned on.
  Tns error struct:
    nr err code: 0
    ns main err code: 12545
    TNS-12545: Connect failed because target host or object does not exist
    ns secondary err code: 12560
    nt main err code: 515
    TNS-00515: Connect failed because target host or object does not exist
    nt secondary err code: 1001
    nt OS err code: 0


***********************************************************************
Fatal NI connect error 12545, connecting to:
 (DESCRIPTION=(ADDRESS=(PRO
Fatal NI connect error 12545, connecting to:
 (DESCRIPTION=(ADDRESS=(PROTOCOL=TCP)(HOST=secundus-vip)(PORT=1521))(LOAD_BALANCE=yes)(FAILOVER=YES)(CONNECT_DATA=(SERVER=DEDICATED)(SERVICE_NAME=racdb)(FAILOVER_MODE=(TYPE=SELECT)(METHOD=BASIC))(CID=(PROGRAM=C:\PROJETOSCM5\Bin\Alienacao.exe)(HOST=WSSP3649)(USER=mose.cornetta))))
)

  VERSION INFORMATION:
	TNS for 32-bit Windows: Version 9.2.0.1.0 - Production
	Windows NT TCP/IP NT Protocol Adapter for 32-bit Windows: Version 9.2.0.1.0 - Production

  VERSION INFORMATION:
	TNS for 32-bit Windows: Version 9.2.0.1.0 - Production
	Windows NT TCP/IP NT Protocol Adapter for 32-bit Windows: Version 9.2.0.1.0 - Production

  VERSION INFORMATION:
	TNS for 32-bit Windows: Version 9.2.0.1.0 - Production
	Windows NT TCP/IP NT Protocol Adapter for 32-bit Windows: Version 9.2.0.1.0 - Production
  Time: 21-AGO-2012 10:00:09
  Tracing not turned on.
09
  Tns error struct:
on.
    nr err code: 0

    ns main err code: 12545
    ns main err code: 12545
      Time: 21-AGO-2012 10:00:09
  Tracing not turned on.
  Tns error struct:
    nr err code: 0
    ns main err code: 12545
    TNS-12545: Connect failed because target host or object does not exist
    ns secondary err code: 12560
    nt main err code: 515
        TNS-12545: Connect failed because target host or object does not exist
    ns secondary err code: 12560
    nt main err code: 515
    TNS-00515: Connect failed because target host or object does not exist
    nt secondary err code: 1001
    nt OS err code: 0
TNS-00515: Connect failed because target host or object does not exist
    nt secondary err code: 1001
    nt OS err code: 0


***********************************************************************
Fatal NI connect error 12545, connecting to:
 (DESCRIPTION=(ADDRESS=(PROTOCOL=TCP)(HOST=secundus-vip)(PORT=1521))(LOAD_BALANCE=yes)(FAILOVER=YES)(CONNECT_DATA=(SERVER=DEDICATED)(SERVICE_NAME=racdb)(FAILOVER_MODE=(TYPE=SELECT)(METHOD=BASIC))(CID=(PROGRAM=C:\PROJETOSCM5\Bin\assistencial.exe)(HOST=WSSP3649)(USER=mose.cornetta))))

  VERSION INFORMATION:
	TNS for 32-bit Windows: Version 9.2.0.1.0 - Production
	Windows NT TCP/IP NT Protocol Adapter for 32-bit Windows: Version 9.2.0.1.0 - Production


***********************************************************************  Time: 21-AGO-2012 10:00:13
, connecting to:
 (DESCRIPTION=(ADDRESS=(PROTOCOL=TCP)(HOST=secundus-vip)(PORT=1521))(LOAD_BALANCE=yes)(FAILOVER=YES)(CONNECT_DATA=(SERVER=DEDICATED)(SERVICE_NAME=racdb)(FAILOVER_MODE=(TYPE=SELECT)(METHOD=BASIC))(CID=(PROGRAM=C:\PROJETOSCM5\Bin\Alienacao.exe)(HOST=WSSP3649)(USER=mose.cornetta))))

  VERSION INFORMATION:
	TNS for 32-bit Windows: Version 9.2.0.1.0 - Production
	Windows NT TCP/IP NT Protocol Adapter for 32-bit Windows: Version 9.2.0.1.0 - Production


***********************************************************************  Tracing not turned on.
2545, connecting to:
 (DESCRIPTION=(ADDRESS=(PROTOCOL=TCP)(HOST=secundus-vip)(PORT=1521))(LOAD_BALANCE=yes)(FAILOVER=YES)(CONNECT_DATA=(SERVER=DEDICATED)(SERVICE_NAME=racdb)(FAILOVER_MODE=(TYPE=SELECT)(METHOD=BASIC))(CID=(PROGRAM=C:\PROJETOSCM5\Bin\Almoxarifado.exe)(HOST=WSSP3649)(USER=mose.cornetta))))
  Tns error struct:
    nr err code: 0
ION:
	TNS for 32-bit Windows: Version 9.2.0.1.0 - Production
	Windows NT TCP/IP NT Protocol Adapter for 32-bit Windows: Version 9.2.0.1.0 - Production
    ns main err code: 12545
    me: 21-AGO-2012 10:00:13
  Tns error struct:
  Tracing not turned on.
    nr err code: 0
  Tns error struct:
    ns main err code: 12545
    nr err code: 0
        ns main err code: 12545
    TNS-12545: Connect failed because target host or object does not exist
    ns secondary err code: 12560
    nt main err code: 515
    TNS-00515: Connect failed because target host or object does not exist
TNS-12545: Connect failed because target host or object does not exist
    nt OS err code: 0
    ns secondary err code: 12560
    nt main err code: 515
    TNS-12545: Connect failed because target host or object does not exist
    ns secondary err code: 12560
    nt main err code: 515
    TNS-00515: Connect failed because target host or object does not exist
    nt secondary err code: 1001
    nt OS err code: 0


***********************************************************************
Fatal NI connect error 12545, connecting to:
 (DESCRIPTION=(ADDRESS=(PROTOCOL=TCP)(HOST=secundus-vip)(PORT=1521))(LOAD_BALANCE=yes)(FAILOVER=YES)(CONNECT_DATA=(SERVER=DEDICATED)(SERVICE_NAME=racdb)(FAILOVER_MODE=(TYPE=SELECT)(METHOD=BASIC))(CID=(PROGRAM=C:\PROJETOSCM5\Bin\Alienacao.exe)(HOST=WSSP3649)(USER=mose.cornetta))))

  VERSION INFORMATION:
	TNS for 32-bit Windows: Version 9.2.0.1.0 - Production
	Windows NT TCP/IP NT Protocol Adapter for 32-bit Windows: Version 9.2.0.1.0 - Production
  Time: 21-AGO-2012 10:00:18
  Tracing not turned on.
  Tns error struct:
    nr err code: 0
    ns main err code: 12545
    TNS-12545: Connect failed because target host or object does not exist
    ns secondary err code: 12560
    nt main err code: 515
    TNS-00515: Connect failed because target host or object does not exist
    nt secondary err code: 1001
    nt OS err code: 0


***********************************************************************
Fatal NI connect error 12545, connecting to:
 (DESCRIPTION=(ADDRESS=(PROTOCOL=TCP)(HOST=secundus-vip)(PORT=1521))(LOAD_BALANCE=yes)(FAILOVER=YES)(CONNECT_DATA=(SERVER=DEDICATED)(SERVICE_NAME=racdb)(FAILOVER_MODE=(TYPE=SELECT)(METHOD=BASIC))(CID=(PROGRAM=C:\PROJETOSCM5\Bin\Almoxarifado.exe)(HOST=WSSP3649)(USER=mose.cornetta))))

  VERSION INFORMATION:
	TNS for 32-bit Windows: Version 9.2.0.1.0 - Production
	Windows NT TCP/IP NT Protocol Adapter for 32-bit Windows: Version 9.2.0.1.0 - Production
  Time: 21-AGO-2012 10:00:19
  Tracing not turned on.
  Tns error struct:
    nr err code: 0
    ns main err code: 12545
    TNS-12545: Connect failed because target host or object does not exist
    ns secondary err code: 12560
    nt main err code: 515
    TNS-00515: Connect failed because target host or object does not exist
    nt secondary err code: 1001
    nt OS err code: 0


***********************************************************************
Fatal NI connect error 12545, connecting to:
 (DESCRIPTION=(ADDRESS=(PROTOCOL=TCP)(HOST=secundus-vip)(PORT=1521))(LOAD_BALANCE=yes)(FAILOVER=YES)(CONNECT_DATA=(SERVER=DEDICATED)(SERVICE_NAME=racdb)(FAILOVER_MODE=(TYPE=SELECT)(METHOD=BASIC))(CID=(PROGRAM=C:\PROJETOSCM5\Bin\Almoxarifado.exe)(HOST=WSSP3649)(USER=mose.cornetta))))

  VERSION INFORMATION:
	TNS for 32-bit Windows: Version 9.2.0.1.0 - Production
	Windows NT TCP/IP NT Protocol Adapter for 32-bit Windows: Version 9.2.0.1.0 - Production
  Time: 21-AGO-2012 10:00:24
  Tracing not turned on.
  Tns error struct:
    nr err code: 0
    ns main err code: 12545
    TNS-12545: Connect failed because target host or object does not exist
    ns secondary err code: 12560
    nt main err code: 515
    TNS-00515: Connect failed because target host or object does not exist
    nt secondary err code: 1001
    nt OS err code: 0


***********************************************************************
Fatal NI connect error 12545, connecting to:
 (DESCRIPTION=(ADDRESS=(PROTOCOL=TCP)(HOST=primus-vip)(PORT=1521))(LOAD_BALANCE=yes)(FAILOVER=YES)(CONNECT_DATA=(SERVER=DEDICATED)(SERVICE_NAME=racdb)(FAILOVER_MODE=(TYPE=SELECT)(METHOD=BASIC))(CID=(PROGRAM=C:\PROJETOSCM5\Bin\Alienacao.exe)(HOST=WSSP3649)(USER=mose.cornetta))))

  VERSION INFORMATION:
	TNS for 32-bit Windows: Version 9.2.0.1.0 - Production
	Windows NT TCP/IP NT Protocol Adapter for 32-bit Windows: Version 9.2.0.1.0 - Production
  Time: 21-AGO-2012 10:00:24
  Tracing not turned on.
  Tns error struct:
    nr err code: 0
    ns main err code: 12545
    TNS-12545: Connect failed because target host or object does not exist
    ns secondary err code: 12560
    nt main err code: 515
    TNS-00515: Connect failed because target host or object does not exist
    nt secondary err code: 1001
    nt OS err code: 0


***********************************************************************
Fatal NI connect error 12545, connecting to:
 (DESCRIPTION=(ADDRESS=(PROTOCOL=TCP)(HOST=primus-vip)(PORT=1521))(LOAD_BALANCE=yes)(FAILOVER=YES)(CONNECT_DATA=(SERVER=DEDICATED)(SERVICE_NAME=racdb)(FAILOVER_MODE=(TYPE=SELECT)(METHOD=BASIC))(CID=(PROGRAM=C:\PROJETOSCM5\Bin\Almoxarifado.exe)(HOST=WSSP3649)(USER=mose.cornetta))))

  VERSION INFORMATION:
	TNS for 32-bit Windows: Version 9.2.0.1.0 - Production
	Windows NT TCP/IP NT Protocol Adapter for 32-bit Windows: Version 9.2.0.1.0 - Production
  Time: 21-AGO-2012 10:00:28
  Tracing not turned on.
  Tns error struct:
    nr err code: 0
    ns main err code: 12545
    TNS-12545: Connect failed because target host or object does not exist
    ns secondary err code: 12560
    nt main err code: 515
    TNS-00515: Connect failed because target host or object does not exist
    nt secondary err code: 1001
    nt OS err code: 0


***********************************************************************
Fatal NI connect error 12545, connecting to:
 (DESCRIPTION=(ADDRESS=(PROTOCOL=TCP)(HOST=secundus-vip)(PORT=1521))(LOAD_BALANCE=yes)(FAILOVER=YES)(CONNECT_DATA=(SERVER=DEDICATED)(SERVICE_NAME=racdb)(FAILOVER_MODE=(TYPE=SELECT)(METHOD=BASIC))(CID=(PROGRAM=C:\PROJETOSCM5\Bin\Alienacao.exe)(HOST=WSSP3649)(USER=mose.cornetta))))

  VERSION INFORMATION:
	TNS for 32-bit Windows: Version 9.2.0.1.0 - Production
	Windows NT TCP/IP NT Protocol Adapter for 32-bit Windows: Version 9.2.0.1.0 - Production
  Time: 21-AGO-2012 10:00:29
  Tracing not turned on.
  Tns error struct:
    nr err code: 0
    ns main err code: 12545
    TNS-12545: Connect failed because target host or object does not exist
    ns secondary err code: 12560
    nt main err code: 515
    TNS-00515: Connect failed because target host or object does not exist
    nt secondary err code: 1001
    nt OS err code: 0


***********************************************************************
Fatal NI connect error 12545, connecting to:
 (DESCRIPTION=(ADDRESS=(PROTOCOL=TCP)(HOST=secundus-vip)(PORT=1521))(LOAD_BALANCE=yes)(FAILOVER=YES)(CONNECT_DATA=(SERVER=DEDICATED)(SERVICE_NAME=racdb)(FAILOVER_MODE=(TYPE=SELECT)(METHOD=BASIC))(CID=(PROGRAM=C:\PROJETOSCM5\Bin\ModRes.exe)(HOST=WSSP3649)(USER=mose.cornetta))))

  VERSION INFORMATION:
	TNS for 32-bit Windows: Version 9.2.0.1.0 - Production
	Windows NT TCP/IP NT Protocol Adapter for 32-bit Windows: Version 9.2.0.1.0 - Production
  Time: 21-AGO-2012 10:01:45
  Tracing not turned on.
  Tns error struct:
    nr err code: 0
    ns main err code: 12545
    TNS-12545: Connect failed because target host or object does not exist
    ns secondary err code: 12560
    nt main err code: 515
    TNS-00515: Connect failed because target host or object does not exist
    nt secondary err code: 1001
    nt OS err code: 0


***********************************************************************
Fatal NI connect error 12545, connecting to:
 (DESCRIPTION=(ADDRESS=(PROTOCOL=TCP)(HOST=secundus-vip)(PORT=1521))(LOAD_BALANCE=yes)(FAILOVER=YES)(CONNECT_DATA=(SERVER=DEDICATED)(SERVICE_NAME=racdb)(FAILOVER_MODE=(TYPE=SELECT)(METHOD=BASIC))(CID=(PROGRAM=C:\PROJETOSCM5\Bin\Contab.exe)(HOST=WSSP3649)(USER=mose.cornetta))))

  VERSION INFORMATION:
	TNS for 32-bit Windows: Version 9.2.0.1.0 - Production
	Windows NT TCP/IP NT Protocol Adapter for 32-bit Windows: Version 9.2.0.1.0 - Production
  Time: 21-AGO-2012 10:02:03
  Tracing not turned on.
  Tns error struct:
    nr err code: 0
    ns main err code: 12545
    TNS-12545: Connect failed because target host or object does not exist
    ns secondary err code: 12560
    nt main err code: 515
    TNS-00515: Connect failed because target host or object does not exist
    nt secondary err code: 1001
    nt OS err code: 0


***********************************************************************
Fatal NI connect error 12545, connecting to:
 (DESCRIPTION=(ADDRESS=(PROTOCOL=TCP)(HOST=primus-vip)(PORT=1521))(LOAD_BALANCE=yes)(FAILOVER=YES)(CONNECT_DATA=(SERVER=DEDICATED)(SERVICE_NAME=racdb)(FAILOVER_MODE=(TYPE=SELECT)(METHOD=BASIC))(CID=(PROGRAM=C:\PROJETOSCM5\Bin\AdminImob.exe)(HOST=WSSP3649)(USER=mose.cornetta))))

  VERSION INFORMATION:
	TNS for 32-bit Windows: Version 9.2.0.1.0 - Production
	Windows NT TCP/IP NT Protocol Adapter for 32-bit Windows: Version 9.2.0.1.0 - Production
  Time: 27-AGO-2012 08:23:58
  Tracing not turned on.
  Tns error struct:
    nr err code: 0
    ns main err code: 12545
    TNS-12545: Connect failed because target host or object does not exist
    ns secondary err code: 12560
    nt main err code: 515
    TNS-00515: Connect failed because target host or object does not exist
    nt secondary err code: 1001
    nt OS err code: 0


***********************************************************************
Fatal NI connect error 12545, connecting to:
 (DESCRIPTION=(ADDRESS=(PROTOCOL=TCP)(HOST=primus-vip)(PORT=1521))(LOAD_BALANCE=yes)(FAILOVER=YES)(CONNECT_DATA=(SERVER=DEDICATED)(SERVICE_NAME=racdb)(FAILOVER_MODE=(TYPE=SELECT)(METHOD=BASIC))(CID=(PROGRAM=C:\PROJETOSCM5\Bin\Impostos.exe)(HOST=WSSP3649)(USER=monica.gonzaga))))

  VERSION INFORMATION:
	TNS for 32-bit Windows: Version 9.2.0.1.0 - Production
	Windows NT TCP/IP NT Protocol Adapter for 32-bit Windows: Version 9.2.0.1.0 - Production
  Time: 27-AGO-2012 12:07:41
  Tracing not turned on.
  Tns error struct:
    nr err code: 0
    ns main err code: 12545
    TNS-12545: Connect failed because target host or object does not exist
    ns secondary err code: 12560
    nt main err code: 515
    TNS-00515: Connect failed because target host or object does not exist
    nt secondary err code: 1001
    nt OS err code: 0


***********************************************************************
Fatal NI connect error 12545, connecting to:
 (DESCRIPTION=(ADDRESS=(PROTOCOL=TCP)(HOST=secundus-vip)(PORT=1521))(LOAD_BALANCE=yes)(FAILOVER=YES)(CONNECT_DATA=(SERVER=DEDICATED)(SERVICE_NAME=racdb)(FAILOVER_MODE=(TYPE=SELECT)(METHOD=BASIC))(CID=(PROGRAM=C:\PROJETOSCM5\Bin\InvestCotas.exe)(HOST=WSSP3649)(USER=jonas.oliveira))))

  VERSION INFORMATION:
	TNS for 32-bit Windows: Version 9.2.0.1.0 - Production
	Windows NT TCP/IP NT Protocol Adapter for 32-bit Windows: Version 9.2.0.1.0 - Production
  Time: 11-SET-2012 14:17:10
  Tracing not turned on.
  Tns error struct:
    nr err code: 0
    ns main err code: 12545
    TNS-12545: Connect failed because target host or object does not exist
    ns secondary err code: 12560
    nt main err code: 515
    TNS-00515: Connect failed because target host or object does not exist
    nt secondary err code: 1001
    nt OS err code: 0


***********************************************************************
Fatal NI connect error 12545, connecting to:
 (DESCRIPTION=(ADDRESS=(PROTOCOL=TCP)(HOST=primus-vip)(PORT=1521))(LOAD_BALANCE=yes)(FAILOVER=YES)(CONNECT_DATA=(SERVER=DEDICATED)(SERVICE_NAME=racdb)(FAILOVER_MODE=(TYPE=SELECT)(METHOD=BASIC))(CID=(PROGRAM=C:\PROJETOSCM5\Bin\GlobalCM.exe)(HOST=WSSP3649)(USER=bruno.santos))))

  VERSION INFORMATION:
	TNS for 32-bit Windows: Version 9.2.0.1.0 - Production
	Windows NT TCP/IP NT Protocol Adapter for 32-bit Windows: Version 9.2.0.1.0 - Production
  Time: 08-OUT-2012 11:24:10
  Tracing not turned on.
  Tns error struct:
    nr err code: 0
    ns main err code: 12545
    TNS-12545: Connect failed because target host or object does not exist
    ns secondary err code: 12560
    nt main err code: 515
    TNS-00515: Connect failed because target host or object does not exist
    nt secondary err code: 1001
    nt OS err code: 0


***********************************************************************
Fatal NI connect error 12545, connecting to:
 (DESCRIPTION=(ADDRESS=(PROTOCOL=TCP)(HOST=secundus-vip)(PORT=1521))(LOAD_BALANCE=yes)(FAILOVER=YES)(CONNECT_DATA=(SERVER=DEDICATED)(SERVICE_NAME=racdb)(FAILOVER_MODE=(TYPE=SELECT)(METHOD=BASIC))(CID=(PROGRAM=C:\PROJETOSCM5\Bin\GlobalCM.exe)(HOST=WSSP3649)(USER=bruno.santos))))

  VERSION INFORMATION:
	TNS for 32-bit Windows: Version 9.2.0.1.0 - Production
	Windows NT TCP/IP NT Protocol Adapter for 32-bit Windows: Version 9.2.0.1.0 - Production
  Time: 08-OUT-2012 11:24:15
  Tracing not turned on.
  Tns error struct:
    nr err code: 0
    ns main err code: 12545
    TNS-12545: Connect failed because target host or object does not exist
    ns secondary err code: 12560
    nt main err code: 515
    TNS-00515: Connect failed because target host or object does not exist
    nt secondary err code: 1001
    nt OS err code: 0


***********************************************************************
Fatal NI connect error 12535, connecting to:
 (DESCRIPTION=(ADDRESS=(PROTOCOL=TCP)(HOST=172.20.16.86)(PORT=1521))(CONNECT_DATA=(SERVER=DEDICATED)(SERVICE_NAME=FUNCEFD)(CID=(PROGRAM=C:\PROJETOSCM5\Bin\AdminImob.exe)(HOST=WSSP3649)(USER=bruno.santos))))

  VERSION INFORMATION:
	TNS for 32-bit Windows: Version 9.2.0.1.0 - Production
	Windows NT TCP/IP NT Protocol Adapter for 32-bit Windows: Version 9.2.0.1.0 - Production
  Time: 17-OUT-2011 16:04:40
  Tracing not turned on.
  Tns error struct:
    nr err code: 0
    ns main err code: 12535
    TNS-12535: TNS:operation timed out
    ns secondary err code: 12560
    nt main err code: 505
    TNS-00505: Operation timed out
    nt secondary err code: 60
    nt OS err code: 0


***********************************************************************
Fatal NI connect error 12535, connecting to:
 (DESCRIPTION=(ADDRESS=(PROTOCOL=TCP)(HOST=172.20.16.86)(PORT=1521))(CONNECT_DATA=(SERVER=DEDICATED)(SERVICE_NAME=FUNCEFD)(CID=(PROGRAM=C:\PROJETOSCM5\Bin\ContribuicaoPrev.exe)(HOST=WSSP3649)(USER=bruno.santos))))

  VERSION INFORMATION:
	TNS for 32-bit Windows: Version 9.2.0.1.0 - Production
	Windows NT TCP/IP NT Protocol Adapter for 32-bit Windows: Version 9.2.0.1.0 - Production
  Time: 18-OUT-2011 08:17:15
  Tracing not turned on.
  Tns error struct:
    nr err code: 0
    ns main err code: 12535
    TNS-12535: TNS:operation timed out
    ns secondary err code: 12560
    nt main err code: 505
    TNS-00505: Operation timed out
    nt secondary err code: 60
    nt OS err code: 0


***********************************************************************
Fatal NI connect error 12535, connecting to:
 (DESCRIPTION=(ADDRESS=(PROTOCOL=TCP)(HOST=172.20.16.86)(PORT=1521))(CONNECT_DATA=(SERVER=DEDICATED)(SERVICE_NAME=FUNCEFD)(CID=(PROGRAM=C:\PROJETOSCM5\Bin\ContribuicaoPrev.exe)(HOST=WSSP3649)(USER=bruno.santos))))

  VERSION INFORMATION:
	TNS for 32-bit Windows: Version 9.2.0.1.0 - Production
	Windows NT TCP/IP NT Protocol Adapter for 32-bit Windows: Version 9.2.0.1.0 - Production
  Time: 18-OUT-2011 08:17:36
  Tracing not turned on.
  Tns error struct:
    nr err code: 0
    ns main err code: 12535
    TNS-12535: TNS:operation timed out
    ns secondary err code: 12560
    nt main err code: 505
    TNS-00505: Operation timed out
    nt secondary err code: 60
    nt OS err code: 0


***********************************************************************
Fatal NI connect error 12535, connecting to:
 (DESCRIPTION=(ADDRESS=(PROTOCOL=TCP)(HOST=172.20.16.86)(PORT=1521))(CONNECT_DATA=(SERVER=DEDICATED)(SERVICE_NAME=FUNCEFD)(CID=(PROGRAM=C:\PROJETOSCM5\Bin\Folha.exe)(HOST=WSSP3649)(USER=bruno.santos))))

  VERSION INFORMATION:
	TNS for 32-bit Windows: Version 9.2.0.1.0 - Production
	Windows NT TCP/IP NT Protocol Adapter for 32-bit Windows: Version 9.2.0.1.0 - Production
  Time: 18-OUT-2011 08:22:37
  Tracing not turned on.
  Tns error struct:
    nr err code: 0
    ns main err code: 12535
    TNS-12535: TNS:operation timed out
    ns secondary err code: 12560
    nt main err code: 505
    TNS-00505: Operation timed out
    nt secondary err code: 60
    nt OS err code: 0


***********************************************************************
Fatal NI connect error 12545, connecting to:
 (DESCRIPTION=(ADDRESS=(PROTOCOL=TCP)(HOST=primus-vip)(PORT=1521))(LOAD_BALANCE=yes)(FAILOVER=YES)(CONNECT_DATA=(SERVER=DEDICATED)(SERVICE_NAME=racdb)(FAILOVER_MODE=(TYPE=SELECT)(METHOD=BASIC))(CID=(PROGRAM=C:\PROJETOSCM5\Bin\Emprestimo.exe)(HOST=WSSP3649)(USER=william.silva))))

  VERSION INFORMATION:
	TNS for 32-bit Windows: Version 9.2.0.1.0 - Production
	Windows NT TCP/IP NT Protocol Adapter for 32-bit Windows: Version 9.2.0.1.0 - Production
  Time: 21-NOV-2012 14:25:17
  Tracing not turned on.
  Tns error struct:
    nr err code: 0
    ns main err code: 12545
    TNS-12545: Connect failed because target host or object does not exist
    ns secondary err code: 12560
    nt main err code: 515
    TNS-00515: Connect failed because target host or object does not exist
    nt secondary err code: 1001
    nt OS err code: 0


***********************************************************************
Fatal NI connect error 12545, connecting to:
 (DESCRIPTION=(ADDRESS=(PROTOCOL=TCP)(HOST=secundus-vip)(PORT=1521))(LOAD_BALANCE=yes)(FAILOVER=YES)(CONNECT_DATA=(SERVER=DEDICATED)(SERVICE_NAME=racdb)(FAILOVER_MODE=(TYPE=SELECT)(METHOD=BASIC))(CID=(PROGRAM=C:\PROJETOSCM5\Bin\Emprestimo.exe)(HOST=WSSP3649)(USER=william.silva))))

  VERSION INFORMATION:
	TNS for 32-bit Windows: Version 9.2.0.1.0 - Production
	Windows NT TCP/IP NT Protocol Adapter for 32-bit Windows: Version 9.2.0.1.0 - Production
  Time: 21-NOV-2012 14:25:22
  Tracing not turned on.
  Tns error struct:
    nr err code: 0
    ns main err code: 12545
    TNS-12545: Connect failed because target host or object does not exist
    ns secondary err code: 12560
    nt main err code: 515
    TNS-00515: Connect failed because target host or object does not exist
    nt secondary err code: 1001
    nt OS err code: 0


***********************************************************************
Fatal NI connect error 12545, connecting to:
 (DESCRIPTION=(ADDRESS=(PROTOCOL=TCP)(HOST=secundus-vip)(PORT=1521))(LOAD_BALANCE=yes)(FAILOVER=YES)(CONNECT_DATA=(SERVER=DEDICATED)(SERVICE_NAME=racdb)(FAILOVER_MODE=(TYPE=SELECT)(METHOD=BASIC))(CID=(PROGRAM=C:\PROJETOSCM5\Bin\Emprestimo.exe)(HOST=WSSP3649)(USER=william.silva))))

  VERSION INFORMATION:
	TNS for 32-bit Windows: Version 9.2.0.1.0 - Production
	Windows NT TCP/IP NT Protocol Adapter for 32-bit Windows: Version 9.2.0.1.0 - Production
  Time: 21-NOV-2012 14:25:26
  Tracing not turned on.
  Tns error struct:
    nr err code: 0
    ns main err code: 12545
    TNS-12545: Connect failed because target host or object does not exist
    ns secondary err code: 12560
    nt main err code: 515
    TNS-00515: Connect failed because target host or object does not exist
    nt secondary err code: 1001
    nt OS err code: 0


***********************************************************************
Fatal NI connect error 12545, connecting to:
 (DESCRIPTION=(ADDRESS=(PROTOCOL=TCP)(HOST=primus-vip)(PORT=1521))(LOAD_BALANCE=yes)(FAILOVER=YES)(CONNECT_DATA=(SERVER=DEDICATED)(SERVICE_NAME=racdb)(FAILOVER_MODE=(TYPE=SELECT)(METHOD=BASIC))(CID=(PROGRAM=C:\PROJETOSCM5\Bin\Emprestimo.exe)(HOST=WSSP3649)(USER=william.silva))))

  VERSION INFORMATION:
	TNS for 32-bit Windows: Version 9.2.0.1.0 - Production
	Windows NT TCP/IP NT Protocol Adapter for 32-bit Windows: Version 9.2.0.1.0 - Production
  Time: 21-NOV-2012 14:25:33
  Tracing not turned on.
  Tns error struct:
    nr err code: 0
    ns main err code: 12545
    TNS-12545: Connect failed because target host or object does not exist
    ns secondary err code: 12560
    nt main err code: 515
    TNS-00515: Connect failed because target host or object does not exist
    nt secondary err code: 1001
    nt OS err code: 0


***********************************************************************
Fatal NI connect error 12545, connecting to:
 (DESCRIPTION=(ADDRESS=(PROTOCOL=TCP)(HOST=primus-vip)(PORT=1521))(LOAD_BALANCE=yes)(FAILOVER=YES)(CONNECT_DATA=(SERVER=DEDICATED)(SERVICE_NAME=racdb)(FAILOVER_MODE=(TYPE=SELECT)(METHOD=BASIC))(CID=(PROGRAM=C:\PROJETOSCM5\Bin\Emprestimo.exe)(HOST=WSSP3649)(USER=william.silva))))

  VERSION INFORMATION:
	TNS for 32-bit Windows: Version 9.2.0.1.0 - Production
	Windows NT TCP/IP NT Protocol Adapter for 32-bit Windows: Version 9.2.0.1.0 - Production
  Time: 21-NOV-2012 14:25:38
  Tracing not turned on.
  Tns error struct:
    nr err code: 0
    ns main err code: 12545
    TNS-12545: Connect failed because target host or object does not exist
    ns secondary err code: 12560
    nt main err code: 515
    TNS-00515: Connect failed because target host or object does not exist
    nt secondary err code: 1001
    nt OS err code: 0


***********************************************************************
Fatal NI connect error 12545, connecting to:
 (DESCRIPTION=(ADDRESS=(PROTOCOL=TCP)(HOST=primus-vip)(PORT=1521))(LOAD_BALANCE=yes)(FAILOVER=YES)(CONNECT_DATA=(SERVER=DEDICATED)(SERVICE_NAME=racdb)(FAILOVER_MODE=(TYPE=SELECT)(METHOD=BASIC))(CID=(PROGRAM=C:\PROJETOSCM5\Bin\Emprestimo.exe)(HOST=WSSP3649)(USER=william.silva))))

  VERSION INFORMATION:
	TNS for 32-bit Windows: Version 9.2.0.1.0 - Production
	Windows NT TCP/IP NT Protocol Adapter for 32-bit Windows: Version 9.2.0.1.0 - Production
  Time: 21-NOV-2012 14:25:43
  Tracing not turned on.
  Tns error struct:
    nr err code: 0
    ns main err code: 12545
    TNS-12545: Connect failed because target host or object does not exist
    ns secondary err code: 12560
    nt main err code: 515
    TNS-00515: Connect failed because target host or object does not exist
    nt secondary err code: 1001
    nt OS err code: 0


***********************************************************************
Fatal NI connect error 12545, connecting to:
 (DESCRIPTION=(ADDRESS=(PROTOCOL=TCP)(HOST=primus-vip)(PORT=1521))(LOAD_BALANCE=yes)(FAILOVER=YES)(CONNECT_DATA=(SERVER=DEDICATED)(SERVICE_NAME=racdb)(FAILOVER_MODE=(TYPE=SELECT)(METHOD=BASIC))(CID=(PROGRAM=C:\PROJETOSCM5\Bin\Emprestimo.exe)(HOST=WSSP3649)(USER=william.silva))))

  VERSION INFORMATION:
	TNS for 32-bit Windows: Version 9.2.0.1.0 - Production
	Windows NT TCP/IP NT Protocol Adapter for 32-bit Windows: Version 9.2.0.1.0 - Production
  Time: 21-NOV-2012 14:25:47
  Tracing not turned on.
  Tns error struct:
    nr err code: 0
    ns main err code: 12545
    TNS-12545: Connect failed because target host or object does not exist
    ns secondary err code: 12560
    nt main err code: 515
    TNS-00515: Connect failed because target host or object does not exist
    nt secondary err code: 1001
    nt OS err code: 0


***********************************************************************
Fatal NI connect error 12545, connecting to:
 (DESCRIPTION=(ADDRESS=(PROTOCOL=TCP)(HOST=secundus-vip)(PORT=1521))(LOAD_BALANCE=yes)(FAILOVER=YES)(CONNECT_DATA=(SERVER=DEDICATED)(SERVICE_NAME=racdb)(FAILOVER_MODE=(TYPE=SELECT)(METHOD=BASIC))(CID=(PROGRAM=C:\PROJETOSCM5\Bin\Emprestimo.exe)(HOST=WSSP3649)(USER=william.silva))))

  VERSION INFORMATION:
	TNS for 32-bit Windows: Version 9.2.0.1.0 - Production
	Windows NT TCP/IP NT Protocol Adapter for 32-bit Windows: Version 9.2.0.1.0 - Production
  Time: 21-NOV-2012 14:25:50
  Tracing not turned on.
  Tns error struct:
    nr err code: 0
    ns main err code: 12545
    TNS-12545: Connect failed because target host or object does not exist
    ns secondary err code: 12560
    nt main err code: 515
    TNS-00515: Connect failed because target host or object does not exist
    nt secondary err code: 1001
    nt OS err code: 0


***********************************************************************
Fatal NI connect error 12545, connecting to:
 (DESCRIPTION=(ADDRESS=(PROTOCOL=TCP)(HOST=secundus-vip)(PORT=1521))(LOAD_BALANCE=yes)(FAILOVER=YES)(CONNECT_DATA=(SERVER=DEDICATED)(SERVICE_NAME=racdb)(FAILOVER_MODE=(TYPE=SELECT)(METHOD=BASIC))(CID=(PROGRAM=C:\PROJETOSCM5\Bin\Emprestimo.exe)(HOST=WSSP3649)(USER=william.silva))))

  VERSION INFORMATION:
	TNS for 32-bit Windows: Version 9.2.0.1.0 - Production
	Windows NT TCP/IP NT Protocol Adapter for 32-bit Windows: Version 9.2.0.1.0 - Production
  Time: 21-NOV-2012 14:25:53
  Tracing not turned on.
  Tns error struct:
    nr err code: 0
    ns main err code: 12545
    TNS-12545: Connect failed because target host or object does not exist
    ns secondary err code: 12560
    nt main err code: 515
    TNS-00515: Connect failed because target host or object does not exist
    nt secondary err code: 1001
    nt OS err code: 0


***********************************************************************
Fatal NI connect error 12545, connecting to:
 (DESCRIPTION=(ADDRESS=(PROTOCOL=TCP)(HOST=primus-vip)(PORT=1521))(LOAD_BALANCE=yes)(FAILOVER=YES)(CONNECT_DATA=(SERVER=DEDICATED)(SERVICE_NAME=racdb)(FAILOVER_MODE=(TYPE=SELECT)(METHOD=BASIC))(CID=(PROGRAM=C:\PROJETOSCM5\Bin\Emprestimo.exe)(HOST=WSSP3649)(USER=william.silva))))

  VERSION INFORMATION:
	TNS for 32-bit Windows: Version 9.2.0.1.0 - Production
	Windows NT TCP/IP NT Protocol Adapter for 32-bit Windows: Version 9.2.0.1.0 - Production
  Time: 21-NOV-2012 14:25:54
  Tracing not turned on.
  Tns error struct:
    nr err code: 0
    ns main err code: 12545
    TNS-12545: Connect failed because target host or object does not exist
    ns secondary err code: 12560
    nt main err code: 515
    TNS-00515: Connect failed because target host or object does not exist
    nt secondary err code: 1001
    nt OS err code: 0


***********************************************************************
Fatal NI connect error 12545, connecting to:
 (DESCRIPTION=(ADDRESS=(PROTOCOL=TCP)(HOST=primus-vip)(PORT=1521))(LOAD_BALANCE=yes)(FAILOVER=YES)(CONNECT_DATA=(SERVER=DEDICATED)(SERVICE_NAME=racdb)(FAILOVER_MODE=(TYPE=SELECT)(METHOD=BASIC))(CID=(PROGRAM=C:\PROJETOSCM5\Bin\Emprestimo.exe)(HOST=WSSP3649)(USER=william.silva))))

  VERSION INFORMATION:
	TNS for 32-bit Windows: Version 9.2.0.1.0 - Production
	Windows NT TCP/IP NT Protocol Adapter for 32-bit Windows: Version 9.2.0.1.0 - Production
  Time: 21-NOV-2012 14:25:59
  Tracing not turned on.
  Tns error struct:
    nr err code: 0
    ns main err code: 12545
    TNS-12545: Connect failed because target host or object does not exist
    ns secondary err code: 12560
    nt main err code: 515
    TNS-00515: Connect failed because target host or object does not exist
    nt secondary err code: 1001
    nt OS err code: 0


***********************************************************************
Fatal NI connect error 12545, connecting to:
 (DESCRIPTION=(ADDRESS=(PROTOCOL=TCP)(HOST=primus-vip)(PORT=1521))(LOAD_BALANCE=yes)(FAILOVER=YES)(CONNECT_DATA=(SERVER=DEDICATED)(SERVICE_NAME=racdb)(FAILOVER_MODE=(TYPE=SELECT)(METHOD=BASIC))(CID=(PROGRAM=C:\PROJETOSCM5\Bin\Emprestimo.exe)(HOST=WSSP3649)(USER=william.silva))))

  VERSION INFORMATION:
	TNS for 32-bit Windows: Version 9.2.0.1.0 - Production
	Windows NT TCP/IP NT Protocol Adapter for 32-bit Windows: Version 9.2.0.1.0 - Production
  Time: 21-NOV-2012 14:26:05
  Tracing not turned on.
  Tns error struct:
    nr err code: 0
    ns main err code: 12545
    TNS-12545: Connect failed because target host or object does not exist
    ns secondary err code: 12560
    nt main err code: 515
    TNS-00515: Connect failed because target host or object does not exist
    nt secondary err code: 1001
    nt OS err code: 0


***********************************************************************
Fatal NI connect error 12545, connecting to:
 (DESCRIPTION=(ADDRESS=(PROTOCOL=TCP)(HOST=primus-vip)(PORT=1521))(LOAD_BALANCE=yes)(FAILOVER=YES)(CONNECT_DATA=(SERVER=DEDICATED)(SERVICE_NAME=racdb)(FAILOVER_MODE=(TYPE=SELECT)(METHOD=BASIC))(CID=(PROGRAM=C:\PROJETOSCM5\Bin\Emprestimo.exe)(HOST=WSSP3649)(USER=william.silva))))

  VERSION INFORMATION:
	TNS for 32-bit Windows: Version 9.2.0.1.0 - Production
	Windows NT TCP/IP NT Protocol Adapter for 32-bit Windows: Version 9.2.0.1.0 - Production
  Time: 21-NOV-2012 14:26:10
  Tracing not turned on.
  Tns error struct:
    nr err code: 0
    ns main err code: 12545
    TNS-12545: Connect failed because target host or object does not exist
    ns secondary err code: 12560
    nt main err code: 515
    TNS-00515: Connect failed because target host or object does not exist
    nt secondary err code: 1001
    nt OS err code: 0


***********************************************************************
Fatal NI connect error 12545, connecting to:
 (DESCRIPTION=(ADDRESS=(PROTOCOL=TCP)(HOST=primus-vip)(PORT=1521))(LOAD_BALANCE=yes)(FAILOVER=YES)(CONNECT_DATA=(SERVER=DEDICATED)(SERVICE_NAME=racdb)(FAILOVER_MODE=(TYPE=SELECT)(METHOD=BASIC))(CID=(PROGRAM=C:\PROJETOSCM5\Bin\Emprestimo.exe)(HOST=WSSP3649)(USER=william.silva))))

  VERSION INFORMATION:
	TNS for 32-bit Windows: Version 9.2.0.1.0 - Production
	Windows NT TCP/IP NT Protocol Adapter for 32-bit Windows: Version 9.2.0.1.0 - Production
  Time: 21-NOV-2012 14:26:14
  Tracing not turned on.
  Tns error struct:
    nr err code: 0
    ns main err code: 12545
    TNS-12545: Connect failed because target host or object does not exist
    ns secondary err code: 12560
    nt main err code: 515
    TNS-00515: Connect failed because target host or object does not exist
    nt secondary err code: 1001
    nt OS err code: 0


***********************************************************************
Fatal NI connect error 12545, connecting to:
 (DESCRIPTION=(ADDRESS=(PROTOCOL=TCP)(HOST=secundus-vip)(PORT=1521))(LOAD_BALANCE=yes)(FAILOVER=YES)(CONNECT_DATA=(SERVER=DEDICATED)(SERVICE_NAME=racdb)(FAILOVER_MODE=(TYPE=SELECT)(METHOD=BASIC))(CID=(PROGRAM=C:\PROJETOSCM5\Bin\Emprestimo.exe)(HOST=WSSP3649)(USER=william.silva))))

  VERSION INFORMATION:
	TNS for 32-bit Windows: Version 9.2.0.1.0 - Production
	Windows NT TCP/IP NT Protocol Adapter for 32-bit Windows: Version 9.2.0.1.0 - Production
  Time: 21-NOV-2012 14:26:19
  Tracing not turned on.
  Tns error struct:
    nr err code: 0
    ns main err code: 12545
    TNS-12545: Connect failed because target host or object does not exist
    ns secondary err code: 12560
    nt main err code: 515
    TNS-00515: Connect failed because target host or object does not exist
    nt secondary err code: 1001
    nt OS err code: 0


***********************************************************************
Fatal NI connect error 12545, connecting to:
 (DESCRIPTION=(ADDRESS=(PROTOCOL=TCP)(HOST=primus-vip)(PORT=1521))(LOAD_BALANCE=yes)(FAILOVER=YES)(CONNECT_DATA=(SERVER=DEDICATED)(SERVICE_NAME=racdb)(FAILOVER_MODE=(TYPE=SELECT)(METHOD=BASIC))(CID=(PROGRAM=C:\PROJETOSCM5\Bin\Emprestimo.exe)(HOST=WSSP3649)(USER=william.silva))))

  VERSION INFORMATION:
	TNS for 32-bit Windows: Version 9.2.0.1.0 - Production
	Windows NT TCP/IP NT Protocol Adapter for 32-bit Windows: Version 9.2.0.1.0 - Production
  Time: 21-NOV-2012 14:26:24
  Tracing not turned on.
  Tns error struct:
    nr err code: 0
    ns main err code: 12545
    TNS-12545: Connect failed because target host or object does not exist
    ns secondary err code: 12560
    nt main err code: 515
    TNS-00515: Connect failed because target host or object does not exist
    nt secondary err code: 1001
    nt OS err code: 0


***********************************************************************
Fatal NI connect error 12545, connecting to:
 (DESCRIPTION=(ADDRESS=(PROTOCOL=TCP)(HOST=secundus-vip)(PORT=1521))(LOAD_BALANCE=yes)(FAILOVER=YES)(CONNECT_DATA=(SERVER=DEDICATED)(SERVICE_NAME=racdb)(FAILOVER_MODE=(TYPE=SELECT)(METHOD=BASIC))(CID=(PROGRAM=C:\PROJETOSCM5\Bin\Emprestimo.exe)(HOST=WSSP3649)(USER=william.silva))))

  VERSION INFORMATION:
	TNS for 32-bit Windows: Version 9.2.0.1.0 - Production
	Windows NT TCP/IP NT Protocol Adapter for 32-bit Windows: Version 9.2.0.1.0 - Production
  Time: 21-NOV-2012 14:26:35
  Tracing not turned on.
  Tns error struct:
    nr err code: 0
    ns main err code: 12545
    TNS-12545: Connect failed because target host or object does not exist
    ns secondary err code: 12560
    nt main err code: 515
    TNS-00515: Connect failed because target host or object does not exist
    nt secondary err code: 1001
    nt OS err code: 0


***********************************************************************
Fatal NI connect error 12545, connecting to:
 (DESCRIPTION=(ADDRESS=(PROTOCOL=TCP)(HOST=primus-vip)(PORT=1521))(LOAD_BALANCE=yes)(FAILOVER=YES)(CONNECT_DATA=(SERVER=DEDICATED)(SERVICE_NAME=racdb)(FAILOVER_MODE=(TYPE=SELECT)(METHOD=BASIC))(CID=(PROGRAM=C:\PROJETOSCM5\Bin\Emprestimo.exe)(HOST=WSSP3649)(USER=william.silva))))

  VERSION INFORMATION:
	TNS for 32-bit Windows: Version 9.2.0.1.0 - Production
	Windows NT TCP/IP NT Protocol Adapter for 32-bit Windows: Version 9.2.0.1.0 - Production
  Time: 21-NOV-2012 14:26:40
  Tracing not turned on.
  Tns error struct:
    nr err code: 0
    ns main err code: 12545
    TNS-12545: Connect failed because target host or object does not exist
    ns secondary err code: 12560
    nt main err code: 515
    TNS-00515: Connect failed because target host or object does not exist
    nt secondary err code: 1001
    nt OS err code: 0


***********************************************************************
Fatal NI connect error 12545, connecting to:
 (DESCRIPTION=(ADDRESS=(PROTOCOL=TCP)(HOST=secundus-vip)(PORT=1521))(LOAD_BALANCE=yes)(FAILOVER=YES)(CONNECT_DATA=(SERVER=DEDICATED)(SERVICE_NAME=racdb)(FAILOVER_MODE=(TYPE=SELECT)(METHOD=BASIC))(CID=(PROGRAM=C:\PROJETOSCM5\Bin\Emprestimo.exe)(HOST=WSSP3649)(USER=william.silva))))

  VERSION INFORMATION:
	TNS for 32-bit Windows: Version 9.2.0.1.0 - Production
	Windows NT TCP/IP NT Protocol Adapter for 32-bit Windows: Version 9.2.0.1.0 - Production
  Time: 21-NOV-2012 14:26:44
  Tracing not turned on.
  Tns error struct:
    nr err code: 0
    ns main err code: 12545
    TNS-12545: Connect failed because target host or object does not exist
    ns secondary err code: 12560
    nt main err code: 515
    TNS-00515: Connect failed because target host or object does not exist
    nt secondary err code: 1001
    nt OS err code: 0


***********************************************************************
Fatal NI connect error 12545, connecting to:
 (DESCRIPTION=(ADDRESS=(PROTOCOL=TCP)(HOST=secundus-vip)(PORT=1521))(LOAD_BALANCE=yes)(FAILOVER=YES)(CONNECT_DATA=(SERVER=DEDICATED)(SERVICE_NAME=racdb)(FAILOVER_MODE=(TYPE=SELECT)(METHOD=BASIC))(CID=(PROGRAM=C:\PROJETOSCM5\Bin\Emprestimo.exe)(HOST=WSSP3649)(USER=william.silva))))

  VERSION INFORMATION:
	TNS for 32-bit Windows: Version 9.2.0.1.0 - Production
	Windows NT TCP/IP NT Protocol Adapter for 32-bit Windows: Version 9.2.0.1.0 - Production
  Time: 21-NOV-2012 14:26:50
  Tracing not turned on.
  Tns error struct:
    nr err code: 0
    ns main err code: 12545
    TNS-12545: Connect failed because target host or object does not exist
    ns secondary err code: 12560
    nt main err code: 515
    TNS-00515: Connect failed because target host or object does not exist
    nt secondary err code: 1001
    nt OS err code: 0


***********************************************************************
Fatal NI connect error 12545, connecting to:
 (DESCRIPTION=(ADDRESS=(PROTOCOL=TCP)(HOST=primus-vip)(PORT=1521))(LOAD_BALANCE=yes)(FAILOVER=YES)(CONNECT_DATA=(SERVER=DEDICATED)(SERVICE_NAME=racdb)(FAILOVER_MODE=(TYPE=SELECT)(METHOD=BASIC))(CID=(PROGRAM=C:\PROJETOSCM5\Bin\Emprestimo.exe)(HOST=WSSP3649)(USER=william.silva))))

  VERSION INFORMATION:
	TNS for 32-bit Windows: Version 9.2.0.1.0 - Production
	Windows NT TCP/IP NT Protocol Adapter for 32-bit Windows: Version 9.2.0.1.0 - Production
  Time: 21-NOV-2012 14:26:55
  Tracing not turned on.
  Tns error struct:
    nr err code: 0
    ns main err code: 12545
    TNS-12545: Connect failed because target host or object does not exist
    ns secondary err code: 12560
    nt main err code: 515
    TNS-00515: Connect failed because target host or object does not exist
    nt secondary err code: 1001
    nt OS err code: 0


***********************************************************************
Fatal NI connect error 12545, connecting to:
 (DESCRIPTION=(ADDRESS=(PROTOCOL=TCP)(HOST=secundus-vip)(PORT=1521))(LOAD_BALANCE=yes)(FAILOVER=YES)(CONNECT_DATA=(SERVER=DEDICATED)(SERVICE_NAME=racdb)(FAILOVER_MODE=(TYPE=SELECT)(METHOD=BASIC))(CID=(PROGRAM=C:\PROJETOSCM5\Bin\Emprestimo.exe)(HOST=WSSP3649)(USER=william.silva))))

  VERSION INFORMATION:
	TNS for 32-bit Windows: Version 9.2.0.1.0 - Production
	Windows NT TCP/IP NT Protocol Adapter for 32-bit Windows: Version 9.2.0.1.0 - Production
  Time: 21-NOV-2012 14:26:59
  Tracing not turned on.
  Tns error struct:
    nr err code: 0
    ns main err code: 12545
    TNS-12545: Connect failed because target host or object does not exist
    ns secondary err code: 12560
    nt main err code: 515
    TNS-00515: Connect failed because target host or object does not exist
    nt secondary err code: 1001
    nt OS err code: 0


***********************************************************************
Fatal NI connect error 12545, connecting to:
 (DESCRIPTION=(ADDRESS=(PROTOCOL=TCP)(HOST=primus-vip)(PORT=1521))(LOAD_BALANCE=yes)(FAILOVER=YES)(CONNECT_DATA=(SERVER=DEDICATED)(SERVICE_NAME=racdb)(FAILOVER_MODE=(TYPE=SELECT)(METHOD=BASIC))(CID=(PROGRAM=C:\PROJETOSCM5\Bin\Emprestimo.exe)(HOST=WSSP3649)(USER=william.silva))))

  VERSION INFORMATION:
	TNS for 32-bit Windows: Version 9.2.0.1.0 - Production
	Windows NT TCP/IP NT Protocol Adapter for 32-bit Windows: Version 9.2.0.1.0 - Production
  Time: 21-NOV-2012 14:27:04
  Tracing not turned on.
  Tns error struct:
    nr err code: 0
    ns main err code: 12545
    TNS-12545: Connect failed because target host or object does not exist
    ns secondary err code: 12560
    nt main err code: 515
    TNS-00515: Connect failed because target host or object does not exist
    nt secondary err code: 1001
    nt OS err code: 0


***********************************************************************
Fatal NI connect error 12545, connecting to:
 (DESCRIPTION=(ADDRESS=(PROTOCOL=TCP)(HOST=secundus-vip)(PORT=1521))(LOAD_BALANCE=yes)(FAILOVER=YES)(CONNECT_DATA=(SERVER=DEDICATED)(SERVICE_NAME=racdb)(FAILOVER_MODE=(TYPE=SELECT)(METHOD=BASIC))(CID=(PROGRAM=C:\PROJETOSCM5\Bin\Emprestimo.exe)(HOST=WSSP3649)(USER=william.silva))))

  VERSION INFORMATION:
	TNS for 32-bit Windows: Version 9.2.0.1.0 - Production
	Windows NT TCP/IP NT Protocol Adapter for 32-bit Windows: Version 9.2.0.1.0 - Production
  Time: 21-NOV-2012 14:27:09
  Tracing not turned on.
  Tns error struct:
    nr err code: 0
    ns main err code: 12545
    TNS-12545: Connect failed because target host or object does not exist
    ns secondary err code: 12560
    nt main err code: 515
    TNS-00515: Connect failed because target host or object does not exist
    nt secondary err code: 1001
    nt OS err code: 0


***********************************************************************
Fatal NI connect error 12545, connecting to:
 (DESCRIPTION=(ADDRESS=(PROTOCOL=TCP)(HOST=primus-vip)(PORT=1521))(LOAD_BALANCE=yes)(FAILOVER=YES)(CONNECT_DATA=(SERVER=DEDICATED)(SERVICE_NAME=racdb)(FAILOVER_MODE=(TYPE=SELECT)(METHOD=BASIC))(CID=(PROGRAM=C:\PROJETOSCM5\Bin\Almoxarifado.exe)(HOST=WSSP3649)(USER=william.silva))))

Fatal NI connect error 12545, connecting to:
 (DESCRIPTION=(ADDRESS=(PROTOCOL=TCP)(HOST=primus-vip)(PORT=1521))(LOAD_BALANCE=yes)(FAILOVER=YES)(CONNECT_DATA=(SERVER=DEDICATED)(SERVICE_NAME=racdb)(FAILOVER_MODE=(TYPE=SELECT)(METHOD=BASIC))(CID=(PROGRAM=C:\PROJETOSCM5\Bin\assistencial.exe)(HOST=WSSP3649)(USER=william.silva))))

  VERSION INFORMATION:
	TNS for 32-bit Windows: Version 9.2.0.1.0 - Production
	Windows NT TCP/IP NT Protocol Adapter for 32-bit Windows: Version 9.2.0.1.0 - Production
  Time: 26-NOV-2012 18:59:16
  Tracing not turned on.
  Tracing not turned on.
  Tns error struct:
  Tns error struct:
    nr err code: 0
    nr err code: 0
    ns main err code: 12545
    ns main err code: 12545
        TNS-12545: Connect failed because target host or object does not exist
    ns secondary err code: 12560
    nt main err code: 515
    TNS-00515: Connect failed because target host or object does not exist
    nt secondary err code: 1001
    nt OS err code: 0
TNS-12545: Connect failed because target host or object does not exist
    ns secondary err code: 12560
    nt main err code: 515
    TNS-00515: Connect failed because target host or object does not exist
    nt secondary err code: 1001
    nt OS err code: 0


***********************************************************************
Fatal NI connect error 12545, connecting to:
 (DESCRIPTION=(ADDRESS=(PROTOCOL=TCP)(HOST=secundus-vip)(PORT=1521))(LOAD_BALANCE=yes)(FAILOVER=YES)(CONNECT_DATA=(SERVER=DEDICATED)(SERVICE_NAME=racdb)(FAILOVER_MODE=(TYPE=SELECT)(METHOD=BASIC))(CID=(PROGRAM=C:\PROJETOSCM5\Bin\AdminImob.exe)(HOST=WSSP3649)(USER=william.silva))))

  VERSION INFORMATION:
	TNS for 32-bit Windows: Version 9.2.0.1.0 - Production
	Windows NT TCP/IP NT Protocol Adapter for 32-bit Windows: Version 9.2.0.1.0 - Production

Fatal NI connect error 12545, connecting to:
 (DESCRIPTION=(ADDRESS=(PROTOCOL=TCP)(HOST=secundus-vip)(PORT=1521))(LOAD_BALANCE=yes)(FAILOVER=YES)(CONNECT_DATA=(SERVER=DEDICATED)(SERVICE_NAME=racdb)(FAILOVER_MODE=(TYPE=SELECT)(METHOD=BASIC))(CID=(PROGRAM=C:\PROJETOSCM5\Bin\Alienacao.exe)(HOST=WSSP3649)(USER=william.silva))))
  Time: 26-NOV-2012 18:59:16

  VERSION INFORMATION:
	TNS for 32-bit Windows: Version 9.2.0.1.0 - Production
	Windows NT TCP/IP NT Protocol Adapter for 32-bit Windows: Version 9.2.0.1.0 - Production
  Tns error struct:
    nr err code: 0
    ns main err code: 12545
  Time: 26-NOV-2012 18:59:16
  Tracing not turned on.
  Tns error struct:
    nr err code: 0
    ns main err code: 12545
    TNS-12545: Connect failed because target host or object does not exist
    ns secondary err code: 12560
    nt main err code: 515
    TNS-00515: Connect failed because target host or object does not exist
    nt secondary err code: 1001
    nt OS err code: 0


***********************************************************************
Fatal NI connect error 12545, connecting to:
 (DESCRIPTION=(ADDRESS=(PROTOCOL=TCP)(HOST=primus-vip)(PORT=1521))(LOAD_BALANCE=yes)(FAILOVER=YES)(CONNECT_DATA=(SERVER=DEDICATED)(SERVICE_NAME=racdb)(FAILOVER_MODE=(TYPE=SELECT)(METHOD=BASIC))(CID=(PROGRAM=C:\PROJETOSCM5\Bin\Alienacao.exe)(HOST=WSSP3649)(USER=william.silva))))

  VERSION INFORMATION:
	TNS for 32-bit Windows: Version 9.2.0.1.0 - Production
	Windows NT TCP/IP NT Protocol Adapter for 32-bit Windows: Version 9.2.0.1.0 - Production
  Time: 26-NOV-2012 18:59:21
  Tracing not turned on.
  Tns error struct:
    nr err code: 0
    ns main err code: 12545
**********************************************
Fatal NI connect error 12545, connecting to:
 (DESCRIPTION=(ADDRESS=(PROTOCOL=TCP)(HOST=primus-vip)(PORT=1521))(LOAD_BALANCE=yes)(FAILOVER=YES)(CONNECT_DATA=(SERVER=DEDICATED)(SERVICE_NAME=racdb)(FAILOVER_MODE=(TYPE=SELECT)(METHOD=BASIC))(CID=(PROGRAM=C:\PROJETOSCM5\Bin\assistencial.exe)(HOST=WSSP3649)(USER=william.silva))))

  VERSION INFORMATION:
	TNS for 32-bit Windows: Version 9.2.0.1.0 - Production
	Windows NT TCP/IP NT Protocol Adapter for 32-bit Windows: Version 9.2.0.1.0 - Production
    me: 26-NOV-2012 18:59:21
  Tracing not turned on.
  Tns error struct:
    nr err code: 0
    ns main err code: 12545
    TNS-12545: Connect failed because target host or object does not exist
    ns secondary err code: 12560
    nt main err code: 515
    TNS-00515: Connect failed because target host or object does not exist
    nt secondary err code: 1001
    nt OS err code: 0


***********************************************************************
Fatal NI connect error 12545, connecting to:
 (DESCRIPTION=(ADDRESS=(PROTOCOL=TCP)(HOST=primus-vip)(PORT=1521))(LOAD_BALANCE=yes)(FAILOVER=YES)(CONNECT_DATA=(SERVER=DEDICATED)(SERVICE_NAME=racdb)(FAILOVER_MODE=(TYPE=SELECT)(METHOD=BASIC))(CID=(PROGRAM=C:\PROJETOSCM5\Bin\AdminImob.exe)(HOST=WSSP3649)(USER=william.silva))))

Fatal NI connect error 12545, connecting to:
 (DESCRIPTION=(ADDRESS=(PROTOCOL=TCP)(HOST=primus-vip)(PORT=1521))(LOAD_BALANCE=yes)(FAILOVER=YES)(CONNECT_DATA=(SERVER=DEDICATED)(SERVICE_NAME=racdb)(FAILOVER_MODE=(TYPE=SELECT)(METHOD=BASIC))(CID=(PROGRAM=C:\PROJETOSCM5\Bin\Almoxarifado.exe)(HOST=WSSP3649)(USER=william.silva))))

  VERSION INFORMATION:
	TNS for 32-bit Windows: Version 9.2.0.1.0 - Production
	Windows NT TCP/IP NT Protocol Adapter for 32-bit Windows: Version 9.2.0.1.0 - Production

  VERSION INFORMATION:
	TNS for 32-bit Windows: Version 9.2.0.1.0 - Production
	Windows NT TCP/IP NT Protocol Adapter for 32-bit Windows: Version 9.2.0.1.0 - Production
  Time: 26-NOV-2012 18:59:21
  Time: 26-NOV-2012 18:59:21
  Tracing not turned on.
  Tracing not turned on.
  Tns error struct:
  Tns error struct:
    nr err code: 0
    nr err code: 0
    ns main err code: 12545
    ns main err code: 12545
        TNS-12545: Connect failed because target host or object does not exist
TNS-12545: Connect failed because target host or object does not exist
    ns secondary err code: 12560
    nt main err code: 515
    TNS-00515: Connect failed because target host or object does not exist
    nt secondary err code: 1001
    nt OS err code: 0


***********************************************************************
Fatal NI connect error 12545, connecting to:
 (DESCRIPTION=(ADDRESS=(PROTOCOL=TCP)(HOST=secundus-vip)(PORT=1521))(LOAD_BALANCE=yes)(FAILOVER=YES)(CONNECT_DATA=(SERVER=DEDICATED)(SERVICE_NAME=racdb)(FAILOVER_MODE=(TYPE=SELECT)(METHOD=BASIC))(CID=(PROGRAM=C:\PROJETOSCM5\Bin\Alienacao.exe)(HOST=WSSP3649)(USER=william.silva))))

  VERSION INFORMATION:
	TNS for 32-bit Windows: Version 9.2.0.1.0 - Production
	Windows NT TCP/IP NT Protocol Adapter for 32-bit Windows: Version 9.2.0.1.0 - Production
  Time: 26-NOV-2012 18:59:26
  Tracing not turned on.
  Tns error struct:
    nr err code: 0
    ns main err code: 12545
    TNS-12545: Connect failed because target host or object does not exist
    ns secondary err code: 12560
    nt main err code: 515
    TNS-00515: Connect failed because target host or object does not exist
    nt secondary err code: 1001
    nt OS err code: 0


***********************************************************************
Fatal NI connect error 12545, connecting to:
 (DESCRIPTION=(ADDRESS=(PROTOCOL=TCP)(HOST=primus-vip)(PORT=1521))(LOAD_BALANCE=yes)(FAILOVER=YES)(CONNECT_DATA=(SERVER=DEDICATED)(SERVICE_NAME=racdb)(FAILOVER_MODE=(TYPE=SELECT)(METHOD=BASIC))(CID=(PROGRAM=C:\PROJETOSCM5\Bin\AdminImob.exe)(HOST=WSSP3649)(USER=william.silva))))

  VERSION INFORMATION:
	TNS for 32-bit Windows: Version 9.2.0.1.0 - Production
	Windows NT TCP/IP NT Protocol Adapter for 32-bit Windows: Version 9.2.0.1.0 - Production
  Time: 26-NOV-2012 18:59:27
  Tracing not turned on.
  Tns error struct:
    nr err code: 0
    ns main err code: 12545
    TNS-12545: Connect failed because target host or object does not exist
    ns secondary err code: 12560
    nt main err code: 515
    TNS-00515: Connect failed because target host or object does not exist
    nt secondary err code: 1001
    nt OS err code: 0


***********************************************************************
Fatal NI connect error 12545, connecting to:
 (DESCRIPTION=(ADDRESS=(PROTOCOL=TCP)(HOST=secundus-vip)(PORT=1521))(LOAD_BALANCE=yes)(FAILOVER=YES)(CONNECT_DATA=(SERVER=DEDICATED)(SERVICE_NAME=racdb)(FAILOVER_MODE=(TYPE=SELECT)(METHOD=BASIC))(CID=(PROGRAM=C:\PROJETOSCM5\Bin\Almoxarifado.exe)(HOST=WSSP3649)(USER=william.silva))))

  VERSION INFORMATION:
	TNS for 32-bit Windows: Version 9.2.0.1.0 - Production
	Windows NT TCP/IP NT Protocol Adapter for 32-bit Windows: Version 9.2.0.1.0 - Production
  Time: 26-NOV-2012 18:59:27
  Tracing not turned on.
  Tns error struct:
    nr err code: 0
    ns main err code: 12545
    TNS-12545: Connect failed because target host or object does not exist
    ns secondary err code: 12560
    nt main err code: 515
    TNS-00515: Connect failed because target host or object does not exist
    nt secondary err code: 1001
    nt OS err code: 0


***********************************************************************
Fatal NI connect error 12545, connecting to:
 (DESCRIPTION=(ADDRESS=(PROTOCOL=TCP)(HOST=secundus-vip)(PORT=1521))(LOAD_BALANCE=yes)(FAILOVER=YES)(CONNECT_DATA=(SERVER=DEDICATED)(SERVICE_NAME=racdb)(FAILOVER_MODE=(TYPE=SELECT)(METHOD=BASIC))(CID=(PROGRAM=C:\PROJETOSCM5\Bin\assistencial.exe)(HOST=WSSP3649)(USER=william.silva))))

  VERSION INFORMATION:
	TNS for 32-bit Windows: Version 9.2.0.1.0 - Production
	Windows NT TCP/IP NT Protocol Adapter for 32-bit Windows: Version 9.2.0.1.0 - Production
  Time: 26-NOV-2012 18:59:28
  Tracing not turned on.
  Tns error struct:
    nr err code: 0
    ns main err code: 12545
    TNS-12545: Connect failed because target host or object does not exist
    ns secondary err code: 12560
    nt main err code: 515
    TNS-00515: Connect failed because target host or object does not exist
    nt secondary err code: 1001
    nt OS err code: 0


***********************************************************************
Fatal NI connect error 12545, connecting to:
 (DESCRIPTION=(ADDRESS=(PROTOCOL=TCP)(HOST=primus-vip)(PORT=1521))(LOAD_BALANCE=yes)(FAILOVER=YES)(CONNECT_DATA=(SERVER=DEDICATED)(SERVICE_NAME=racdb)(FAILOVER_MODE=(TYPE=SELECT)(METHOD=BASIC))(CID=(PROGRAM=C:\PROJETOSCM5\Bin\Alienacao.exe)(HOST=WSSP3649)(USER=william.silva))))

  VERSION INFORMATION:
	TNS for 32-bit Windows: Version 9.2.0.1.0 - Production
	Windows NT TCP/IP NT Protocol Adapter for 32-bit Windows: Version 9.2.0.1.0 - Production
  Time: 26-NOV-2012 18:59:31
  Tracing not turned on.
  Tns error struct:
    nr err code: 0
    ns main err code: 12545
    TNS-12545: Connect failed because target host or object does not exist
    ns secondary err code: 12560
    nt main err code: 515
    TNS-00515: Connect failed because target host or object does not exist
    nt secondary err code: 1001
    nt OS err code: 0


***********************************************************************
Fatal NI connect error 12545, connecting to:
 (DESCRIPTION=(ADDRESS=(PROTOCOL=TCP)(HOST=primus-vip)(PORT=1521))(LOAD_BALANCE=yes)(FAILOVER=YES)(CONNECT_DATA=(SERVER=DEDICATED)(SERVICE_NAME=racdb)(FAILOVER_MODE=(TYPE=SELECT)(METHOD=BASIC))(CID=(PROGRAM=C:\PROJETOSCM5\Bin\AdminImob.exe)(HOST=WSSP3649)(USER=william.silva))))

  VERSION INFORMATION:
	TNS for 32-bit Windows: Version 9.2.0.1.0 - Production
	Windows NT TCP/IP NT Protocol Adapter for 32-bit Windows: Version 9.2.0.1.0 - Production
  Time: 26-NOV-2012 18:59:31
  Tracing not turned on.
  Tns error struct:
    nr err code: 0
    ns main err code: 12545
    TNS-12545: Connect failed because target host or object does not exist
    ns secondary err code: 12560
    nt main err code: 515
    TNS-00515: Connect failed because target host or object does not exist
    nt secondary err code: 1001
    nt OS err code: 0


***********************************************************************
Fatal NI connect error 12545, connecting to:
 (DESCRIPTION=(ADDRESS=(PROTOCOL=TCP)(HOST=secundus-vip)(PORT=1521))(LOAD_BALANCE=yes)(FAILOVER=YES)(CONNECT_DATA=(SERVER=DEDICATED)(SERVICE_NAME=racdb)(FAILOVER_MODE=(TYPE=SELECT)(METHOD=BASIC))(CID=(PROGRAM=C:\PROJETOSCM5\Bin\Almoxarifado.exe)(HOST=WSSP3649)(USER=william.silva))))

  VERSION INFORMATION:
	TNS for 32-bit Windows: Version 9.2.0.1.0 - Production
	Windows NT TCP/IP NT Protocol Adapter for 32-bit Windows: Version 9.2.0.1.0 - Production
  Time: 26-NOV-2012 18:59:32
  Tracing not turned on.
  Tns error struct:
    nr err code: 0
    ns main err code: 12545
    TNS-12545: Connect failed because target host or object does not exist
    ns secondary err code: 12560
    nt main err code: 515
    TNS-00515: Connect failed because target host or object does not exist
    nt secondary err code: 1001
    nt OS err code: 0


***********************************************************************
Fatal NI connect error 12545, connecting to:
 (DESCRIPTION=(ADDRESS=(PROTOCOL=TCP)(HOST=primus-vip)(PORT=1521))(LOAD_BALANCE=yes)(FAILOVER=YES)(CONNECT_DATA=(SERVER=DEDICATED)(SERVICE_NAME=racdb)(FAILOVER_MODE=(TYPE=SELECT)(METHOD=BASIC))(CID=(PROGRAM=C:\PROJETOSCM5\Bin\assistencial.exe)(HOST=WSSP3649)(USER=william.silva))))

  VERSION INFORMATION:
	TNS for 32-bit Windows: Version 9.2.0.1.0 - Production
	Windows NT TCP/IP NT Protocol Adapter for 32-bit Windows: Version 9.2.0.1.0 - Production
  Time: 26-NOV-2012 18:59:32
  Tracing not turned on.
  Tns error struct:
    nr err code: 0
    ns main err code: 12545
    TNS-12545: Connect failed because target host or object does not exist
    ns secondary err code: 12560
    nt main err code: 515
    TNS-00515: Connect failed because target host or object does not exist
    nt secondary err code: 1001
    nt OS err code: 0


***********************************************************************
Fatal NI connect error 12545, connecting to:
 (DESCRIPTION=(ADDRESS=(PROTOCOL=TCP)(HOST=primus-vip)(PORT=1521))(LOAD_BALANCE=yes)(FAILOVER=YES)(CONNECT_DATA=(SERVER=DEDICATED)(SERVICE_NAME=racdb)(FAILOVER_MODE=(TYPE=SELECT)(METHOD=BASIC))(CID=(PROGRAM=C:\PROJETOSCM5\Bin\Alienacao.exe)(HOST=WSSP3649)(USER=william.silva))))

  VERSION INFORMATION:
	TNS for 32-bit Windows: Version 9.2.0.1.0 - Production
	Windows NT TCP/IP NT Protocol Adapter for 32-bit Windows: Version 9.2.0.1.0 - Production
  Time: 26-NOV-2012 18:59:36
  Tracing not turned on.
  Tns error struct:
    nr err code: 0
    ns main err code: 12545
    TNS-12545: Connect failed because target host or object does not exist
    ns secondary err code: 12560
    nt main err code: 515
    TNS-00515: Connect failed because target host or object does not exist
    nt secondary err code: 1001
    nt OS err code: 0


***********************************************************************
Fatal NI connect error 12545, connecting to:
 (DESCRIPTION=(ADDRESS=(PROTOCOL=TCP)(HOST=primus-vip)(PORT=1521))(LOAD_BALANCE=yes)(FAILOVER=YES)(CONNECT_DATA=(SERVER=DEDICATED)(SERVICE_NAME=racdb)(FAILOVER_MODE=(TYPE=SELECT)(METHOD=BASIC))(CID=(PROGRAM=C:\PROJETOSCM5\Bin\AdminImob.exe)(HOST=WSSP3649)(USER=william.silva))))

  VERSION INFORMATION:
	TNS for 32-bit Windows: Version 9.2.0.1.0 - Production
	Windows NT TCP/IP NT Protocol Adapter for 32-bit Windows: Version 9.2.0.1.0 - Production
  Time: 26-NOV-2012 18:59:36
  Tracing not turned on.
  Tns error struct:
    nr err code: 0
    ns main err code: 12545
    TNS-12545: Connect failed because target host or object does not exist
    ns secondary err code: 12560
    nt main err code: 515
    TNS-00515: Connect failed because target host or object does not exist
    nt secondary err code: 1001
    nt OS err code: 0


***********************************************************************
Fatal NI connect error 12545, connecting to:
 (DESCRIPTION=(ADDRESS=(PROTOCOL=TCP)(HOST=secundus-vip)(PORT=1521))(LOAD_BALANCE=yes)(FAILOVER=YES)(CONNECT_DATA=(SERVER=DEDICATED)(SERVICE_NAME=racdb)(FAILOVER_MODE=(TYPE=SELECT)(METHOD=BASIC))(CID=(PROGRAM=C:\PROJETOSCM5\Bin\Almoxarifado.exe)(HOST=WSSP3649)(USER=william.silva))))

  VERSION INFORMATION:
	TNS for 32-bit Windows: Version 9.2.0.1.0 - Production
	Windows NT TCP/IP NT Protocol Adapter for 32-bit Windows: Version 9.2.0.1.0 - Production
  Time: 26-NOV-2012 18:59:36
  Tracing not turned on.
  Tns error struct:
    nr err code: 0
    ns main err code: 12545
    TNS-12545: Connect failed because target host or object does not exist
    ns secondary err code: 12560
    nt main err code: 515
    TNS-00515: Connect failed because target host or object does not exist
    nt secondary err code: 1001
    nt OS err code: 0


***********************************************************************
Fatal NI connect error 12545, connecting to:
 (DESCRIPTION=(ADDRESS=(PROTOCOL=TCP)(HOST=primus-vip)(PORT=1521))(LOAD_BALANCE=yes)(FAILOVER=YES)(CONNECT_DATA=(SERVER=DEDICATED)(SERVICE_NAME=racdb)(FAILOVER_MODE=(TYPE=SELECT)(METHOD=BASIC))(CID=(PROGRAM=C:\PROJETOSCM5\Bin\Alienacao.exe)(HOST=WSSP3649)(USER=william.silva))))

  VERSION INFORMATION:
	TNS for 32-bit Windows: Version 9.2.0.1.0 - Production
	Windows NT TCP/IP NT Protocol Adapter for 32-bit Windows: Version 9.2.0.1.0 - Production
  Time: 26-NOV-2012 18:59:40
  Tracing not turned on.
  Tns error struct:
    nr err code: 0
    ns main err code: 12545
    TNS-12545: Connect failed because target host or object does not exist
    ns secondary err code: 12560
    nt main err code: 515
    TNS-00515: Connect failed because target host or object does not exist
    nt secondary err code: 1001
    nt OS err code: 0


***********************************************************************
Fatal NI connect error 12545, connecting to:
 (DESCRIPTION=(ADDRESS=(PROTOCOL=TCP)(HOST=secundus-vip)(PORT=1521))(LOAD_BALANCE=yes)(FAILOVER=YES)(CONNECT_DATA=(SERVER=DEDICATED)(SERVICE_NAME=racdb)(FAILOVER_MODE=(TYPE=SELECT)(METHOD=BASIC))(CID=(PROGRAM=C:\PROJETOSCM5\Bin\ContribuicaoPrev.exe)(HOST=WSSP3649)(USER=william.silva))))

  VERSION INFORMATION:
	TNS for 32-bit Windows: Version 9.2.0.1.0 - Production
	Windows NT TCP/IP NT Protocol Adapter for 32-bit Windows: Version 9.2.0.1.0 - Production
  Time: 26-NOV-2012 19:00:06
  Tracing not turned on.
  Tns error struct:
    nr err code: 0
    ns main err code: 12545
    TNS-12545: Connect failed because target host or object does not exist
    ns secondary err code: 12560
    nt main err code: 515
    TNS-00515: Connect failed because target host or object does not exist
    nt secondary err code: 1001
    nt OS err code: 0


***********************************************************************
Fatal NI connect error 12545, connecting to:
 (DESCRIPTION=(ADDRESS=(PROTOCOL=TCP)(HOST=primus-vip)(PORT=1521))(LOAD_BALANCE=yes)(FAILOVER=YES)(CONNECT_DATA=(SERVER=DEDICATED)(SERVICE_NAME=racdb)(FAILOVER_MODE=(TYPE=SELECT)(METHOD=BASIC))(CID=(PROGRAM=C:\PROJETOSCM5\Bin\ContribuicaoPrev.exe)(HOST=WSSP3649)(USER=william.silva))))

  VERSION INFORMATION:
	TNS for 32-bit Windows: Version 9.2.0.1.0 - Production
	Windows NT TCP/IP NT Protocol Adapter for 32-bit Windows: Version 9.2.0.1.0 - Production
  Time: 26-NOV-2012 19:00:11
  Tracing not turned on.
  Tns error struct:
    nr err code: 0
    ns main err code: 12545
    TNS-12545: Connect failed because target host or object does not exist
    ns secondary err code: 12560
    nt main err code: 515
    TNS-00515: Connect failed because target host or object does not exist
    nt secondary err code: 1001
    nt OS err code: 0


***********************************************************************
Fatal NI connect error 12545, connecting to:
 (DESCRIPTION=(ADDRESS=(PROTOCOL=TCP)(HOST=primus-vip)(PORT=1521))(LOAD_BALANCE=yes)(FAILOVER=YES)(CONNECT_DATA=(SERVER=DEDICATED)(SERVICE_NAME=racdb)(FAILOVER_MODE=(TYPE=SELECT)(METHOD=BASIC))(CID=(PROGRAM=C:\PROJETOSCM5\Bin\ContribuicaoPrev.exe)(HOST=WSSP3649)(USER=william.silva))))

  VERSION INFORMATION:
	TNS for 32-bit Windows: Version 9.2.0.1.0 - Production
	Windows NT TCP/IP NT Protocol Adapter for 32-bit Windows: Version 9.2.0.1.0 - Production
  Time: 26-NOV-2012 19:00:15
  Tracing not turned on.
  Tns error struct:
    nr err code: 0
    ns main err code: 12545
    TNS-12545: Connect failed because target host or object does not exist
    ns secondary err code: 12560
    nt main err code: 515
    TNS-00515: Connect failed because target host or object does not exist
    nt secondary err code: 1001
    nt OS err code: 0


***********************************************************************
Fatal NI connect error 12545, connecting to:
 (DESCRIPTION=(ADDRESS=(PROTOCOL=TCP)(HOST=primus-vip)(PORT=1521))(LOAD_BALANCE=yes)(FAILOVER=YES)(CONNECT_DATA=(SERVER=DEDICATED)(SERVICE_NAME=racdb)(FAILOVER_MODE=(TYPE=SELECT)(METHOD=BASIC))(CID=(PROGRAM=C:\PROJETOSCM5\Bin\ContribuicaoPrev.exe)(HOST=WSSP3649)(USER=william.silva))))

  VERSION INFORMATION:
	TNS for 32-bit Windows: Version 9.2.0.1.0 - Production
	Windows NT TCP/IP NT Protocol Adapter for 32-bit Windows: Version 9.2.0.1.0 - Production
  Time: 26-NOV-2012 19:00:22
  Tracing not turned on.
  Tns error struct:
    nr err code: 0
    ns main err code: 12545
    TNS-12545: Connect failed because target host or object does not exist
    ns secondary err code: 12560
    nt main err code: 515
    TNS-00515: Connect failed because target host or object does not exist
    nt secondary err code: 1001
    nt OS err code: 0


***********************************************************************
Fatal NI connect error 12545, connecting to:
 (DESCRIPTION=(ADDRESS=(PROTOCOL=TCP)(HOST=primus-vip)(PORT=1521))(LOAD_BALANCE=yes)(FAILOVER=YES)(CONNECT_DATA=(SERVER=DEDICATED)(SERVICE_NAME=racdb)(FAILOVER_MODE=(TYPE=SELECT)(METHOD=BASIC))(CID=(PROGRAM=C:\PROJETOSCM5\Bin\ContribuicaoPrev.exe)(HOST=WSSP3649)(USER=william.silva))))

  VERSION INFORMATION:
	TNS for 32-bit Windows: Version 9.2.0.1.0 - Production
	Windows NT TCP/IP NT Protocol Adapter for 32-bit Windows: Version 9.2.0.1.0 - Production
  Time: 26-NOV-2012 19:00:26
  Tracing not turned on.
  Tns error struct:
    nr err code: 0
    ns main err code: 12545
    TNS-12545: Connect failed because target host or object does not exist
    ns secondary err code: 12560
    nt main err code: 515
    TNS-00515: Connect failed because target host or object does not exist
    nt secondary err code: 1001
    nt OS err code: 0


***********************************************************************
Fatal NI connect error 12545, connecting to:
 (DESCRIPTION=(ADDRESS=(PROTOCOL=TCP)(HOST=secundus-vip)(PORT=1521))(LOAD_BALANCE=yes)(FAILOVER=YES)(CONNECT_DATA=(SERVER=DEDICATED)(SERVICE_NAME=racdb)(FAILOVER_MODE=(TYPE=SELECT)(METHOD=BASIC))(CID=(PROGRAM=C:\PROJETOSCM5\Bin\ContribuicaoPrev.exe)(HOST=WSSP3649)(USER=william.silva))))

  VERSION INFORMATION:
	TNS for 32-bit Windows: Version 9.2.0.1.0 - Production
	Windows NT TCP/IP NT Protocol Adapter for 32-bit Windows: Version 9.2.0.1.0 - Production
  Time: 26-NOV-2012 19:03:02
  Tracing not turned on.
  Tns error struct:
    nr err code: 0
    ns main err code: 12545
    TNS-12545: Connect failed because target host or object does not exist
    ns secondary err code: 12560
    nt main err code: 515
    TNS-00515: Connect failed because target host or object does not exist
    nt secondary err code: 1001
    nt OS err code: 0


***********************************************************************
Fatal NI connect error 12545, connecting to:
 (DESCRIPTION=(ADDRESS=(PROTOCOL=TCP)(HOST=primus-vip)(PORT=1521))(LOAD_BALANCE=yes)(FAILOVER=YES)(CONNECT_DATA=(SERVER=DEDICATED)(SERVICE_NAME=racdb)(FAILOVER_MODE=(TYPE=SELECT)(METHOD=BASIC))(CID=(PROGRAM=C:\PROJETOSCM5\Bin\ContribuicaoPrev.exe)(HOST=WSSP3649)(USER=william.silva))))

  VERSION INFORMATION:
	TNS for 32-bit Windows: Version 9.2.0.1.0 - Production
	Windows NT TCP/IP NT Protocol Adapter for 32-bit Windows: Version 9.2.0.1.0 - Production
  Time: 26-NOV-2012 19:03:07
  Tracing not turned on.
  Tns error struct:
    nr err code: 0
    ns main err code: 12545
    TNS-12545: Connect failed because target host or object does not exist
    ns secondary err code: 12560
    nt main err code: 515
    TNS-00515: Connect failed because target host or object does not exist
    nt secondary err code: 1001
    nt OS err code: 0


***********************************************************************
Fatal NI connect error 12545, connecting to:
 (DESCRIPTION=(ADDRESS=(PROTOCOL=TCP)(HOST=primus-vip)(PORT=1521))(LOAD_BALANCE=yes)(FAILOVER=YES)(CONNECT_DATA=(SERVER=DEDICATED)(SERVICE_NAME=racdb)(FAILOVER_MODE=(TYPE=SELECT)(METHOD=BASIC))(CID=(PROGRAM=C:\PROJETOSCM5\Bin\ContribuicaoPrev.exe)(HOST=WSSP3649)(USER=william.silva))))

  VERSION INFORMATION:
	TNS for 32-bit Windows: Version 9.2.0.1.0 - Production
	Windows NT TCP/IP NT Protocol Adapter for 32-bit Windows: Version 9.2.0.1.0 - Production
  Time: 26-NOV-2012 19:03:11
  Tracing not turned on.
  Tns error struct:
    nr err code: 0
    ns main err code: 12545
    TNS-12545: Connect failed because target host or object does not exist
    ns secondary err code: 12560
    nt main err code: 515
    TNS-00515: Connect failed because target host or object does not exist
    nt secondary err code: 1001
    nt OS err code: 0


***********************************************************************
Fatal NI connect error 12545, connecting to:
 (DESCRIPTION=(ADDRESS=(PROTOCOL=TCP)(HOST=primus-vip)(PORT=1521))(LOAD_BALANCE=yes)(FAILOVER=YES)(CONNECT_DATA=(SERVER=DEDICATED)(SERVICE_NAME=racdb)(FAILOVER_MODE=(TYPE=SELECT)(METHOD=BASIC))(CID=(PROGRAM=C:\PROJETOSCM5\Bin\ContribuicaoPrev.exe)(HOST=WSSP3649)(USER=william.silva))))

  VERSION INFORMATION:
	TNS for 32-bit Windows: Version 9.2.0.1.0 - Production
	Windows NT TCP/IP NT Protocol Adapter for 32-bit Windows: Version 9.2.0.1.0 - Production
  Time: 26-NOV-2012 19:03:17
  Tracing not turned on.
  Tns error struct:
    nr err code: 0
    ns main err code: 12545
    TNS-12545: Connect failed because target host or object does not exist
    ns secondary err code: 12560
    nt main err code: 515
    TNS-00515: Connect failed because target host or object does not exist
    nt secondary err code: 1001
    nt OS err code: 0


***********************************************************************
Fatal NI connect error 12545, connecting to:
 (DESCRIPTION=(ADDRESS=(PROTOCOL=TCP)(HOST=primus-vip)(PORT=1521))(LOAD_BALANCE=yes)(FAILOVER=YES)(CONNECT_DATA=(SERVER=DEDICATED)(SERVICE_NAME=racdb)(FAILOVER_MODE=(TYPE=SELECT)(METHOD=BASIC))(CID=(PROGRAM=C:\PROJETOSCM5\Bin\ContribuicaoPrev.exe)(HOST=WSSP3649)(USER=william.silva))))

  VERSION INFORMATION:
	TNS for 32-bit Windows: Version 9.2.0.1.0 - Production
	Windows NT TCP/IP NT Protocol Adapter for 32-bit Windows: Version 9.2.0.1.0 - Production
  Time: 26-NOV-2012 19:03:22
  Tracing not turned on.
  Tns error struct:
    nr err code: 0
    ns main err code: 12545
    TNS-12545: Connect failed because target host or object does not exist
    ns secondary err code: 12560
    nt main err code: 515
    TNS-00515: Connect failed because target host or object does not exist
    nt secondary err code: 1001
    nt OS err code: 0


***********************************************************************
Fatal NI connect error 12535, connecting to:
 (DESCRIPTION=(ADDRESS=(PROTOCOL=TCP)(HOST=172.16.0.11)(PORT=1522))(CONNECT_DATA=(SERVER=DEDICATED)(SERVICE_NAME=HOM)(CID=(PROGRAM=C:\PROJETOSCM5\Bin\contrato.exe)(HOST=WSSP3649)(USER=bruno.santos))))

  VERSION INFORMATION:
	TNS for 32-bit Windows: Version 9.2.0.1.0 - Production
	Windows NT TCP/IP NT Protocol Adapter for 32-bit Windows: Version 9.2.0.1.0 - Production
  Time: 20-DEZ-2012 11:54:29
  Tracing not turned on.
  Tns error struct:
    nr err code: 0
    ns main err code: 12535
    TNS-12535: TNS:operation timed out
    ns secondary err code: 12560
    nt main err code: 505
    TNS-00505: Operation timed out
    nt secondary err code: 60
    nt OS err code: 0


***********************************************************************
Fatal NI connect error 12535, connecting to:
 (DESCRIPTION=(ADDRESS=(PROTOCOL=TCP)(HOST=172.16.0.11)(PORT=1522))(CONNECT_DATA=(SERVER=DEDICATED)(SERVICE_NAME=HOM)(CID=(PROGRAM=C:\PROJETOSCM5\Bin\ContasaPagar.exe)(HOST=WSSP3649)(USER=bruno.santos))))

  VERSION INFORMATION:
	TNS for 32-bit Windows: Version 9.2.0.1.0 - Production
	Windows NT TCP/IP NT Protocol Adapter for 32-bit Windows: Version 9.2.0.1.0 - Production
  Time: 21-JAN-2013 16:27:14
  Tracing not turned on.
  Tns error struct:
    nr err code: 0
    ns main err code: 12535
    TNS-12535: TNS:operation timed out
    ns secondary err code: 12560
    nt main err code: 505
    TNS-00505: Operation timed out
    nt secondary err code: 60
    nt OS err code: 0


***********************************************************************
Fatal NI connect error 12535, connecting to:
 (DESCRIPTION=(ADDRESS=(PROTOCOL=TCP)(HOST=172.16.0.11)(PORT=1522))(CONNECT_DATA=(SERVER=DEDICATED)(SERVICE_NAME=HOM)(CID=(PROGRAM=C:\PROJETOSCM5\Bin\contrato.exe)(HOST=WSSP3649)(USER=bruno.santos))))

  VERSION INFORMATION:
	TNS for 32-bit Windows: Version 9.2.0.1.0 - Production
	Windows NT TCP/IP NT Protocol Adapter for 32-bit Windows: Version 9.2.0.1.0 - Production
  Time: 23-JAN-2013 11:30:47
  Tracing not turned on.
  Tns error struct:
    nr err code: 0
    ns main err code: 12535
    TNS-12535: TNS:operation timed out
    ns secondary err code: 12560
    nt main err code: 505
    TNS-00505: Operation timed out
    nt secondary err code: 60
    nt OS err code: 0


***********************************************************************
Fatal NI connect error 12535, connecting to:
 (DESCRIPTION=(ADDRESS=(PROTOCOL=TCP)(HOST=172.16.0.11)(PORT=1522))(CONNECT_DATA=(SERVER=DEDICATED)(SERVICE_NAME=HOM)(CID=(PROGRAM=C:\PROJETOSCM5\Bin\ContasaPagar.exe)(HOST=WSSP3649)(USER=bruno.santos))))

  VERSION INFORMATION:
	TNS for 32-bit Windows: Version 9.2.0.1.0 - Production
	Windows NT TCP/IP NT Protocol Adapter for 32-bit Windows: Version 9.2.0.1.0 - Production
  Time: 05-FEV-2013 12:10:08
  Tracing not turned on.
  Tns error struct:
    nr err code: 0
    ns main err code: 12535
    TNS-12535: TNS:operation timed out
    ns secondary err code: 12560
    nt main err code: 505
    TNS-00505: Operation timed out
    nt secondary err code: 60
    nt OS err code: 0


***********************************************************************
Fatal NI connect error 12535, connecting to:
 (DESCRIPTION=(ADDRESS=(PROTOCOL=TCP)(HOST=172.20.16.86)(PORT=1521))(CONNECT_DATA=(SERVER=DEDICATED)(SERVICE_NAME=FUNCEFD)(CID=(PROGRAM=C:\PROJETOSCM5\Bin\BeneficioPrev.exe)(HOST=WSSP3649)(USER=bruno.santos))))

  VERSION INFORMATION:
	TNS for 32-bit Windows: Version 9.2.0.1.0 - Production
	Windows NT TCP/IP NT Protocol Adapter for 32-bit Windows: Version 9.2.0.1.0 - Production
  Time: 04-MAR-2013 16:20:52
  Tracing not turned on.
  Tns error struct:
    nr err code: 0
    ns main err code: 12535
    TNS-12535: TNS:operation timed out
    ns secondary err code: 12560
    nt main err code: 505
    TNS-00505: Operation timed out
    nt secondary err code: 60
    nt OS err code: 0


***********************************************************************
Fatal NI connect error 12535, connecting to:
 (DESCRIPTION=(ADDRESS=(PROTOCOL=TCP)(HOST=172.20.16.86)(PORT=1521))(CONNECT_DATA=(SERVER=DEDICATED)(SERVICE_NAME=FUNCEFD)(CID=(PROGRAM=C:\PROJETOSCM5\Bin\BeneficioPrev.exe)(HOST=WSSP3649)(USER=bruno.santos))))

  VERSION INFORMATION:
	TNS for 32-bit Windows: Version 9.2.0.1.0 - Production
	Windows NT TCP/IP NT Protocol Adapter for 32-bit Windows: Version 9.2.0.1.0 - Production
  Time: 04-MAR-2013 16:21:13
  Tracing not turned on.
  Tns error struct:
    nr err code: 0
    ns main err code: 12535
    TNS-12535: TNS:operation timed out
    ns secondary err code: 12560
    nt main err code: 505
    TNS-00505: Operation timed out
    nt secondary err code: 60
    nt OS err code: 0


***********************************************************************
Fatal NI connect error 12535, connecting to:
 (DESCRIPTION=(ADDRESS=(PROTOCOL=TCP)(HOST=172.20.16.86)(PORT=1521))(CONNECT_DATA=(SERVER=DEDICATED)(SERVICE_NAME=FUNCEFD)(CID=(PROGRAM=C:\PROJETOSCM5\Bin\BeneficioPrev.exe)(HOST=WSSP3649)(USER=bruno.santos))))

  VERSION INFORMATION:
	TNS for 32-bit Windows: Version 9.2.0.1.0 - Production
	Windows NT TCP/IP NT Protocol Adapter for 32-bit Windows: Version 9.2.0.1.0 - Production
  Time: 04-MAR-2013 16:21:34
  Tracing not turned on.
  Tns error struct:
    nr err code: 0
    ns main err code: 12535
    TNS-12535: TNS:operation timed out
    ns secondary err code: 12560
    nt main err code: 505
    TNS-00505: Operation timed out
    nt secondary err code: 60
    nt OS err code: 0


***********************************************************************
Fatal NI connect error 12541, connecting to:
 (DESCRIPTION=(ADDRESS=(PROTOCOL=TCP)(HOST=172.16.0.19)(PORT=1523))(CONNECT_DATA=(SERVER=DEDICATED)(SERVICE_NAME=TST)(CID=(PROGRAM=C:\PROJETOSCM5\Bin\CFINAN.exe)(HOST=WSSP3649)(USER=bruno.santos))))

  VERSION INFORMATION:
	TNS for 32-bit Windows: Version 9.2.0.1.0 - Production
	Windows NT TCP/IP NT Protocol Adapter for 32-bit Windows: Version 9.2.0.1.0 - Production
  Time: 02-OUT-2013 10:34:14
  Tracing not turned on.
  Tns error struct:
    nr err code: 0
    ns main err code: 12541
    TNS-12541: TNS:no listener
    ns secondary err code: 12560
    nt main err code: 511
    TNS-00511: No listener
    nt secondary err code: 61
    nt OS err code: 0


***********************************************************************
Fatal NI connect error 12541, connecting to:
 (DESCRIPTION=(ADDRESS=(PROTOCOL=TCP)(HOST=172.16.0.19)(PORT=1523))(CONNECT_DATA=(SERVER=DEDICATED)(SERVICE_NAME=TST)(CID=(PROGRAM=C:\PROJETOSCM5\Bin\CFINAN.exe)(HOST=WSSP3649)(USER=bruno.santos))))

  VERSION INFORMATION:
	TNS for 32-bit Windows: Version 9.2.0.1.0 - Production
	Windows NT TCP/IP NT Protocol Adapter for 32-bit Windows: Version 9.2.0.1.0 - Production
  Time: 02-OUT-2013 10:34:15
  Tracing not turned on.
  Tns error struct:
    nr err code: 0
    ns main err code: 12541
    TNS-12541: TNS:no listener
    ns secondary err code: 12560
    nt main err code: 511
    TNS-00511: No listener
    nt secondary err code: 61
    nt OS err code: 0


***********************************************************************
Fatal NI connect error 12541, connecting to:
 (DESCRIPTION=(ADDRESS=(PROTOCOL=TCP)(HOST=172.16.0.19)(PORT=1523))(CONNECT_DATA=(SERVER=DEDICATED)(SERVICE_NAME=TST)(CID=(PROGRAM=C:\PROJETOSCM5\Bin\CFINAN.exe)(HOST=WSSP3649)(USER=bruno.santos))))

  VERSION INFORMATION:
	TNS for 32-bit Windows: Version 9.2.0.1.0 - Production
	Windows NT TCP/IP NT Protocol Adapter for 32-bit Windows: Version 9.2.0.1.0 - Production
  Time: 02-OUT-2013 10:34:16
  Tracing not turned on.
  Tns error struct:
    nr err code: 0
    ns main err code: 12541
    TNS-12541: TNS:no listener
    ns secondary err code: 12560
    nt main err code: 511
    TNS-00511: No listener
    nt secondary err code: 61
    nt OS err code: 0


***********************************************************************
Fatal NI connect error 12541, connecting to:
 (DESCRIPTION=(ADDRESS=(PROTOCOL=TCP)(HOST=172.16.0.19)(PORT=1523))(CONNECT_DATA=(SERVER=DEDICATED)(SERVICE_NAME=TST)(CID=(PROGRAM=C:\PROJETOSCM5\Bin\CFINAN.exe)(HOST=WSSP3649)(USER=bruno.santos))))

  VERSION INFORMATION:
	TNS for 32-bit Windows: Version 9.2.0.1.0 - Production
	Windows NT TCP/IP NT Protocol Adapter for 32-bit Windows: Version 9.2.0.1.0 - Production
  Time: 02-OUT-2013 10:34:28
  Tracing not turned on.
  Tns error struct:
    nr err code: 0
    ns main err code: 12541
    TNS-12541: TNS:no listener
    ns secondary err code: 12560
    nt main err code: 511
    TNS-00511: No listener
    nt secondary err code: 61
    nt OS err code: 0


***********************************************************************
Fatal NI connect error 12541, connecting to:
 (DESCRIPTION=(ADDRESS=(PROTOCOL=TCP)(HOST=172.16.0.19)(PORT=1523))(CONNECT_DATA=(SERVER=DEDICATED)(SERVICE_NAME=TST)(CID=(PROGRAM=C:\PROJETOSCM5\Bin\CFINAN.exe)(HOST=WSSP3649)(USER=bruno.santos))))

  VERSION INFORMATION:
	TNS for 32-bit Windows: Version 9.2.0.1.0 - Production
	Windows NT TCP/IP NT Protocol Adapter for 32-bit Windows: Version 9.2.0.1.0 - Production
  Time: 02-OUT-2013 10:34:29
  Tracing not turned on.
  Tns error struct:
    nr err code: 0
    ns main err code: 12541
    TNS-12541: TNS:no listener
    ns secondary err code: 12560
    nt main err code: 511
    TNS-00511: No listener
    nt secondary err code: 61
    nt OS err code: 0


***********************************************************************
Fatal NI connect error 12535, connecting to:
 (DESCRIPTION=(ADDRESS=(PROTOCOL=TCP)(HOST=172.20.16.86)(PORT=1521))(CONNECT_DATA=(SERVER=DEDICATED)(SERVICE_NAME=FUNCEFD)(CID=(PROGRAM=C:\PROJETOSCM5\Bin\CadastroPrev.exe)(HOST=WSSP3649)(USER=bruno.santos))))

  VERSION INFORMATION:
	TNS for 32-bit Windows: Version 9.2.0.1.0 - Production
	Windows NT TCP/IP NT Protocol Adapter for 32-bit Windows: Version 9.2.0.1.0 - Production
  Time: 08-JAN-2014 09:25:02
  Tracing not turned on.
  Tns error struct:
    nr err code: 0
    ns main err code: 12535
    TNS-12535: TNS:operation timed out
    ns secondary err code: 12560
    nt main err code: 505
    TNS-00505: Operation timed out
    nt secondary err code: 60
    nt OS err code: 0


***********************************************************************
Fatal NI connect error 12535, connecting to:
 (DESCRIPTION=(ADDRESS=(PROTOCOL=TCP)(HOST=172.20.16.86)(PORT=1521))(CONNECT_DATA=(SERVER=DEDICATED)(SERVICE_NAME=FUNCEFD)(CID=(PROGRAM=C:\PROJETOSCM5\Bin\CadastroPrev.exe)(HOST=WSSP3649)(USER=bruno.santos))))

  VERSION INFORMATION:
	TNS for 32-bit Windows: Version 9.2.0.1.0 - Production
	Windows NT TCP/IP NT Protocol Adapter for 32-bit Windows: Version 9.2.0.1.0 - Production
  Time: 08-JAN-2014 09:25:24
  Tracing not turned on.
  Tns error struct:
    nr err code: 0
    ns main err code: 12535
    TNS-12535: TNS:operation timed out
    ns secondary err code: 12560
    nt main err code: 505
    TNS-00505: Operation timed out
    nt secondary err code: 60
    nt OS err code: 0


***********************************************************************
Fatal NI connect error 12535, connecting to:
 (DESCRIPTION=(ADDRESS=(PROTOCOL=TCP)(HOST=172.20.16.86)(PORT=1521))(CONNECT_DATA=(SERVER=DEDICATED)(SERVICE_NAME=FUNCEFD)(CID=(PROGRAM=C:\PROJETOSCM5\Bin\CadastroPrev.exe)(HOST=WSSP3649)(USER=bruno.santos))))

  VERSION INFORMATION:
	TNS for 32-bit Windows: Version 9.2.0.1.0 - Production
	Windows NT TCP/IP NT Protocol Adapter for 32-bit Windows: Version 9.2.0.1.0 - Production
  Time: 08-JAN-2014 09:25:45
  Tracing not turned on.
  Tns error struct:
    nr err code: 0
    ns main err code: 12535
    TNS-12535: TNS:operation timed out
    ns secondary err code: 12560
    nt main err code: 505
    TNS-00505: Operation timed out
    nt secondary err code: 60
    nt OS err code: 0


***********************************************************************
Fatal NI connect error 12535, connecting to:
 (DESCRIPTION=(ADDRESS=(PROTOCOL=TCP)(HOST=172.20.16.86)(PORT=1521))(CONNECT_DATA=(SERVER=DEDICATED)(SERVICE_NAME=FUNCEFD)(CID=(PROGRAM=C:\PROJETOSCM5\Bin\CadastroPrev.exe)(HOST=WSSP3649)(USER=bruno.santos))))

  VERSION INFORMATION:
	TNS for 32-bit Windows: Version 9.2.0.1.0 - Production
	Windows NT TCP/IP NT Protocol Adapter for 32-bit Windows: Version 9.2.0.1.0 - Production
  Time: 08-JAN-2014 09:26:14
  Tracing not turned on.
  Tns error struct:
    nr err code: 0
    ns main err code: 12535
    TNS-12535: TNS:operation timed out
    ns secondary err code: 12560
    nt main err code: 505
    TNS-00505: Operation timed out
    nt secondary err code: 60
    nt OS err code: 0


***********************************************************************
Fatal NI connect error 12535, connecting to:
 (DESCRIPTION=(ADDRESS=(PROTOCOL=TCP)(HOST=172.20.16.86)(PORT=1521))(CONNECT_DATA=(SERVER=DEDICATED)(SERVICE_NAME=FUNCEFD)(CID=(PROGRAM=C:\PROJETOSCM5\Bin\ContribuicaoPrev.exe)(HOST=WSSP3649)(USER=bruno.santos))))

  VERSION INFORMATION:
	TNS for 32-bit Windows: Version 9.2.0.1.0 - Production
	Windows NT TCP/IP NT Protocol Adapter for 32-bit Windows: Version 9.2.0.1.0 - Production
  Time: 08-JAN-2014 12:18:25
  Tracing not turned on.
  Tns error struct:
    nr err code: 0
    ns main err code: 12535
    TNS-12535: TNS:operation timed out
    ns secondary err code: 12560
    nt main err code: 505
    TNS-00505: Operation timed out
    nt secondary err code: 60
    nt OS err code: 0


***********************************************************************
Fatal NI connect error 12535, connecting to:
 (DESCRIPTION=(ADDRESS=(PROTOCOL=TCP)(HOST=172.20.16.86)(PORT=1521))(CONNECT_DATA=(SERVER=DEDICATED)(SERVICE_NAME=FUNCEFD)(CID=(PROGRAM=C:\PROJETOSCM5\Bin\ContribuicaoPrev.exe)(HOST=WSSP3649)(USER=bruno.santos))))

  VERSION INFORMATION:
	TNS for 32-bit Windows: Version 9.2.0.1.0 - Production
	Windows NT TCP/IP NT Protocol Adapter for 32-bit Windows: Version 9.2.0.1.0 - Production
  Time: 08-JAN-2014 12:18:46
  Tracing not turned on.
  Tns error struct:
    nr err code: 0
    ns main err code: 12535
    TNS-12535: TNS:operation timed out
    ns secondary err code: 12560
    nt main err code: 505
    TNS-00505: Operation timed out
    nt secondary err code: 60
    nt OS err code: 0


***********************************************************************
Fatal NI connect error 12535, connecting to:
 (DESCRIPTION=(ADDRESS=(PROTOCOL=TCP)(HOST=172.20.16.86)(PORT=1521))(CONNECT_DATA=(SERVER=DEDICATED)(SERVICE_NAME=FUNCEFD)(CID=(PROGRAM=C:\PROJETOSCM5\Bin\ContribuicaoPrev.exe)(HOST=WSSP3649)(USER=bruno.santos))))

  VERSION INFORMATION:
	TNS for 32-bit Windows: Version 9.2.0.1.0 - Production
	Windows NT TCP/IP NT Protocol Adapter for 32-bit Windows: Version 9.2.0.1.0 - Production
  Time: 08-JAN-2014 12:19:07
  Tracing not turned on.
  Tns error struct:
    nr err code: 0
    ns main err code: 12535
    TNS-12535: TNS:operation timed out
    ns secondary err code: 12560
    nt main err code: 505
    TNS-00505: Operation timed out
    nt secondary err code: 60
    nt OS err code: 0


***********************************************************************
Fatal NI connect error 12535, connecting to:
 (DESCRIPTION=(ADDRESS=(PROTOCOL=TCP)(HOST=172.20.16.86)(PORT=1521))(CONNECT_DATA=(SERVER=DEDICATED)(SERVICE_NAME=FUNCEFD)(CID=(PROGRAM=C:\PROJETOSCM5\Bin\ContribuicaoPrev.exe)(HOST=WSSP3649)(USER=bruno.santos))))

  VERSION INFORMATION:
	TNS for 32-bit Windows: Version 9.2.0.1.0 - Production
	Windows NT TCP/IP NT Protocol Adapter for 32-bit Windows: Version 9.2.0.1.0 - Production
  Time: 08-JAN-2014 12:19:35
  Tracing not turned on.
  Tns error struct:
    nr err code: 0
    ns main err code: 12535
    TNS-12535: TNS:operation timed out
    ns secondary err code: 12560
    nt main err code: 505
    TNS-00505: Operation timed out
    nt secondary err code: 60
    nt OS err code: 0


***********************************************************************
Fatal NI connect error 12535, connecting to:
 (DESCRIPTION=(ADDRESS=(PROTOCOL=TCP)(HOST=172.20.16.86)(PORT=1521))(CONNECT_DATA=(SERVER=DEDICATED)(SERVICE_NAME=FUNCEFD)(CID=(PROGRAM=C:\PROJETOSCM5\Bin\ContribuicaoPrev.exe)(HOST=WSSP3649)(USER=bruno.santos))))

  VERSION INFORMATION:
	TNS for 32-bit Windows: Version 9.2.0.1.0 - Production
	Windows NT TCP/IP NT Protocol Adapter for 32-bit Windows: Version 9.2.0.1.0 - Production
  Time: 08-JAN-2014 12:19:56
  Tracing not turned on.
  Tns error struct:
    nr err code: 0
    ns main err code: 12535
    TNS-12535: TNS:operation timed out
    ns secondary err code: 12560
    nt main err code: 505
    TNS-00505: Operation timed out
    nt secondary err code: 60
    nt OS err code: 0


***********************************************************************
Fatal NI connect error 12535, connecting to:
 (DESCRIPTION=(ADDRESS=(PROTOCOL=TCP)(HOST=172.20.16.86)(PORT=1521))(CONNECT_DATA=(SERVER=DEDICATED)(SERVICE_NAME=FUNCEFD)(CID=(PROGRAM=C:\PROJETOSCM5\Bin\ContribuicaoPrev.exe)(HOST=WSSP3649)(USER=bruno.santos))))

  VERSION INFORMATION:
	TNS for 32-bit Windows: Version 9.2.0.1.0 - Production
	Windows NT TCP/IP NT Protocol Adapter for 32-bit Windows: Version 9.2.0.1.0 - Production
  Time: 08-JAN-2014 12:20:46
  Tracing not turned on.
  Tns error struct:
    nr err code: 0
    ns main err code: 12535
    TNS-12535: TNS:operation timed out
    ns secondary err code: 12560
    nt main err code: 505
    TNS-00505: Operation timed out
    nt secondary err code: 60
    nt OS err code: 0


***********************************************************************
Fatal NI connect error 12535, connecting to:
 (DESCRIPTION=(ADDRESS=(PROTOCOL=TCP)(HOST=172.20.16.86)(PORT=1521))(CONNECT_DATA=(SERVER=DEDICATED)(SERVICE_NAME=FUNCEFD)(CID=(PROGRAM=C:\PROJETOSCM5\Bin\ContribuicaoPrev.exe)(HOST=WSSP3649)(USER=bruno.santos))))

  VERSION INFORMATION:
	TNS for 32-bit Windows: Version 9.2.0.1.0 - Production
	Windows NT TCP/IP NT Protocol Adapter for 32-bit Windows: Version 9.2.0.1.0 - Production
  Time: 08-JAN-2014 12:21:07
  Tracing not turned on.
  Tns error struct:
    nr err code: 0
    ns main err code: 12535
    TNS-12535: TNS:operation timed out
    ns secondary err code: 12560
    nt main err code: 505
    TNS-00505: Operation timed out
    nt secondary err code: 60
    nt OS err code: 0


***********************************************************************
Fatal NI connect error 12535, connecting to:
 (DESCRIPTION=(ADDRESS=(PROTOCOL=TCP)(HOST=172.20.16.86)(PORT=1521))(CONNECT_DATA=(SERVER=DEDICATED)(SERVICE_NAME=FUNCEFD)(CID=(PROGRAM=C:\PROJETOSCM5\Bin\ContribuicaoPrev.exe)(HOST=WSSP3649)(USER=bruno.santos))))

  VERSION INFORMATION:
	TNS for 32-bit Windows: Version 9.2.0.1.0 - Production
	Windows NT TCP/IP NT Protocol Adapter for 32-bit Windows: Version 9.2.0.1.0 - Production
  Time: 08-JAN-2014 12:21:28
  Tracing not turned on.
  Tns error struct:
    nr err code: 0
    ns main err code: 12535
    TNS-12535: TNS:operation timed out
    ns secondary err code: 12560
    nt main err code: 505
    TNS-00505: Operation timed out
    nt secondary err code: 60
    nt OS err code: 0


***********************************************************************
Fatal NI connect error 12535, connecting to:
 (DESCRIPTION=(ADDRESS=(PROTOCOL=TCP)(HOST=172.20.16.86)(PORT=1521))(CONNECT_DATA=(SERVER=DEDICATED)(SERVICE_NAME=FUNCEFD)(CID=(PROGRAM=C:\PROJETOSCM5\Bin\ContribuicaoPrev.exe)(HOST=WSSP3649)(USER=bruno.santos))))

  VERSION INFORMATION:
	TNS for 32-bit Windows: Version 9.2.0.1.0 - Production
	Windows NT TCP/IP NT Protocol Adapter for 32-bit Windows: Version 9.2.0.1.0 - Production
  Time: 08-JAN-2014 12:23:09
  Tracing not turned on.
  Tns error struct:
    nr err code: 0
    ns main err code: 12535
    TNS-12535: TNS:operation timed out
    ns secondary err code: 12560
    nt main err code: 505
    TNS-00505: Operation timed out
    nt secondary err code: 60
    nt OS err code: 0


***********************************************************************
Fatal NI connect error 12535, connecting to:
 (DESCRIPTION=(ADDRESS=(PROTOCOL=TCP)(HOST=172.20.16.86)(PORT=1521))(CONNECT_DATA=(SERVER=DEDICATED)(SERVICE_NAME=FUNCEFD)(CID=(PROGRAM=C:\PROJETOSCM5\Bin\ContribuicaoPrev.exe)(HOST=WSSP3649)(USER=bruno.santos))))

  VERSION INFORMATION:
	TNS for 32-bit Windows: Version 9.2.0.1.0 - Production
	Windows NT TCP/IP NT Protocol Adapter for 32-bit Windows: Version 9.2.0.1.0 - Production
  Time: 08-JAN-2014 12:23:30
  Tracing not turned on.
  Tns error struct:
    nr err code: 0
    ns main err code: 12535
    TNS-12535: TNS:operation timed out
    ns secondary err code: 12560
    nt main err code: 505
    TNS-00505: Operation timed out
    nt secondary err code: 60
    nt OS err code: 0


***********************************************************************
Fatal NI connect error 12535, connecting to:
 (DESCRIPTION=(ADDRESS=(PROTOCOL=TCP)(HOST=172.20.16.86)(PORT=1521))(CONNECT_DATA=(SERVER=DEDICATED)(SERVICE_NAME=FUNCEFD)(CID=(PROGRAM=C:\PROJETOSCM5\Bin\ContribuicaoPrev.exe)(HOST=WSSP3649)(USER=bruno.santos))))

  VERSION INFORMATION:
	TNS for 32-bit Windows: Version 9.2.0.1.0 - Production
	Windows NT TCP/IP NT Protocol Adapter for 32-bit Windows: Version 9.2.0.1.0 - Production
  Time: 08-JAN-2014 13:57:24
  Tracing not turned on.
  Tns error struct:
    nr err code: 0
    ns main err code: 12535
    TNS-12535: TNS:operation timed out
    ns secondary err code: 12560
    nt main err code: 505
    TNS-00505: Operation timed out
    nt secondary err code: 60
    nt OS err code: 0


***********************************************************************
Fatal NI connect error 12535, connecting to:
 (DESCRIPTION=(ADDRESS=(PROTOCOL=TCP)(HOST=172.20.16.86)(PORT=1521))(CONNECT_DATA=(SERVER=DEDICATED)(SERVICE_NAME=FUNCEFD)(CID=(PROGRAM=C:\PROJETOSCM5\Bin\AdminImob.exe)(HOST=WSSP3649)(USER=bruno.santos))))

  VERSION INFORMATION:
	TNS for 32-bit Windows: Version 9.2.0.1.0 - Production
	Windows NT TCP/IP NT Protocol Adapter for 32-bit Windows: Version 9.2.0.1.0 - Production
  Time: 24-FEV-2014 13:04:17
  Tracing not turned on.
  Tns error struct:
    nr err code: 0
    ns main err code: 12535
    TNS-12535: TNS:operation timed out
    ns secondary err code: 12560
    nt main err code: 505
    TNS-00505: Operation timed out
    nt secondary err code: 60
    nt OS err code: 0


***********************************************************************
Fatal NI connect error 12535, connecting to:
 (DESCRIPTION=(ADDRESS=(PROTOCOL=TCP)(HOST=172.20.16.86)(PORT=1521))(CONNECT_DATA=(SERVER=DEDICATED)(SERVICE_NAME=FUNCEFD)(CID=(PROGRAM=C:\PROJETOSCM5\Bin\AdminImob.exe)(HOST=WSSP3649)(USER=bruno.santos))))

  VERSION INFORMATION:
	TNS for 32-bit Windows: Version 9.2.0.1.0 - Production
	Windows NT TCP/IP NT Protocol Adapter for 32-bit Windows: Version 9.2.0.1.0 - Production
  Time: 24-FEV-2014 13:04:39
  Tracing not turned on.
  Tns error struct:
    nr err code: 0
    ns main err code: 12535
    TNS-12535: TNS:operation timed out
    ns secondary err code: 12560
    nt main err code: 505
    TNS-00505: Operation timed out
    nt secondary err code: 60
    nt OS err code: 0


***********************************************************************
Fatal NI connect error 12535, connecting to:
 (DESCRIPTION=(ADDRESS=(PROTOCOL=TCP)(HOST=172.20.16.86)(PORT=1521))(CONNECT_DATA=(SERVER=DEDICATED)(SERVICE_NAME=FUNCEFD)(CID=(PROGRAM=C:\PROJETOSCM5\Bin\AdminImob.exe)(HOST=WSSP3649)(USER=bruno.santos))))

  VERSION INFORMATION:
	TNS for 32-bit Windows: Version 9.2.0.1.0 - Production
	Windows NT TCP/IP NT Protocol Adapter for 32-bit Windows: Version 9.2.0.1.0 - Production
  Time: 24-FEV-2014 13:05:00
  Tracing not turned on.
  Tns error struct:
    nr err code: 0
    ns main err code: 12535
    TNS-12535: TNS:operation timed out
    ns secondary err code: 12560
    nt main err code: 505
    TNS-00505: Operation timed out
    nt secondary err code: 60
    nt OS err code: 0


***********************************************************************
Fatal NI connect error 12535, connecting to:
 (DESCRIPTION=(ADDRESS=(PROTOCOL=TCP)(HOST=172.20.16.86)(PORT=1521))(CONNECT_DATA=(SERVER=DEDICATED)(SERVICE_NAME=FUNCEFD)(CID=(PROGRAM=C:\PROJETOSCM5\Bin\AdminImob.exe)(HOST=WSSP3649)(USER=bruno.santos))))

  VERSION INFORMATION:
	TNS for 32-bit Windows: Version 9.2.0.1.0 - Production
	Windows NT TCP/IP NT Protocol Adapter for 32-bit Windows: Version 9.2.0.1.0 - Production
  Time: 24-FEV-2014 13:05:22
  Tracing not turned on.
  Tns error struct:
    nr err code: 0
    ns main err code: 12535
    TNS-12535: TNS:operation timed out
    ns secondary err code: 12560
    nt main err code: 505
    TNS-00505: Operation timed out
    nt secondary err code: 60
    nt OS err code: 0


***********************************************************************
Fatal NI connect error 12535, connecting to:
 (DESCRIPTION=(ADDRESS=(PROTOCOL=TCP)(HOST=172.20.16.86)(PORT=1521))(CONNECT_DATA=(SERVER=DEDICATED)(SERVICE_NAME=FUNCEFD)(CID=(PROGRAM=C:\PROJETOSCM5\Bin\AdminImob.exe)(HOST=WSSP3649)(USER=bruno.santos))))

  VERSION INFORMATION:
	TNS for 32-bit Windows: Version 9.2.0.1.0 - Production
	Windows NT TCP/IP NT Protocol Adapter for 32-bit Windows: Version 9.2.0.1.0 - Production
  Time: 24-FEV-2014 13:05:54
  Tracing not turned on.
  Tns error struct:
    nr err code: 0
    ns main err code: 12535
    TNS-12535: TNS:operation timed out
    ns secondary err code: 12560
    nt main err code: 505
    TNS-00505: Operation timed out
    nt secondary err code: 60
    nt OS err code: 0


***********************************************************************
Fatal NI connect error 12535, connecting to:
 (DESCRIPTION=(ADDRESS=(PROTOCOL=TCP)(HOST=172.20.16.86)(PORT=1521))(CONNECT_DATA=(SERVER=DEDICATED)(SERVICE_NAME=FUNCEFD)(CID=(PROGRAM=C:\PROJETOSCM5\Bin\AdminImob.exe)(HOST=WSSP3649)(USER=bruno.santos))))

  VERSION INFORMATION:
	TNS for 32-bit Windows: Version 9.2.0.1.0 - Production
	Windows NT TCP/IP NT Protocol Adapter for 32-bit Windows: Version 9.2.0.1.0 - Production
  Time: 24-FEV-2014 13:06:15
  Tracing not turned on.
  Tns error struct:
    nr err code: 0
    ns main err code: 12535
    TNS-12535: TNS:operation timed out
    ns secondary err code: 12560
    nt main err code: 505
    TNS-00505: Operation timed out
    nt secondary err code: 60
    nt OS err code: 0


***********************************************************************
Fatal NI connect error 12535, connecting to:
 (DESCRIPTION=(ADDRESS=(PROTOCOL=TCP)(HOST=172.20.16.86)(PORT=1521))(CONNECT_DATA=(SERVER=DEDICATED)(SERVICE_NAME=FUNCEFD)(CID=(PROGRAM=C:\PROJETOSCM5\Bin\AdminImob.exe)(HOST=WSSP3649)(USER=bruno.santos))))

  VERSION INFORMATION:
	TNS for 32-bit Windows: Version 9.2.0.1.0 - Production
	Windows NT TCP/IP NT Protocol Adapter for 32-bit Windows: Version 9.2.0.1.0 - Production
  Time: 24-FEV-2014 13:06:36
  Tracing not turned on.
  Tns error struct:
    nr err code: 0
    ns main err code: 12535
    TNS-12535: TNS:operation timed out
    ns secondary err code: 12560
    nt main err code: 505
    TNS-00505: Operation timed out
    nt secondary err code: 60
    nt OS err code: 0


***********************************************************************
Fatal NI connect error 12535, connecting to:
 (DESCRIPTION=(ADDRESS=(PROTOCOL=TCP)(HOST=172.20.16.86)(PORT=1521))(CONNECT_DATA=(SERVER=DEDICATED)(SERVICE_NAME=FUNCEFD)(CID=(PROGRAM=C:\PROJETOSCM5\Bin\AdminImob.exe)(HOST=WSSP3649)(USER=bruno.santos))))

  VERSION INFORMATION:
	TNS for 32-bit Windows: Version 9.2.0.1.0 - Production
	Windows NT TCP/IP NT Protocol Adapter for 32-bit Windows: Version 9.2.0.1.0 - Production
  Time: 07-MAR-2014 13:01:08
  Tracing not turned on.
  Tns error struct:
    nr err code: 0
    ns main err code: 12535
    TNS-12535: TNS:operation timed out
    ns secondary err code: 12560
    nt main err code: 505
    TNS-00505: Operation timed out
    nt secondary err code: 60
    nt OS err code: 0


***********************************************************************
Fatal NI connect error 12535, connecting to:
 (DESCRIPTION=(ADDRESS=(PROTOCOL=TCP)(HOST=172.20.16.86)(PORT=1521))(CONNECT_DATA=(SERVER=DEDICATED)(SERVICE_NAME=FUNCEFD)(CID=(PROGRAM=C:\PROJETOSCM5\Bin\AdminImob.exe)(HOST=WSSP3649)(USER=bruno.santos))))

  VERSION INFORMATION:
	TNS for 32-bit Windows: Version 9.2.0.1.0 - Production
	Windows NT TCP/IP NT Protocol Adapter for 32-bit Windows: Version 9.2.0.1.0 - Production
  Time: 07-MAR-2014 13:01:29
  Tracing not turned on.
  Tns error struct:
    nr err code: 0
    ns main err code: 12535
    TNS-12535: TNS:operation timed out
    ns secondary err code: 12560
    nt main err code: 505
    TNS-00505: Operation timed out
    nt secondary err code: 60
    nt OS err code: 0


***********************************************************************
Fatal NI connect error 12535, connecting to:
 (DESCRIPTION=(ADDRESS=(PROTOCOL=TCP)(HOST=172.20.16.86)(PORT=1521))(CONNECT_DATA=(SERVER=DEDICATED)(SERVICE_NAME=FUNCEFD)(CID=(PROGRAM=C:\PROJETOSCM5\Bin\AdminImob.exe)(HOST=WSSP3649)(USER=bruno.santos))))

  VERSION INFORMATION:
	TNS for 32-bit Windows: Version 9.2.0.1.0 - Production
	Windows NT TCP/IP NT Protocol Adapter for 32-bit Windows: Version 9.2.0.1.0 - Production
  Time: 07-MAR-2014 13:01:50
  Tracing not turned on.
  Tns error struct:
    nr err code: 0
    ns main err code: 12535
    TNS-12535: TNS:operation timed out
    ns secondary err code: 12560
    nt main err code: 505
    TNS-00505: Operation timed out
    nt secondary err code: 60
    nt OS err code: 0


***********************************************************************
Fatal NI connect error 12535, connecting to:
 (DESCRIPTION=(ADDRESS=(PROTOCOL=TCP)(HOST=172.20.16.86)(PORT=1521))(CONNECT_DATA=(SERVER=DEDICATED)(SERVICE_NAME=FUNCEFD)(CID=(PROGRAM=C:\PROJETOSCM5\Bin\AdminImob.exe)(HOST=WSSP3649)(USER=bruno.santos))))

  VERSION INFORMATION:
	TNS for 32-bit Windows: Version 9.2.0.1.0 - Production
	Windows NT TCP/IP NT Protocol Adapter for 32-bit Windows: Version 9.2.0.1.0 - Production
  Time: 07-MAR-2014 13:02:14
  Tracing not turned on.
  Tns error struct:
    nr err code: 0
    ns main err code: 12535
    TNS-12535: TNS:operation timed out
    ns secondary err code: 12560
    nt main err code: 505
    TNS-00505: Operation timed out
    nt secondary err code: 60
    nt OS err code: 0


***********************************************************************
Fatal NI connect error 12535, connecting to:
 (DESCRIPTION=(ADDRESS=(PROTOCOL=TCP)(HOST=172.20.16.86)(PORT=1521))(CONNECT_DATA=(SERVER=DEDICATED)(SERVICE_NAME=FUNCEFD)(CID=(PROGRAM=C:\PROJETOSCM5\Bin\AdminImob.exe)(HOST=WSSP3649)(USER=bruno.santos))))

  VERSION INFORMATION:
	TNS for 32-bit Windows: Version 9.2.0.1.0 - Production
	Windows NT TCP/IP NT Protocol Adapter for 32-bit Windows: Version 9.2.0.1.0 - Production
  Time: 07-MAR-2014 13:02:36
  Tracing not turned on.
  Tns error struct:
    nr err code: 0
    ns main err code: 12535
    TNS-12535: TNS:operation timed out
    ns secondary err code: 12560
    nt main err code: 505
    TNS-00505: Operation timed out
    nt secondary err code: 60
    nt OS err code: 0


***********************************************************************
Fatal NI connect error 12535, connecting to:
 (DESCRIPTION=(ADDRESS=(PROTOCOL=TCP)(HOST=172.20.16.86)(PORT=1521))(CONNECT_DATA=(SERVER=DEDICATED)(SERVICE_NAME=FUNCEFD)(CID=(PROGRAM=C:\PROJETOSCM5\Bin\AdminImob.exe)(HOST=WSSP3649)(USER=bruno.santos))))

  VERSION INFORMATION:
	TNS for 32-bit Windows: Version 9.2.0.1.0 - Production
	Windows NT TCP/IP NT Protocol Adapter for 32-bit Windows: Version 9.2.0.1.0 - Production
  Time: 07-MAR-2014 13:02:57
  Tracing not turned on.
  Tns error struct:
    nr err code: 0
    ns main err code: 12535
    TNS-12535: TNS:operation timed out
    ns secondary err code: 12560
    nt main err code: 505
    TNS-00505: Operation timed out
    nt secondary err code: 60
    nt OS err code: 0


***********************************************************************
Fatal NI connect error 12535, connecting to:
 (DESCRIPTION=(ADDRESS=(PROTOCOL=TCP)(HOST=172.20.16.86)(PORT=1521))(CONNECT_DATA=(SERVER=DEDICATED)(SERVICE_NAME=FUNCEFD)(CID=(PROGRAM=C:\PROJETOSCM5\Bin\AdminImob.exe)(HOST=WSSP3649)(USER=bruno.santos))))

  VERSION INFORMATION:
	TNS for 32-bit Windows: Version 9.2.0.1.0 - Production
	Windows NT TCP/IP NT Protocol Adapter for 32-bit Windows: Version 9.2.0.1.0 - Production
  Time: 10-MAR-2014 16:38:36
  Tracing not turned on.
  Tns error struct:
    nr err code: 0
    ns main err code: 12535
    TNS-12535: TNS:operation timed out
    ns secondary err code: 12560
    nt main err code: 505
    TNS-00505: Operation timed out
    nt secondary err code: 60
    nt OS err code: 0


***********************************************************************
Fatal NI connect error 12535, connecting to:
 (DESCRIPTION=(ADDRESS=(PROTOCOL=TCP)(HOST=172.20.16.86)(PORT=1521))(CONNECT_DATA=(SERVER=DEDICATED)(SERVICE_NAME=FUNCEFD)(CID=(PROGRAM=C:\PROJETOSCM5\Bin\AdminImob.exe)(HOST=WSSP3649)(USER=bruno.santos))))

  VERSION INFORMATION:
	TNS for 32-bit Windows: Version 9.2.0.1.0 - Production
	Windows NT TCP/IP NT Protocol Adapter for 32-bit Windows: Version 9.2.0.1.0 - Production
  Time: 10-MAR-2014 16:38:57
  Tracing not turned on.
  Tns error struct:
    nr err code: 0
    ns main err code: 12535
    TNS-12535: TNS:operation timed out
    ns secondary err code: 12560
    nt main err code: 505
    TNS-00505: Operation timed out
    nt secondary err code: 60
    nt OS err code: 0


***********************************************************************
Fatal NI connect error 12535, connecting to:
 (DESCRIPTION=(ADDRESS=(PROTOCOL=TCP)(HOST=172.20.16.86)(PORT=1521))(CONNECT_DATA=(SERVER=DEDICATED)(SERVICE_NAME=FUNCEFD)(CID=(PROGRAM=C:\PROJETOSCM5\Bin\AdminImob.exe)(HOST=WSSP3649)(USER=bruno.santos))))

  VERSION INFORMATION:
	TNS for 32-bit Windows: Version 9.2.0.1.0 - Production
	Windows NT TCP/IP NT Protocol Adapter for 32-bit Windows: Version 9.2.0.1.0 - Production
  Time: 10-MAR-2014 16:39:19
  Tracing not turned on.
  Tns error struct:
    nr err code: 0
    ns main err code: 12535
    TNS-12535: TNS:operation timed out
    ns secondary err code: 12560
    nt main err code: 505
    TNS-00505: Operation timed out
    nt secondary err code: 60
    nt OS err code: 0


***********************************************************************
Fatal NI connect error 12535, connecting to:
 (DESCRIPTION=(ADDRESS=(PROTOCOL=TCP)(HOST=172.20.16.86)(PORT=1521))(CONNECT_DATA=(SERVER=DEDICATED)(SERVICE_NAME=FUNCEFD)(CID=(PROGRAM=C:\PROJETOSCM5\Bin\AdminImob.exe)(HOST=WSSP3649)(USER=bruno.santos))))

  VERSION INFORMATION:
	TNS for 32-bit Windows: Version 9.2.0.1.0 - Production
	Windows NT TCP/IP NT Protocol Adapter for 32-bit Windows: Version 9.2.0.1.0 - Production
  Time: 10-MAR-2014 16:39:42
  Tracing not turned on.
  Tns error struct:
    nr err code: 0
    ns main err code: 12535
    TNS-12535: TNS:operation timed out
    ns secondary err code: 12560
    nt main err code: 505
    TNS-00505: Operation timed out
    nt secondary err code: 60
    nt OS err code: 0


***********************************************************************
Fatal NI connect error 12535, connecting to:
 (DESCRIPTION=(ADDRESS=(PROTOCOL=TCP)(HOST=172.20.16.86)(PORT=1521))(CONNECT_DATA=(SERVER=DEDICATED)(SERVICE_NAME=FUNCEFD)(CID=(PROGRAM=C:\PROJETOSCM5\Bin\AdminImob.exe)(HOST=WSSP3649)(USER=bruno.santos))))

  VERSION INFORMATION:
	TNS for 32-bit Windows: Version 9.2.0.1.0 - Production
	Windows NT TCP/IP NT Protocol Adapter for 32-bit Windows: Version 9.2.0.1.0 - Production
  Time: 10-MAR-2014 16:40:03
  Tracing not turned on.
  Tns error struct:
    nr err code: 0
    ns main err code: 12535
    TNS-12535: TNS:operation timed out
    ns secondary err code: 12560
    nt main err code: 505
    TNS-00505: Operation timed out
    nt secondary err code: 60
    nt OS err code: 0


***********************************************************************
Fatal NI connect error 12535, connecting to:
 (DESCRIPTION=(ADDRESS=(PROTOCOL=TCP)(HOST=172.20.16.86)(PORT=1521))(CONNECT_DATA=(SERVER=DEDICATED)(SERVICE_NAME=FUNCEFD)(CID=(PROGRAM=C:\PROJETOSCM5\Bin\AdminImob.exe)(HOST=WSSP3649)(USER=bruno.santos))))

  VERSION INFORMATION:
	TNS for 32-bit Windows: Version 9.2.0.1.0 - Production
	Windows NT TCP/IP NT Protocol Adapter for 32-bit Windows: Version 9.2.0.1.0 - Production
  Time: 10-MAR-2014 16:40:24
  Tracing not turned on.
  Tns error struct:
    nr err code: 0
    ns main err code: 12535
    TNS-12535: TNS:operation timed out
    ns secondary err code: 12560
    nt main err code: 505
    TNS-00505: Operation timed out
    nt secondary err code: 60
    nt OS err code: 0


***********************************************************************
Fatal NI connect error 12535, connecting to:
 (DESCRIPTION=(ADDRESS=(PROTOCOL=TCP)(HOST=172.20.16.86)(PORT=1521))(CONNECT_DATA=(SERVER=DEDICATED)(SERVICE_NAME=FUNCEFD)(CID=(PROGRAM=C:\PROJETOSCM5\Bin\AdminImob.exe)(HOST=WSSP3649)(USER=bruno.santos))))

  VERSION INFORMATION:
	TNS for 32-bit Windows: Version 9.2.0.1.0 - Production
	Windows NT TCP/IP NT Protocol Adapter for 32-bit Windows: Version 9.2.0.1.0 - Production
  Time: 10-MAR-2014 16:41:37
  Tracing not turned on.
  Tns error struct:
    nr err code: 0
    ns main err code: 12535
    TNS-12535: TNS:operation timed out
    ns secondary err code: 12560
    nt main err code: 505
    TNS-00505: Operation timed out
    nt secondary err code: 60
    nt OS err code: 0


***********************************************************************
Fatal NI connect error 12535, connecting to:
 (DESCRIPTION=(ADDRESS=(PROTOCOL=TCP)(HOST=172.20.16.86)(PORT=1521))(CONNECT_DATA=(SERVER=DEDICATED)(SERVICE_NAME=FUNCEFD)(CID=(PROGRAM=C:\PROJETOSCM5\Bin\AdminImob.exe)(HOST=WSSP3649)(USER=bruno.santos))))

  VERSION INFORMATION:
	TNS for 32-bit Windows: Version 9.2.0.1.0 - Production
	Windows NT TCP/IP NT Protocol Adapter for 32-bit Windows: Version 9.2.0.1.0 - Production
  Time: 10-MAR-2014 16:41:58
  Tracing not turned on.
  Tns error struct:
    nr err code: 0
    ns main err code: 12535
    TNS-12535: TNS:operation timed out
    ns secondary err code: 12560
    nt main err code: 505
    TNS-00505: Operation timed out
    nt secondary err code: 60
    nt OS err code: 0


***********************************************************************
Fatal NI connect error 12535, connecting to:
 (DESCRIPTION=(ADDRESS=(PROTOCOL=TCP)(HOST=172.20.16.86)(PORT=1521))(CONNECT_DATA=(SERVER=DEDICATED)(SERVICE_NAME=FUNCEFD)(CID=(PROGRAM=C:\PROJETOSCM5\Bin\AdminImob.exe)(HOST=WSSP3649)(USER=bruno.santos))))

  VERSION INFORMATION:
	TNS for 32-bit Windows: Version 9.2.0.1.0 - Production
	Windows NT TCP/IP NT Protocol Adapter for 32-bit Windows: Version 9.2.0.1.0 - Production
  Time: 10-MAR-2014 16:42:19
  Tracing not turned on.
  Tns error struct:
    nr err code: 0
    ns main err code: 12535
    TNS-12535: TNS:operation timed out
    ns secondary err code: 12560
    nt main err code: 505
    TNS-00505: Operation timed out
    nt secondary err code: 60
    nt OS err code: 0


***********************************************************************
Fatal NI connect error 12535, connecting to:
 (DESCRIPTION=(ADDRESS=(PROTOCOL=TCP)(HOST=172.20.16.86)(PORT=1521))(CONNECT_DATA=(SERVER=DEDICATED)(SERVICE_NAME=FUNCEFD)(CID=(PROGRAM=C:\PROJETOSCM5\Bin\AdminImob.exe)(HOST=WSSP3649)(USER=bruno.santos))))

  VERSION INFORMATION:
	TNS for 32-bit Windows: Version 9.2.0.1.0 - Production
	Windows NT TCP/IP NT Protocol Adapter for 32-bit Windows: Version 9.2.0.1.0 - Production
  Time: 10-MAR-2014 16:42:42
  Tracing not turned on.
  Tns error struct:
    nr err code: 0
    ns main err code: 12535
    TNS-12535: TNS:operation timed out
    ns secondary err code: 12560
    nt main err code: 505
    TNS-00505: Operation timed out
    nt secondary err code: 60
    nt OS err code: 0


***********************************************************************
Fatal NI connect error 12535, connecting to:
 (DESCRIPTION=(ADDRESS=(PROTOCOL=TCP)(HOST=172.20.16.86)(PORT=1521))(CONNECT_DATA=(SERVER=DEDICATED)(SERVICE_NAME=FUNCEFD)(CID=(PROGRAM=C:\PROJETOSCM5\Bin\AdminImob.exe)(HOST=WSSP3649)(USER=bruno.santos))))

  VERSION INFORMATION:
	TNS for 32-bit Windows: Version 9.2.0.1.0 - Production
	Windows NT TCP/IP NT Protocol Adapter for 32-bit Windows: Version 9.2.0.1.0 - Production
  Time: 10-MAR-2014 16:43:03
  Tracing not turned on.
  Tns error struct:
    nr err code: 0
    ns main err code: 12535
    TNS-12535: TNS:operation timed out
    ns secondary err code: 12560
    nt main err code: 505
    TNS-00505: Operation timed out
    nt secondary err code: 60
    nt OS err code: 0


***********************************************************************
Fatal NI connect error 12535, connecting to:
 (DESCRIPTION=(ADDRESS=(PROTOCOL=TCP)(HOST=172.20.16.86)(PORT=1521))(CONNECT_DATA=(SERVER=DEDICATED)(SERVICE_NAME=FUNCEFD)(CID=(PROGRAM=C:\PROJETOSCM5\Bin\AdminImob.exe)(HOST=WSSP3649)(USER=bruno.santos))))

  VERSION INFORMATION:
	TNS for 32-bit Windows: Version 9.2.0.1.0 - Production
	Windows NT TCP/IP NT Protocol Adapter for 32-bit Windows: Version 9.2.0.1.0 - Production
  Time: 10-MAR-2014 16:43:24
  Tracing not turned on.
  Tns error struct:
    nr err code: 0
    ns main err code: 12535
    TNS-12535: TNS:operation timed out
    ns secondary err code: 12560
    nt main err code: 505
    TNS-00505: Operation timed out
    nt secondary err code: 60
    nt OS err code: 0


***********************************************************************
Fatal NI connect error 12535, connecting to:
 (DESCRIPTION=(ADDRESS=(PROTOCOL=TCP)(HOST=172.20.16.86)(PORT=1521))(CONNECT_DATA=(SERVER=DEDICATED)(SERVICE_NAME=FUNCEFD)(CID=(PROGRAM=C:\PROJETOSCM5\Bin\AdminImob.exe)(HOST=WSSP3649)(USER=bruno.santos))))

  VERSION INFORMATION:
	TNS for 32-bit Windows: Version 9.2.0.1.0 - Production
	Windows NT TCP/IP NT Protocol Adapter for 32-bit Windows: Version 9.2.0.1.0 - Production
  Time: 10-MAR-2014 16:45:40
  Tracing not turned on.
  Tns error struct:
    nr err code: 0
    ns main err code: 12535
    TNS-12535: TNS:operation timed out
    ns secondary err code: 12560
    nt main err code: 505
    TNS-00505: Operation timed out
    nt secondary err code: 60
    nt OS err code: 0


***********************************************************************
Fatal NI connect error 12535, connecting to:
 (DESCRIPTION=(ADDRESS=(PROTOCOL=TCP)(HOST=172.20.16.86)(PORT=1521))(CONNECT_DATA=(SERVER=DEDICATED)(SERVICE_NAME=FUNCEFD)(CID=(PROGRAM=C:\PROJETOSCM5\Bin\AdminImob.exe)(HOST=WSSP3649)(USER=bruno.santos))))

  VERSION INFORMATION:
	TNS for 32-bit Windows: Version 9.2.0.1.0 - Production
	Windows NT TCP/IP NT Protocol Adapter for 32-bit Windows: Version 9.2.0.1.0 - Production
  Time: 10-MAR-2014 16:46:01
  Tracing not turned on.
  Tns error struct:
    nr err code: 0
    ns main err code: 12535
    TNS-12535: TNS:operation timed out
    ns secondary err code: 12560
    nt main err code: 505
    TNS-00505: Operation timed out
    nt secondary err code: 60
    nt OS err code: 0


***********************************************************************
Fatal NI connect error 12535, connecting to:
 (DESCRIPTION=(ADDRESS=(PROTOCOL=TCP)(HOST=172.20.16.86)(PORT=1521))(CONNECT_DATA=(SERVER=DEDICATED)(SERVICE_NAME=FUNCEFD)(CID=(PROGRAM=C:\PROJETOSCM5\Bin\AdminImob.exe)(HOST=WSSP3649)(USER=bruno.santos))))

  VERSION INFORMATION:
	TNS for 32-bit Windows: Version 9.2.0.1.0 - Production
	Windows NT TCP/IP NT Protocol Adapter for 32-bit Windows: Version 9.2.0.1.0 - Production
  Time: 10-MAR-2014 16:46:22
  Tracing not turned on.
  Tns error struct:
    nr err code: 0
    ns main err code: 12535
    TNS-12535: TNS:operation timed out
    ns secondary err code: 12560
    nt main err code: 505
    TNS-00505: Operation timed out
    nt secondary err code: 60
    nt OS err code: 0


***********************************************************************
Fatal NI connect error 12535, connecting to:
 (DESCRIPTION=(ADDRESS=(PROTOCOL=TCP)(HOST=172.20.16.86)(PORT=1521))(CONNECT_DATA=(SERVER=DEDICATED)(SERVICE_NAME=FUNCEFD)(CID=(PROGRAM=C:\PROJETOSCM5\Bin\AdminImob.exe)(HOST=WSSP3649)(USER=bruno.santos))))

  VERSION INFORMATION:
	TNS for 32-bit Windows: Version 9.2.0.1.0 - Production
	Windows NT TCP/IP NT Protocol Adapter for 32-bit Windows: Version 9.2.0.1.0 - Production
  Time: 10-MAR-2014 16:46:49
  Tracing not turned on.
  Tns error struct:
    nr err code: 0
    ns main err code: 12535
    TNS-12535: TNS:operation timed out
    ns secondary err code: 12560
    nt main err code: 505
    TNS-00505: Operation timed out
    nt secondary err code: 60
    nt OS err code: 0


***********************************************************************
Fatal NI connect error 12535, connecting to:
 (DESCRIPTION=(ADDRESS=(PROTOCOL=TCP)(HOST=172.20.16.86)(PORT=1521))(CONNECT_DATA=(SERVER=DEDICATED)(SERVICE_NAME=FUNCEFD)(CID=(PROGRAM=C:\PROJETOSCM5\Bin\AdminImob.exe)(HOST=WSSP3649)(USER=bruno.santos))))

  VERSION INFORMATION:
	TNS for 32-bit Windows: Version 9.2.0.1.0 - Production
	Windows NT TCP/IP NT Protocol Adapter for 32-bit Windows: Version 9.2.0.1.0 - Production
  Time: 10-MAR-2014 16:47:10
  Tracing not turned on.
  Tns error struct:
    nr err code: 0
    ns main err code: 12535
    TNS-12535: TNS:operation timed out
    ns secondary err code: 12560
    nt main err code: 505
    TNS-00505: Operation timed out
    nt secondary err code: 60
    nt OS err code: 0


***********************************************************************
Fatal NI connect error 12535, connecting to:
 (DESCRIPTION=(ADDRESS=(PROTOCOL=TCP)(HOST=172.20.16.86)(PORT=1521))(CONNECT_DATA=(SERVER=DEDICATED)(SERVICE_NAME=FUNCEFD)(CID=(PROGRAM=C:\PROJETOSCM5\Bin\AdminImob.exe)(HOST=WSSP3649)(USER=bruno.santos))))

  VERSION INFORMATION:
	TNS for 32-bit Windows: Version 9.2.0.1.0 - Production
	Windows NT TCP/IP NT Protocol Adapter for 32-bit Windows: Version 9.2.0.1.0 - Production
  Time: 10-MAR-2014 16:47:31
  Tracing not turned on.
  Tns error struct:
    nr err code: 0
    ns main err code: 12535
    TNS-12535: TNS:operation timed out
    ns secondary err code: 12560
    nt main err code: 505
    TNS-00505: Operation timed out
    nt secondary err code: 60
    nt OS err code: 0


***********************************************************************
Fatal NI connect error 12535, connecting to:
 (DESCRIPTION=(ADDRESS=(PROTOCOL=TCP)(HOST=172.20.16.86)(PORT=1521))(CONNECT_DATA=(SERVER=DEDICATED)(SERVICE_NAME=FUNCEFD)(CID=(PROGRAM=C:\PROJETOSCM5\Bin\AdminImob.exe)(HOST=WSSP3649)(USER=bruno.santos))))

  VERSION INFORMATION:
	TNS for 32-bit Windows: Version 9.2.0.1.0 - Production
	Windows NT TCP/IP NT Protocol Adapter for 32-bit Windows: Version 9.2.0.1.0 - Production
  Time: 24-MAR-2014 11:17:34
  Tracing not turned on.
  Tns error struct:
    nr err code: 0
    ns main err code: 12535
    TNS-12535: TNS:operation timed out
    ns secondary err code: 12560
    nt main err code: 505
    TNS-00505: Operation timed out
    nt secondary err code: 60
    nt OS err code: 0


***********************************************************************
Fatal NI connect error 12560, connecting to:
 (DESCRIPTION=(ADDRESS=(PROTOCOL=BEQ)(PROGRAM=oracle)(ARGV0=oracleORCL)(ARGS='(DESCRIPTION=(LOCAL=YES)(ADDRESS=(PROTOCOL=beq)))'))(CONNECT_DATA=(SID=ORCL)(CID=(PROGRAM=C:\PROJETOSCM5\Bin\AdminImob.exe)(HOST=WSSP3649)(USER=bruno.santos))))

  VERSION INFORMATION:
	TNS for 32-bit Windows: Version 9.2.0.1.0 - Production
	Oracle Bequeath NT Protocol Adapter for 32-bit Windows: Version 9.2.0.1.0 - Production
  Time: 24-MAR-2014 11:17:34
  Tracing not turned on.
  Tns error struct:
    nr err code: 0
    ns main err code: 12560
    TNS-12560: TNS:protocol adapter error
    ns secondary err code: 0
    nt main err code: 530
    TNS-00530: Protocol adapter error
    nt secondary err code: 126
    nt OS err code: 0


***********************************************************************
Fatal NI connect error 12535, connecting to:
 (DESCRIPTION=(ADDRESS=(PROTOCOL=TCP)(HOST=172.20.16.86)(PORT=1521))(CONNECT_DATA=(SERVER=DEDICATED)(SERVICE_NAME=FUNCEFD)(CID=(PROGRAM=C:\PROJETOSCM5\Bin\AdminImob.exe)(HOST=WSSP3649)(USER=bruno.santos))))

  VERSION INFORMATION:
	TNS for 32-bit Windows: Version 9.2.0.1.0 - Production
	Windows NT TCP/IP NT Protocol Adapter for 32-bit Windows: Version 9.2.0.1.0 - Production
  Time: 24-MAR-2014 11:17:55
  Tracing not turned on.
  Tns error struct:
    nr err code: 0
    ns main err code: 12535
    TNS-12535: TNS:operation timed out
    ns secondary err code: 12560
    nt main err code: 505
    TNS-00505: Operation timed out
    nt secondary err code: 60
    nt OS err code: 0


***********************************************************************
Fatal NI connect error 12560, connecting to:
 (DESCRIPTION=(ADDRESS=(PROTOCOL=BEQ)(PROGRAM=oracle)(ARGV0=oracleORCL)(ARGS='(DESCRIPTION=(LOCAL=YES)(ADDRESS=(PROTOCOL=beq)))'))(CONNECT_DATA=(SID=ORCL)(CID=(PROGRAM=C:\PROJETOSCM5\Bin\AdminImob.exe)(HOST=WSSP3649)(USER=bruno.santos))))

  VERSION INFORMATION:
	TNS for 32-bit Windows: Version 9.2.0.1.0 - Production
	Oracle Bequeath NT Protocol Adapter for 32-bit Windows: Version 9.2.0.1.0 - Production
  Time: 24-MAR-2014 11:17:55
  Tracing not turned on.
  Tns error struct:
    nr err code: 0
    ns main err code: 12560
    TNS-12560: TNS:protocol adapter error
    ns secondary err code: 0
    nt main err code: 530
    TNS-00530: Protocol adapter error
    nt secondary err code: 126
    nt OS err code: 0


***********************************************************************
Fatal NI connect error 12535, connecting to:
 (DESCRIPTION=(ADDRESS=(PROTOCOL=TCP)(HOST=172.20.16.86)(PORT=1521))(CONNECT_DATA=(SERVER=DEDICATED)(SERVICE_NAME=FUNCEFD)(CID=(PROGRAM=C:\PROJETOSCM5\Bin\AdminImob.exe)(HOST=WSSP3649)(USER=bruno.santos))))

  VERSION INFORMATION:
	TNS for 32-bit Windows: Version 9.2.0.1.0 - Production
	Windows NT TCP/IP NT Protocol Adapter for 32-bit Windows: Version 9.2.0.1.0 - Production
  Time: 24-MAR-2014 11:18:16
  Tracing not turned on.
  Tns error struct:
    nr err code: 0
    ns main err code: 12535
    TNS-12535: TNS:operation timed out
    ns secondary err code: 12560
    nt main err code: 505
    TNS-00505: Operation timed out
    nt secondary err code: 60
    nt OS err code: 0


***********************************************************************
Fatal NI connect error 12560, connecting to:
 (DESCRIPTION=(ADDRESS=(PROTOCOL=BEQ)(PROGRAM=oracle)(ARGV0=oracleORCL)(ARGS='(DESCRIPTION=(LOCAL=YES)(ADDRESS=(PROTOCOL=beq)))'))(CONNECT_DATA=(SID=ORCL)(CID=(PROGRAM=C:\PROJETOSCM5\Bin\AdminImob.exe)(HOST=WSSP3649)(USER=bruno.santos))))

  VERSION INFORMATION:
	TNS for 32-bit Windows: Version 9.2.0.1.0 - Production
	Oracle Bequeath NT Protocol Adapter for 32-bit Windows: Version 9.2.0.1.0 - Production
  Time: 24-MAR-2014 11:18:16
  Tracing not turned on.
  Tns error struct:
    nr err code: 0
    ns main err code: 12560
    TNS-12560: TNS:protocol adapter error
    ns secondary err code: 0
    nt main err code: 530
    TNS-00530: Protocol adapter error
    nt secondary err code: 126
    nt OS err code: 0


***********************************************************************
Fatal NI connect error 12535, connecting to:
 (DESCRIPTION=(ADDRESS=(PROTOCOL=TCP)(HOST=172.20.16.86)(PORT=1521))(CONNECT_DATA=(SERVER=DEDICATED)(SERVICE_NAME=FUNCEFD)(CID=(PROGRAM=C:\PROJETOSCM5\Bin\AdminImob.exe)(HOST=WSSP3649)(USER=bruno.santos))))

  VERSION INFORMATION:
	TNS for 32-bit Windows: Version 9.2.0.1.0 - Production
	Windows NT TCP/IP NT Protocol Adapter for 32-bit Windows: Version 9.2.0.1.0 - Production
  Time: 24-MAR-2014 11:18:39
  Tracing not turned on.
  Tns error struct:
    nr err code: 0
    ns main err code: 12535
    TNS-12535: TNS:operation timed out
    ns secondary err code: 12560
    nt main err code: 505
    TNS-00505: Operation timed out
    nt secondary err code: 60
    nt OS err code: 0


***********************************************************************
Fatal NI connect error 12560, connecting to:
 (DESCRIPTION=(ADDRESS=(PROTOCOL=BEQ)(PROGRAM=oracle)(ARGV0=oracleORCL)(ARGS='(DESCRIPTION=(LOCAL=YES)(ADDRESS=(PROTOCOL=beq)))'))(CONNECT_DATA=(SID=ORCL)(CID=(PROGRAM=C:\PROJETOSCM5\Bin\AdminImob.exe)(HOST=WSSP3649)(USER=bruno.santos))))

  VERSION INFORMATION:
	TNS for 32-bit Windows: Version 9.2.0.1.0 - Production
	Oracle Bequeath NT Protocol Adapter for 32-bit Windows: Version 9.2.0.1.0 - Production
  Time: 24-MAR-2014 11:18:39
  Tracing not turned on.
  Tns error struct:
    nr err code: 0
    ns main err code: 12560
    TNS-12560: TNS:protocol adapter error
    ns secondary err code: 0
    nt main err code: 530
    TNS-00530: Protocol adapter error
    nt secondary err code: 126
    nt OS err code: 0


***********************************************************************
Fatal NI connect error 12535, connecting to:
 (DESCRIPTION=(ADDRESS=(PROTOCOL=TCP)(HOST=172.20.16.86)(PORT=1521))(CONNECT_DATA=(SERVER=DEDICATED)(SERVICE_NAME=FUNCEFD)(CID=(PROGRAM=C:\PROJETOSCM5\Bin\AdminImob.exe)(HOST=WSSP3649)(USER=bruno.santos))))

  VERSION INFORMATION:
	TNS for 32-bit Windows: Version 9.2.0.1.0 - Production
	Windows NT TCP/IP NT Protocol Adapter for 32-bit Windows: Version 9.2.0.1.0 - Production
  Time: 24-MAR-2014 11:19:00
  Tracing not turned on.
  Tns error struct:
    nr err code: 0
    ns main err code: 12535
    TNS-12535: TNS:operation timed out
    ns secondary err code: 12560
    nt main err code: 505
    TNS-00505: Operation timed out
    nt secondary err code: 60
    nt OS err code: 0


***********************************************************************
Fatal NI connect error 12560, connecting to:
 (DESCRIPTION=(ADDRESS=(PROTOCOL=BEQ)(PROGRAM=oracle)(ARGV0=oracleORCL)(ARGS='(DESCRIPTION=(LOCAL=YES)(ADDRESS=(PROTOCOL=beq)))'))(CONNECT_DATA=(SID=ORCL)(CID=(PROGRAM=C:\PROJETOSCM5\Bin\AdminImob.exe)(HOST=WSSP3649)(USER=bruno.santos))))

  VERSION INFORMATION:
	TNS for 32-bit Windows: Version 9.2.0.1.0 - Production
	Oracle Bequeath NT Protocol Adapter for 32-bit Windows: Version 9.2.0.1.0 - Production
  Time: 24-MAR-2014 11:19:00
  Tracing not turned on.
  Tns error struct:
    nr err code: 0
    ns main err code: 12560
    TNS-12560: TNS:protocol adapter error
    ns secondary err code: 0
    nt main err code: 530
    TNS-00530: Protocol adapter error
    nt secondary err code: 126
    nt OS err code: 0


***********************************************************************
Fatal NI connect error 12535, connecting to:
 (DESCRIPTION=(ADDRESS=(PROTOCOL=TCP)(HOST=172.20.16.86)(PORT=1521))(CONNECT_DATA=(SERVER=DEDICATED)(SERVICE_NAME=FUNCEFD)(CID=(PROGRAM=C:\PROJETOSCM5\Bin\AdminImob.exe)(HOST=WSSP3649)(USER=bruno.santos))))

  VERSION INFORMATION:
	TNS for 32-bit Windows: Version 9.2.0.1.0 - Production
	Windows NT TCP/IP NT Protocol Adapter for 32-bit Windows: Version 9.2.0.1.0 - Production
  Time: 24-MAR-2014 11:19:21
  Tracing not turned on.
  Tns error struct:
    nr err code: 0
    ns main err code: 12535
    TNS-12535: TNS:operation timed out
    ns secondary err code: 12560
    nt main err code: 505
    TNS-00505: Operation timed out
    nt secondary err code: 60
    nt OS err code: 0


***********************************************************************
Fatal NI connect error 12560, connecting to:
 (DESCRIPTION=(ADDRESS=(PROTOCOL=BEQ)(PROGRAM=oracle)(ARGV0=oracleORCL)(ARGS='(DESCRIPTION=(LOCAL=YES)(ADDRESS=(PROTOCOL=beq)))'))(CONNECT_DATA=(SID=ORCL)(CID=(PROGRAM=C:\PROJETOSCM5\Bin\AdminImob.exe)(HOST=WSSP3649)(USER=bruno.santos))))

  VERSION INFORMATION:
	TNS for 32-bit Windows: Version 9.2.0.1.0 - Production
	Oracle Bequeath NT Protocol Adapter for 32-bit Windows: Version 9.2.0.1.0 - Production
  Time: 24-MAR-2014 11:19:21
  Tracing not turned on.
  Tns error struct:
    nr err code: 0
    ns main err code: 12560
    TNS-12560: TNS:protocol adapter error
    ns secondary err code: 0
    nt main err code: 530
    TNS-00530: Protocol adapter error
    nt secondary err code: 126
    nt OS err code: 0


***********************************************************************
Fatal NI connect error 12560, connecting to:
 (DESCRIPTION=(ADDRESS=(PROTOCOL=BEQ)(PROGRAM=oracle)(ARGV0=oracleORCL)(ARGS='(DESCRIPTION=(LOCAL=YES)(ADDRESS=(PROTOCOL=beq)))'))(CONNECT_DATA=(SID=ORCL)(CID=(PROGRAM=C:\PROJETOSCM5\Bin\BeneficioPrev.exe)(HOST=WSSP3649)(USER=bruno.santos))))

  VERSION INFORMATION:
	TNS for 32-bit Windows: Version 9.2.0.1.0 - Production
	Oracle Bequeath NT Protocol Adapter for 32-bit Windows: Version 9.2.0.1.0 - Production
  Time: 24-MAR-2014 11:36:36
  Tracing not turned on.
  Tns error struct:
    nr err code: 0
    ns main err code: 12560
    TNS-12560: TNS:protocol adapter error
    ns secondary err code: 0
    nt main err code: 530
    TNS-00530: Protocol adapter error
    nt secondary err code: 126
    nt OS err code: 0


***********************************************************************
Fatal NI connect error 12560, connecting to:
 (DESCRIPTION=(ADDRESS=(PROTOCOL=BEQ)(PROGRAM=oracle)(ARGV0=oracleORCL)(ARGS='(DESCRIPTION=(LOCAL=YES)(ADDRESS=(PROTOCOL=beq)))'))(CONNECT_DATA=(SID=ORCL)(CID=(PROGRAM=C:\PROJETOSCM5\Bin\BeneficioPrev.exe)(HOST=WSSP3649)(USER=bruno.santos))))

  VERSION INFORMATION:
	TNS for 32-bit Windows: Version 9.2.0.1.0 - Production
	Oracle Bequeath NT Protocol Adapter for 32-bit Windows: Version 9.2.0.1.0 - Production
  Time: 24-MAR-2014 11:36:38
  Tracing not turned on.
  Tns error struct:
    nr err code: 0
    ns main err code: 12560
    TNS-12560: TNS:protocol adapter error
    ns secondary err code: 0
    nt main err code: 530
    TNS-00530: Protocol adapter error
    nt secondary err code: 126
    nt OS err code: 0


***********************************************************************
Fatal NI connect error 12560, connecting to:
 (DESCRIPTION=(ADDRESS=(PROTOCOL=BEQ)(PROGRAM=oracle)(ARGV0=oracleORCL)(ARGS='(DESCRIPTION=(LOCAL=YES)(ADDRESS=(PROTOCOL=beq)))'))(CONNECT_DATA=(SID=ORCL)(CID=(PROGRAM=C:\PROJETOSCM5\Bin\BeneficioPrev.exe)(HOST=WSSP3649)(USER=bruno.santos))))

  VERSION INFORMATION:
	TNS for 32-bit Windows: Version 9.2.0.1.0 - Production
	Oracle Bequeath NT Protocol Adapter for 32-bit Windows: Version 9.2.0.1.0 - Production
  Time: 24-MAR-2014 11:36:38
  Tracing not turned on.
  Tns error struct:
    nr err code: 0
    ns main err code: 12560
    TNS-12560: TNS:protocol adapter error
    ns secondary err code: 0
    nt main err code: 530
    TNS-00530: Protocol adapter error
    nt secondary err code: 126
    nt OS err code: 0


***********************************************************************
Fatal NI connect error 12560, connecting to:
 (DESCRIPTION=(ADDRESS=(PROTOCOL=BEQ)(PROGRAM=oracle)(ARGV0=oracleORCL)(ARGS='(DESCRIPTION=(LOCAL=YES)(ADDRESS=(PROTOCOL=beq)))'))(CONNECT_DATA=(SID=ORCL)(CID=(PROGRAM=C:\ProjetosCM5\Bin\ContasaPagar.exe)(HOST=WSSP3649)(USER=bruno.santos))))

  VERSION INFORMATION:
	TNS for 32-bit Windows: Version 9.2.0.1.0 - Production
	Oracle Bequeath NT Protocol Adapter for 32-bit Windows: Version 9.2.0.1.0 - Production
  Time: 03-ABR-2014 19:48:11
  Tracing not turned on.
  Tns error struct:
    nr err code: 0
    ns main err code: 12560
    TNS-12560: TNS:protocol adapter error
    ns secondary err code: 0
    nt main err code: 530
    TNS-00530: Protocol adapter error
    nt secondary err code: 126
    nt OS err code: 0


***********************************************************************
Fatal NI connect error 12560, connecting to:
 (DESCRIPTION=(ADDRESS=(PROTOCOL=BEQ)(PROGRAM=oracle)(ARGV0=oracleORCL)(ARGS='(DESCRIPTION=(LOCAL=YES)(ADDRESS=(PROTOCOL=beq)))'))(CONNECT_DATA=(SID=ORCL)(CID=(PROGRAM=C:\ProjetosCM5\Bin\ContasaPagar.exe)(HOST=WSSP3649)(USER=bruno.santos))))

  VERSION INFORMATION:
	TNS for 32-bit Windows: Version 9.2.0.1.0 - Production
	Oracle Bequeath NT Protocol Adapter for 32-bit Windows: Version 9.2.0.1.0 - Production
  Time: 03-ABR-2014 19:48:13
  Tracing not turned on.
  Tns error struct:
    nr err code: 0
    ns main err code: 12560
    TNS-12560: TNS:protocol adapter error
    ns secondary err code: 0
    nt main err code: 530
    TNS-00530: Protocol adapter error
    nt secondary err code: 126
    nt OS err code: 0


***********************************************************************
Fatal NI connect error 12560, connecting to:
 (DESCRIPTION=(ADDRESS=(PROTOCOL=BEQ)(PROGRAM=oracle)(ARGV0=oracleORCL)(ARGS='(DESCRIPTION=(LOCAL=YES)(ADDRESS=(PROTOCOL=beq)))'))(CONNECT_DATA=(SID=ORCL)(CID=(PROGRAM=C:\ProjetosCM5\Bin\ContasaPagar.exe)(HOST=WSSP3649)(USER=bruno.santos))))

  VERSION INFORMATION:
	TNS for 32-bit Windows: Version 9.2.0.1.0 - Production
	Oracle Bequeath NT Protocol Adapter for 32-bit Windows: Version 9.2.0.1.0 - Production
  Time: 03-ABR-2014 19:48:13
  Tracing not turned on.
  Tns error struct:
    nr err code: 0
    ns main err code: 12560
    TNS-12560: TNS:protocol adapter error
    ns secondary err code: 0
    nt main err code: 530
    TNS-00530: Protocol adapter error
    nt secondary err code: 126
    nt OS err code: 0


***********************************************************************
Fatal NI connect error 12560, connecting to:
 (DESCRIPTION=(ADDRESS=(PROTOCOL=BEQ)(PROGRAM=oracle)(ARGV0=oracleORCL)(ARGS='(DESCRIPTION=(LOCAL=YES)(ADDRESS=(PROTOCOL=beq)))'))(CONNECT_DATA=(SID=ORCL)(CID=(PROGRAM=C:\PROJETOSCM5\Bin\BeneficioPrev.exe)(HOST=WSSP3649)(USER=bruno.santos))))

  VERSION INFORMATION:
	TNS for 32-bit Windows: Version 9.2.0.1.0 - Production
	Oracle Bequeath NT Protocol Adapter for 32-bit Windows: Version 9.2.0.1.0 - Production
  Time: 22-ABR-2014 12:46:08
  Tracing not turned on.
  Tns error struct:
    nr err code: 0
    ns main err code: 12560
    TNS-12560: TNS:protocol adapter error
    ns secondary err code: 0
    nt main err code: 530
    TNS-00530: Protocol adapter error
    nt secondary err code: 126
    nt OS err code: 0


***********************************************************************
Fatal NI connect error 12560, connecting to:
 (DESCRIPTION=(ADDRESS=(PROTOCOL=BEQ)(PROGRAM=oracle)(ARGV0=oracleORCL)(ARGS='(DESCRIPTION=(LOCAL=YES)(ADDRESS=(PROTOCOL=beq)))'))(CONNECT_DATA=(SID=ORCL)(CID=(PROGRAM=C:\PROJETOSCM5\Bin\BeneficioPrev.exe)(HOST=WSSP3649)(USER=bruno.santos))))

  VERSION INFORMATION:
	TNS for 32-bit Windows: Version 9.2.0.1.0 - Production
	Oracle Bequeath NT Protocol Adapter for 32-bit Windows: Version 9.2.0.1.0 - Production
  Time: 22-ABR-2014 12:46:09
  Tracing not turned on.
  Tns error struct:
    nr err code: 0
    ns main err code: 12560
    TNS-12560: TNS:protocol adapter error
    ns secondary err code: 0
    nt main err code: 530
    TNS-00530: Protocol adapter error
    nt secondary err code: 126
    nt OS err code: 0


***********************************************************************
Fatal NI connect error 12560, connecting to:
 (DESCRIPTION=(ADDRESS=(PROTOCOL=BEQ)(PROGRAM=oracle)(ARGV0=oracleORCL)(ARGS='(DESCRIPTION=(LOCAL=YES)(ADDRESS=(PROTOCOL=beq)))'))(CONNECT_DATA=(SID=ORCL)(CID=(PROGRAM=C:\PROJETOSCM5\Bin\BeneficioPrev.exe)(HOST=WSSP3649)(USER=bruno.santos))))

  VERSION INFORMATION:
	TNS for 32-bit Windows: Version 9.2.0.1.0 - Production
	Oracle Bequeath NT Protocol Adapter for 32-bit Windows: Version 9.2.0.1.0 - Production
  Time: 22-ABR-2014 12:46:09
  Tracing not turned on.
  Tns error struct:
    nr err code: 0
    ns main err code: 12560
    TNS-12560: TNS:protocol adapter error
    ns secondary err code: 0
    nt main err code: 530
    TNS-00530: Protocol adapter error
    nt secondary err code: 126
    nt OS err code: 0


***********************************************************************
Fatal NI connect error 12560, connecting to:
 (DESCRIPTION=(ADDRESS=(PROTOCOL=BEQ)(PROGRAM=oracle)(ARGV0=oracleORCL)(ARGS='(DESCRIPTION=(LOCAL=YES)(ADDRESS=(PROTOCOL=beq)))'))(CONNECT_DATA=(SID=ORCL)(CID=(PROGRAM=C:\PROJETOSCM5\Bin\BeneficioPrev.exe)(HOST=WSSP3649)(USER=bruno.santos))))

  VERSION INFORMATION:
	TNS for 32-bit Windows: Version 9.2.0.1.0 - Production
	Oracle Bequeath NT Protocol Adapter for 32-bit Windows: Version 9.2.0.1.0 - Production
  Time: 15-MAI-2014 11:47:41
  Tracing not turned on.
  Tns error struct:
    nr err code: 0
    ns main err code: 12560
    TNS-12560: TNS:protocol adapter error
    ns secondary err code: 0
    nt main err code: 530
    TNS-00530: Protocol adapter error
    nt secondary err code: 126
    nt OS err code: 0


***********************************************************************
Fatal NI connect error 12560, connecting to:
 (DESCRIPTION=(ADDRESS=(PROTOCOL=BEQ)(PROGRAM=oracle)(ARGV0=oracleORCL)(ARGS='(DESCRIPTION=(LOCAL=YES)(ADDRESS=(PROTOCOL=beq)))'))(CONNECT_DATA=(SID=ORCL)(CID=(PROGRAM=C:\PROJETOSCM5\Bin\BeneficioPrev.exe)(HOST=WSSP3649)(USER=bruno.santos))))

  VERSION INFORMATION:
	TNS for 32-bit Windows: Version 9.2.0.1.0 - Production
	Oracle Bequeath NT Protocol Adapter for 32-bit Windows: Version 9.2.0.1.0 - Production
  Time: 15-MAI-2014 11:47:46
  Tracing not turned on.
  Tns error struct:
    nr err code: 0
    ns main err code: 12560
    TNS-12560: TNS:protocol adapter error
    ns secondary err code: 0
    nt main err code: 530
    TNS-00530: Protocol adapter error
    nt secondary err code: 126
    nt OS err code: 0


***********************************************************************
Fatal NI connect error 12560, connecting to:
 (DESCRIPTION=(ADDRESS=(PROTOCOL=BEQ)(PROGRAM=oracle)(ARGV0=oracleORCL)(ARGS='(DESCRIPTION=(LOCAL=YES)(ADDRESS=(PROTOCOL=beq)))'))(CONNECT_DATA=(SID=ORCL)(CID=(PROGRAM=C:\PROJETOSCM5\Bin\BeneficioPrev.exe)(HOST=WSSP3649)(USER=bruno.santos))))

  VERSION INFORMATION:
	TNS for 32-bit Windows: Version 9.2.0.1.0 - Production
	Oracle Bequeath NT Protocol Adapter for 32-bit Windows: Version 9.2.0.1.0 - Production
  Time: 15-MAI-2014 11:47:46
  Tracing not turned on.
  Tns error struct:
    nr err code: 0
    ns main err code: 12560
    TNS-12560: TNS:protocol adapter error
    ns secondary err code: 0
    nt main err code: 530
    TNS-00530: Protocol adapter error
    nt secondary err code: 126
    nt OS err code: 0


***********************************************************************
Fatal NI connect error 12541, connecting to:
 (DESCRIPTION=(ADDRESS=(PROTOCOL=TCP)(HOST=172.16.0.19)(PORT=1523))(CONNECT_DATA=(SERVER=DEDICATED)(SERVICE_NAME=TST)(CID=(PROGRAM=C:\PROJETOSCM5\Bin\CentralAP.exe)(HOST=WSSP3649)(USER=bruno.santos))))

  VERSION INFORMATION:
	TNS for 32-bit Windows: Version 9.2.0.1.0 - Production
	Windows NT TCP/IP NT Protocol Adapter for 32-bit Windows: Version 9.2.0.1.0 - Production
  Time: 03-JUN-2014 16:54:55
  Tracing not turned on.
  Tns error struct:
    nr err code: 0
    ns main err code: 12541
    TNS-12541: TNS:no listener
    ns secondary err code: 12560
    nt main err code: 511
    TNS-00511: No listener
    nt secondary err code: 61
    nt OS err code: 0


***********************************************************************
Fatal NI connect error 12541, connecting to:
 (DESCRIPTION=(ADDRESS=(PROTOCOL=TCP)(HOST=172.16.0.19)(PORT=1523))(CONNECT_DATA=(SERVER=DEDICATED)(SERVICE_NAME=TST)(CID=(PROGRAM=C:\PROJETOSCM5\Bin\CentralAP.exe)(HOST=WSSP3649)(USER=bruno.santos))))

  VERSION INFORMATION:
	TNS for 32-bit Windows: Version 9.2.0.1.0 - Production
	Windows NT TCP/IP NT Protocol Adapter for 32-bit Windows: Version 9.2.0.1.0 - Production
  Time: 03-JUN-2014 16:54:56
  Tracing not turned on.
  Tns error struct:
    nr err code: 0
    ns main err code: 12541
    TNS-12541: TNS:no listener
    ns secondary err code: 12560
    nt main err code: 511
    TNS-00511: No listener
    nt secondary err code: 61
    nt OS err code: 0


***********************************************************************
Fatal NI connect error 12541, connecting to:
 (DESCRIPTION=(ADDRESS=(PROTOCOL=TCP)(HOST=172.16.0.19)(PORT=1523))(CONNECT_DATA=(SERVER=DEDICATED)(SERVICE_NAME=TST)(CID=(PROGRAM=C:\PROJETOSCM5\Bin\CentralAP.exe)(HOST=WSSP3649)(USER=bruno.santos))))

  VERSION INFORMATION:
	TNS for 32-bit Windows: Version 9.2.0.1.0 - Production
	Windows NT TCP/IP NT Protocol Adapter for 32-bit Windows: Version 9.2.0.1.0 - Production
  Time: 03-JUN-2014 16:54:57
  Tracing not turned on.
  Tns error struct:
    nr err code: 0
    ns main err code: 12541
    TNS-12541: TNS:no listener
    ns secondary err code: 12560
    nt main err code: 511
    TNS-00511: No listener
    nt secondary err code: 61
    nt OS err code: 0


***********************************************************************
Fatal NI connect error 12541, connecting to:
 (DESCRIPTION=(ADDRESS=(PROTOCOL=TCP)(HOST=172.16.0.19)(PORT=1523))(CONNECT_DATA=(SERVER=DEDICATED)(SERVICE_NAME=TST)(CID=(PROGRAM=C:\PROJETOSCM5\Bin\CentralAP.exe)(HOST=WSSP3649)(USER=bruno.santos))))

  VERSION INFORMATION:
	TNS for 32-bit Windows: Version 9.2.0.1.0 - Production
	Windows NT TCP/IP NT Protocol Adapter for 32-bit Windows: Version 9.2.0.1.0 - Production
  Time: 03-JUN-2014 16:55:01
  Tracing not turned on.
  Tns error struct:
    nr err code: 0
    ns main err code: 12541
    TNS-12541: TNS:no listener
    ns secondary err code: 12560
    nt main err code: 511
    TNS-00511: No listener
    nt secondary err code: 61
    nt OS err code: 0


***********************************************************************
Fatal NI connect error 12541, connecting to:
 (DESCRIPTION=(ADDRESS=(PROTOCOL=TCP)(HOST=172.16.0.19)(PORT=1523))(CONNECT_DATA=(SERVER=DEDICATED)(SERVICE_NAME=TST)(CID=(PROGRAM=C:\PROJETOSCM5\Bin\CentralAP.exe)(HOST=WSSP3649)(USER=bruno.santos))))

  VERSION INFORMATION:
	TNS for 32-bit Windows: Version 9.2.0.1.0 - Production
	Windows NT TCP/IP NT Protocol Adapter for 32-bit Windows: Version 9.2.0.1.0 - Production
  Time: 03-JUN-2014 16:55:02
  Tracing not turned on.
  Tns error struct:
    nr err code: 0
    ns main err code: 12541
    TNS-12541: TNS:no listener
    ns secondary err code: 12560
    nt main err code: 511
    TNS-00511: No listener
    nt secondary err code: 61
    nt OS err code: 0


***********************************************************************
Fatal NI connect error 12541, connecting to:
 (DESCRIPTION=(ADDRESS=(PROTOCOL=TCP)(HOST=172.16.0.19)(PORT=1523))(CONNECT_DATA=(SERVER=DEDICATED)(SERVICE_NAME=TST)(CID=(PROGRAM=C:\PROJETOSCM5\Bin\CentralAP.exe)(HOST=WSSP3649)(USER=bruno.santos))))

  VERSION INFORMATION:
	TNS for 32-bit Windows: Version 9.2.0.1.0 - Production
	Windows NT TCP/IP NT Protocol Adapter for 32-bit Windows: Version 9.2.0.1.0 - Production
  Time: 03-JUN-2014 16:55:03
  Tracing not turned on.
  Tns error struct:
    nr err code: 0
    ns main err code: 12541
    TNS-12541: TNS:no listener
    ns secondary err code: 12560
    nt main err code: 511
    TNS-00511: No listener
    nt secondary err code: 61
    nt OS err code: 0


***********************************************************************
Fatal NI connect error 12541, connecting to:
 (DESCRIPTION=(ADDRESS=(PROTOCOL=TCP)(HOST=172.16.0.19)(PORT=1523))(CONNECT_DATA=(SERVER=DEDICATED)(SERVICE_NAME=TST)(CID=(PROGRAM=C:\PROJETOSCM5\Bin\CentralAP.exe)(HOST=WSSP3649)(USER=bruno.santos))))

  VERSION INFORMATION:
	TNS for 32-bit Windows: Version 9.2.0.1.0 - Production
	Windows NT TCP/IP NT Protocol Adapter for 32-bit Windows: Version 9.2.0.1.0 - Production
  Time: 03-JUN-2014 16:55:04
  Tracing not turned on.
  Tns error struct:
    nr err code: 0
    ns main err code: 12541
    TNS-12541: TNS:no listener
    ns secondary err code: 12560
    nt main err code: 511
    TNS-00511: No listener
    nt secondary err code: 61
    nt OS err code: 0


***********************************************************************
Fatal NI connect error 12541, connecting to:
 (DESCRIPTION=(ADDRESS=(PROTOCOL=TCP)(HOST=172.16.0.19)(PORT=1523))(CONNECT_DATA=(SERVER=DEDICATED)(SERVICE_NAME=TST)(CID=(PROGRAM=C:\PROJETOSCM5\Bin\CentralAP.exe)(HOST=WSSP3649)(USER=bruno.santos))))

  VERSION INFORMATION:
	TNS for 32-bit Windows: Version 9.2.0.1.0 - Production
	Windows NT TCP/IP NT Protocol Adapter for 32-bit Windows: Version 9.2.0.1.0 - Production
  Time: 03-JUN-2014 16:55:05
  Tracing not turned on.
  Tns error struct:
    nr err code: 0
    ns main err code: 12541
    TNS-12541: TNS:no listener
    ns secondary err code: 12560
    nt main err code: 511
    TNS-00511: No listener
    nt secondary err code: 61
    nt OS err code: 0


***********************************************************************
Fatal NI connect error 12541, connecting to:
 (DESCRIPTION=(ADDRESS=(PROTOCOL=TCP)(HOST=172.16.0.19)(PORT=1523))(CONNECT_DATA=(SERVER=DEDICATED)(SERVICE_NAME=TST)(CID=(PROGRAM=C:\PROJETOSCM5\Bin\CentralAP.exe)(HOST=WSSP3649)(USER=bruno.santos))))

  VERSION INFORMATION:
	TNS for 32-bit Windows: Version 9.2.0.1.0 - Production
	Windows NT TCP/IP NT Protocol Adapter for 32-bit Windows: Version 9.2.0.1.0 - Production
  Time: 03-JUN-2014 16:55:06
  Tracing not turned on.
  Tns error struct:
    nr err code: 0
    ns main err code: 12541
    TNS-12541: TNS:no listener
    ns secondary err code: 12560
    nt main err code: 511
    TNS-00511: No listener
    nt secondary err code: 61
    nt OS err code: 0


***********************************************************************
Fatal NI connect error 12541, connecting to:
 (DESCRIPTION=(ADDRESS=(PROTOCOL=TCP)(HOST=172.16.0.19)(PORT=1523))(CONNECT_DATA=(SERVER=DEDICATED)(SERVICE_NAME=TST)(CID=(PROGRAM=C:\PROJETOSCM5\Bin\CentralAP.exe)(HOST=WSSP3649)(USER=bruno.santos))))

  VERSION INFORMATION:
	TNS for 32-bit Windows: Version 9.2.0.1.0 - Production
	Windows NT TCP/IP NT Protocol Adapter for 32-bit Windows: Version 9.2.0.1.0 - Production
  Time: 03-JUN-2014 16:55:07
  Tracing not turned on.
  Tns error struct:
    nr err code: 0
    ns main err code: 12541
    TNS-12541: TNS:no listener
    ns secondary err code: 12560
    nt main err code: 511
    TNS-00511: No listener
    nt secondary err code: 61
    nt OS err code: 0


***********************************************************************
Fatal NI connect error 12541, connecting to:
 (DESCRIPTION=(ADDRESS=(PROTOCOL=TCP)(HOST=172.16.0.19)(PORT=1523))(CONNECT_DATA=(SERVER=DEDICATED)(SERVICE_NAME=TST)(CID=(PROGRAM=C:\PROJETOSCM5\Bin\CentralAP.exe)(HOST=WSSP3649)(USER=bruno.santos))))

  VERSION INFORMATION:
	TNS for 32-bit Windows: Version 9.2.0.1.0 - Production
	Windows NT TCP/IP NT Protocol Adapter for 32-bit Windows: Version 9.2.0.1.0 - Production
  Time: 03-JUN-2014 16:55:08
  Tracing not turned on.
  Tns error struct:
    nr err code: 0
    ns main err code: 12541
    TNS-12541: TNS:no listener
    ns secondary err code: 12560
    nt main err code: 511
    TNS-00511: No listener
    nt secondary err code: 61
    nt OS err code: 0


***********************************************************************
Fatal NI connect error 12541, connecting to:
 (DESCRIPTION=(ADDRESS=(PROTOCOL=TCP)(HOST=172.16.0.19)(PORT=1523))(CONNECT_DATA=(SERVER=DEDICATED)(SERVICE_NAME=TST)(CID=(PROGRAM=C:\PROJETOSCM5\Bin\CentralAP.exe)(HOST=WSSP3649)(USER=bruno.santos))))

  VERSION INFORMATION:
	TNS for 32-bit Windows: Version 9.2.0.1.0 - Production
	Windows NT TCP/IP NT Protocol Adapter for 32-bit Windows: Version 9.2.0.1.0 - Production
  Time: 03-JUN-2014 16:55:09
  Tracing not turned on.
  Tns error struct:
    nr err code: 0
    ns main err code: 12541
    TNS-12541: TNS:no listener
    ns secondary err code: 12560
    nt main err code: 511
    TNS-00511: No listener
    nt secondary err code: 61
    nt OS err code: 0


***********************************************************************
Fatal NI connect error 12541, connecting to:
 (DESCRIPTION=(ADDRESS=(PROTOCOL=TCP)(HOST=172.16.0.19)(PORT=1523))(CONNECT_DATA=(SERVER=DEDICATED)(SERVICE_NAME=TST)(CID=(PROGRAM=C:\PROJETOSCM5\Bin\CentralAP.exe)(HOST=WSSP3649)(USER=bruno.santos))))

  VERSION INFORMATION:
	TNS for 32-bit Windows: Version 9.2.0.1.0 - Production
	Windows NT TCP/IP NT Protocol Adapter for 32-bit Windows: Version 9.2.0.1.0 - Production
  Time: 03-JUN-2014 16:55:10
  Tracing not turned on.
  Tns error struct:
    nr err code: 0
    ns main err code: 12541
    TNS-12541: TNS:no listener
    ns secondary err code: 12560
    nt main err code: 511
    TNS-00511: No listener
    nt secondary err code: 61
    nt OS err code: 0


***********************************************************************
Fatal NI connect error 12541, connecting to:
 (DESCRIPTION=(ADDRESS=(PROTOCOL=TCP)(HOST=172.16.0.19)(PORT=1523))(CONNECT_DATA=(SERVER=DEDICATED)(SERVICE_NAME=TST)(CID=(PROGRAM=C:\PROJETOSCM5\Bin\CentralAP.exe)(HOST=WSSP3649)(USER=bruno.santos))))

  VERSION INFORMATION:
	TNS for 32-bit Windows: Version 9.2.0.1.0 - Production
	Windows NT TCP/IP NT Protocol Adapter for 32-bit Windows: Version 9.2.0.1.0 - Production
  Time: 03-JUN-2014 16:55:11
  Tracing not turned on.
  Tns error struct:
    nr err code: 0
    ns main err code: 12541
    TNS-12541: TNS:no listener
    ns secondary err code: 12560
    nt main err code: 511
    TNS-00511: No listener
    nt secondary err code: 61
    nt OS err code: 0


***********************************************************************
Fatal NI connect error 12541, connecting to:
 (DESCRIPTION=(ADDRESS=(PROTOCOL=TCP)(HOST=172.16.0.19)(PORT=1523))(CONNECT_DATA=(SERVER=DEDICATED)(SERVICE_NAME=TST)(CID=(PROGRAM=C:\PROJETOSCM5\Bin\CentralAP.exe)(HOST=WSSP3649)(USER=bruno.santos))))

  VERSION INFORMATION:
	TNS for 32-bit Windows: Version 9.2.0.1.0 - Production
	Windows NT TCP/IP NT Protocol Adapter for 32-bit Windows: Version 9.2.0.1.0 - Production
  Time: 03-JUN-2014 16:55:12
  Tracing not turned on.
  Tns error struct:
    nr err code: 0
    ns main err code: 12541
    TNS-12541: TNS:no listener
    ns secondary err code: 12560
    nt main err code: 511
    TNS-00511: No listener
    nt secondary err code: 61
    nt OS err code: 0


***********************************************************************
Fatal NI connect error 12541, connecting to:
 (DESCRIPTION=(ADDRESS=(PROTOCOL=TCP)(HOST=172.16.0.19)(PORT=1523))(CONNECT_DATA=(SERVER=DEDICATED)(SERVICE_NAME=TST)(CID=(PROGRAM=C:\PROJETOSCM5\Bin\CentralAP.exe)(HOST=WSSP3649)(USER=bruno.santos))))

  VERSION INFORMATION:
	TNS for 32-bit Windows: Version 9.2.0.1.0 - Production
	Windows NT TCP/IP NT Protocol Adapter for 32-bit Windows: Version 9.2.0.1.0 - Production
  Time: 03-JUN-2014 16:55:14
  Tracing not turned on.
  Tns error struct:
    nr err code: 0
    ns main err code: 12541
    TNS-12541: TNS:no listener
    ns secondary err code: 12560
    nt main err code: 511
    TNS-00511: No listener
    nt secondary err code: 61
    nt OS err code: 0


***********************************************************************
Fatal NI connect error 12541, connecting to:
 (DESCRIPTION=(ADDRESS=(PROTOCOL=TCP)(HOST=172.16.0.19)(PORT=1523))(CONNECT_DATA=(SERVER=DEDICATED)(SERVICE_NAME=TST)(CID=(PROGRAM=C:\PROJETOSCM5\Bin\CentralAP.exe)(HOST=WSSP3649)(USER=bruno.santos))))

  VERSION INFORMATION:
	TNS for 32-bit Windows: Version 9.2.0.1.0 - Production
	Windows NT TCP/IP NT Protocol Adapter for 32-bit Windows: Version 9.2.0.1.0 - Production
  Time: 03-JUN-2014 16:55:15
  Tracing not turned on.
  Tns error struct:
    nr err code: 0
    ns main err code: 12541
    TNS-12541: TNS:no listener
    ns secondary err code: 12560
    nt main err code: 511
    TNS-00511: No listener
    nt secondary err code: 61
    nt OS err code: 0


***********************************************************************
Fatal NI connect error 12541, connecting to:
 (DESCRIPTION=(ADDRESS=(PROTOCOL=TCP)(HOST=172.16.0.19)(PORT=1523))(CONNECT_DATA=(SERVER=DEDICATED)(SERVICE_NAME=TST)(CID=(PROGRAM=C:\PROJETOSCM5\Bin\CentralAP.exe)(HOST=WSSP3649)(USER=bruno.santos))))

  VERSION INFORMATION:
	TNS for 32-bit Windows: Version 9.2.0.1.0 - Production
	Windows NT TCP/IP NT Protocol Adapter for 32-bit Windows: Version 9.2.0.1.0 - Production
  Time: 03-JUN-2014 16:55:16
  Tracing not turned on.
  Tns error struct:
    nr err code: 0
    ns main err code: 12541
    TNS-12541: TNS:no listener
    ns secondary err code: 12560
    nt main err code: 511
    TNS-00511: No listener
    nt secondary err code: 61
    nt OS err code: 0


***********************************************************************
Fatal NI connect error 12541, connecting to:
 (DESCRIPTION=(ADDRESS=(PROTOCOL=TCP)(HOST=172.16.0.19)(PORT=1523))(CONNECT_DATA=(SERVER=DEDICATED)(SERVICE_NAME=TST)(CID=(PROGRAM=C:\PROJETOSCM5\Bin\CentralAP.exe)(HOST=WSSP3649)(USER=bruno.santos))))

  VERSION INFORMATION:
	TNS for 32-bit Windows: Version 9.2.0.1.0 - Production
	Windows NT TCP/IP NT Protocol Adapter for 32-bit Windows: Version 9.2.0.1.0 - Production
  Time: 03-JUN-2014 16:55:17
  Tracing not turned on.
  Tns error struct:
    nr err code: 0
    ns main err code: 12541
    TNS-12541: TNS:no listener
    ns secondary err code: 12560
    nt main err code: 511
    TNS-00511: No listener
    nt secondary err code: 61
    nt OS err code: 0


***********************************************************************
Fatal NI connect error 12541, connecting to:
 (DESCRIPTION=(ADDRESS=(PROTOCOL=TCP)(HOST=172.16.0.19)(PORT=1523))(CONNECT_DATA=(SERVER=DEDICATED)(SERVICE_NAME=TST)(CID=(PROGRAM=C:\PROJETOSCM5\Bin\CentralAP.exe)(HOST=WSSP3649)(USER=bruno.santos))))

  VERSION INFORMATION:
	TNS for 32-bit Windows: Version 9.2.0.1.0 - Production
	Windows NT TCP/IP NT Protocol Adapter for 32-bit Windows: Version 9.2.0.1.0 - Production
  Time: 03-JUN-2014 16:55:18
  Tracing not turned on.
  Tns error struct:
    nr err code: 0
    ns main err code: 12541
    TNS-12541: TNS:no listener
    ns secondary err code: 12560
    nt main err code: 511
    TNS-00511: No listener
    nt secondary err code: 61
    nt OS err code: 0


***********************************************************************
Fatal NI connect error 12541, connecting to:
 (DESCRIPTION=(ADDRESS=(PROTOCOL=TCP)(HOST=172.16.0.19)(PORT=1523))(CONNECT_DATA=(SERVER=DEDICATED)(SERVICE_NAME=TST)(CID=(PROGRAM=C:\PROJETOSCM5\Bin\CentralAP.exe)(HOST=WSSP3649)(USER=bruno.santos))))

  VERSION INFORMATION:
	TNS for 32-bit Windows: Version 9.2.0.1.0 - Production
	Windows NT TCP/IP NT Protocol Adapter for 32-bit Windows: Version 9.2.0.1.0 - Production
  Time: 03-JUN-2014 16:55:19
  Tracing not turned on.
  Tns error struct:
    nr err code: 0
    ns main err code: 12541
    TNS-12541: TNS:no listener
    ns secondary err code: 12560
    nt main err code: 511
    TNS-00511: No listener
    nt secondary err code: 61
    nt OS err code: 0


***********************************************************************
Fatal NI connect error 12541, connecting to:
 (DESCRIPTION=(ADDRESS=(PROTOCOL=TCP)(HOST=172.16.0.19)(PORT=1523))(CONNECT_DATA=(SERVER=DEDICATED)(SERVICE_NAME=TST)(CID=(PROGRAM=C:\PROJETOSCM5\Bin\CentralAP.exe)(HOST=WSSP3649)(USER=bruno.santos))))

  VERSION INFORMATION:
	TNS for 32-bit Windows: Version 9.2.0.1.0 - Production
	Windows NT TCP/IP NT Protocol Adapter for 32-bit Windows: Version 9.2.0.1.0 - Production
  Time: 03-JUN-2014 16:55:20
  Tracing not turned on.
  Tns error struct:
    nr err code: 0
    ns main err code: 12541
    TNS-12541: TNS:no listener
    ns secondary err code: 12560
    nt main err code: 511
    TNS-00511: No listener
    nt secondary err code: 61
    nt OS err code: 0


***********************************************************************
Fatal NI connect error 12541, connecting to:
 (DESCRIPTION=(ADDRESS=(PROTOCOL=TCP)(HOST=172.16.0.19)(PORT=1523))(CONNECT_DATA=(SERVER=DEDICATED)(SERVICE_NAME=TST)(CID=(PROGRAM=C:\PROJETOSCM5\Bin\CentralAP.exe)(HOST=WSSP3649)(USER=bruno.santos))))

  VERSION INFORMATION:
	TNS for 32-bit Windows: Version 9.2.0.1.0 - Production
	Windows NT TCP/IP NT Protocol Adapter for 32-bit Windows: Version 9.2.0.1.0 - Production
  Time: 03-JUN-2014 16:55:21
  Tracing not turned on.
  Tns error struct:
    nr err code: 0
    ns main err code: 12541
    TNS-12541: TNS:no listener
    ns secondary err code: 12560
    nt main err code: 511
    TNS-00511: No listener
    nt secondary err code: 61
    nt OS err code: 0


***********************************************************************
Fatal NI connect error 12541, connecting to:
 (DESCRIPTION=(ADDRESS=(PROTOCOL=TCP)(HOST=172.16.0.19)(PORT=1523))(CONNECT_DATA=(SERVER=DEDICATED)(SERVICE_NAME=TST)(CID=(PROGRAM=C:\PROJETOSCM5\Bin\CentralAP.exe)(HOST=WSSP3649)(USER=bruno.santos))))

  VERSION INFORMATION:
	TNS for 32-bit Windows: Version 9.2.0.1.0 - Production
	Windows NT TCP/IP NT Protocol Adapter for 32-bit Windows: Version 9.2.0.1.0 - Production
  Time: 03-JUN-2014 16:55:22
  Tracing not turned on.
  Tns error struct:
    nr err code: 0
    ns main err code: 12541
    TNS-12541: TNS:no listener
    ns secondary err code: 12560
    nt main err code: 511
    TNS-00511: No listener
    nt secondary err code: 61
    nt OS err code: 0


***********************************************************************
Fatal NI connect error 12541, connecting to:
 (DESCRIPTION=(ADDRESS=(PROTOCOL=TCP)(HOST=172.16.0.19)(PORT=1523))(CONNECT_DATA=(SERVER=DEDICATED)(SERVICE_NAME=TST)(CID=(PROGRAM=C:\PROJETOSCM5\Bin\BeneficioPrev.exe)(HOST=WSSP3649)(USER=bruno.santos))))

  VERSION INFORMATION:
	TNS for 32-bit Windows: Version 9.2.0.1.0 - Production
	Windows NT TCP/IP NT Protocol Adapter for 32-bit Windows: Version 9.2.0.1.0 - Production
  Time: 03-JUN-2014 18:43:03
  Tracing not turned on.
  Tns error struct:
    nr err code: 0
    ns main err code: 12541
    TNS-12541: TNS:no listener
    ns secondary err code: 12560
    nt main err code: 511
    TNS-00511: No listener
    nt secondary err code: 61
    nt OS err code: 0


***********************************************************************
Fatal NI connect error 12541, connecting to:
 (DESCRIPTION=(ADDRESS=(PROTOCOL=TCP)(HOST=172.16.0.19)(PORT=1523))(CONNECT_DATA=(SERVER=DEDICATED)(SERVICE_NAME=TST)(CID=(PROGRAM=C:\PROJETOSCM5\Bin\BeneficioPrev.exe)(HOST=WSSP3649)(USER=bruno.santos))))

  VERSION INFORMATION:
	TNS for 32-bit Windows: Version 9.2.0.1.0 - Production
	Windows NT TCP/IP NT Protocol Adapter for 32-bit Windows: Version 9.2.0.1.0 - Production
  Time: 03-JUN-2014 18:43:04
  Tracing not turned on.
  Tns error struct:
    nr err code: 0
    ns main err code: 12541
    TNS-12541: TNS:no listener
    ns secondary err code: 12560
    nt main err code: 511
    TNS-00511: No listener
    nt secondary err code: 61
    nt OS err code: 0


***********************************************************************
Fatal NI connect error 12541, connecting to:
 (DESCRIPTION=(ADDRESS=(PROTOCOL=TCP)(HOST=172.16.0.19)(PORT=1523))(CONNECT_DATA=(SERVER=DEDICATED)(SERVICE_NAME=TST)(CID=(PROGRAM=C:\PROJETOSCM5\Bin\BeneficioPrev.exe)(HOST=WSSP3649)(USER=bruno.santos))))

  VERSION INFORMATION:
	TNS for 32-bit Windows: Version 9.2.0.1.0 - Production
	Windows NT TCP/IP NT Protocol Adapter for 32-bit Windows: Version 9.2.0.1.0 - Production
  Time: 03-JUN-2014 18:43:05
  Tracing not turned on.
  Tns error struct:
    nr err code: 0
    ns main err code: 12541
    TNS-12541: TNS:no listener
    ns secondary err code: 12560
    nt main err code: 511
    TNS-00511: No listener
    nt secondary err code: 61
    nt OS err code: 0


***********************************************************************
Fatal NI connect error 12541, connecting to:
 (DESCRIPTION=(ADDRESS=(PROTOCOL=TCP)(HOST=172.16.0.19)(PORT=1523))(CONNECT_DATA=(SERVER=DEDICATED)(SERVICE_NAME=TST)(CID=(PROGRAM=C:\PROJETOSCM5\Bin\BeneficioPrev.exe)(HOST=WSSP3649)(USER=bruno.santos))))

  VERSION INFORMATION:
	TNS for 32-bit Windows: Version 9.2.0.1.0 - Production
	Windows NT TCP/IP NT Protocol Adapter for 32-bit Windows: Version 9.2.0.1.0 - Production
  Time: 03-JUN-2014 18:43:09
  Tracing not turned on.
  Tns error struct:
    nr err code: 0
    ns main err code: 12541
    TNS-12541: TNS:no listener
    ns secondary err code: 12560
    nt main err code: 511
    TNS-00511: No listener
    nt secondary err code: 61
    nt OS err code: 0


***********************************************************************
Fatal NI connect error 12541, connecting to:
 (DESCRIPTION=(ADDRESS=(PROTOCOL=TCP)(HOST=172.16.0.19)(PORT=1523))(CONNECT_DATA=(SERVER=DEDICATED)(SERVICE_NAME=TST)(CID=(PROGRAM=C:\PROJETOSCM5\Bin\BeneficioPrev.exe)(HOST=WSSP3649)(USER=bruno.santos))))

  VERSION INFORMATION:
	TNS for 32-bit Windows: Version 9.2.0.1.0 - Production
	Windows NT TCP/IP NT Protocol Adapter for 32-bit Windows: Version 9.2.0.1.0 - Production
  Time: 03-JUN-2014 18:43:10
  Tracing not turned on.
  Tns error struct:
    nr err code: 0
    ns main err code: 12541
    TNS-12541: TNS:no listener
    ns secondary err code: 12560
    nt main err code: 511
    TNS-00511: No listener
    nt secondary err code: 61
    nt OS err code: 0


***********************************************************************
Fatal NI connect error 12541, connecting to:
 (DESCRIPTION=(ADDRESS=(PROTOCOL=TCP)(HOST=172.16.0.19)(PORT=1523))(CONNECT_DATA=(SERVER=DEDICATED)(SERVICE_NAME=TST)(CID=(PROGRAM=C:\PROJETOSCM5\Bin\BeneficioPrev.exe)(HOST=WSSP3649)(USER=bruno.santos))))

  VERSION INFORMATION:
	TNS for 32-bit Windows: Version 9.2.0.1.0 - Production
	Windows NT TCP/IP NT Protocol Adapter for 32-bit Windows: Version 9.2.0.1.0 - Production
  Time: 03-JUN-2014 18:43:22
  Tracing not turned on.
  Tns error struct:
    nr err code: 0
    ns main err code: 12541
    TNS-12541: TNS:no listener
    ns secondary err code: 12560
    nt main err code: 511
    TNS-00511: No listener
    nt secondary err code: 61
    nt OS err code: 0


***********************************************************************
Fatal NI connect error 12541, connecting to:
 (DESCRIPTION=(ADDRESS=(PROTOCOL=TCP)(HOST=172.16.0.19)(PORT=1523))(CONNECT_DATA=(SERVER=DEDICATED)(SERVICE_NAME=TST)(CID=(PROGRAM=C:\PROJETOSCM5\Bin\BeneficioPrev.exe)(HOST=WSSP3649)(USER=bruno.santos))))

  VERSION INFORMATION:
	TNS for 32-bit Windows: Version 9.2.0.1.0 - Production
	Windows NT TCP/IP NT Protocol Adapter for 32-bit Windows: Version 9.2.0.1.0 - Production
  Time: 03-JUN-2014 18:43:23
  Tracing not turned on.
  Tns error struct:
    nr err code: 0
    ns main err code: 12541
    TNS-12541: TNS:no listener
    ns secondary err code: 12560
    nt main err code: 511
    TNS-00511: No listener
    nt secondary err code: 61
    nt OS err code: 0


***********************************************************************
Fatal NI connect error 12541, connecting to:
 (DESCRIPTION=(ADDRESS=(PROTOCOL=TCP)(HOST=172.16.0.19)(PORT=1523))(CONNECT_DATA=(SERVER=DEDICATED)(SERVICE_NAME=TST)(CID=(PROGRAM=C:\PROJETOSCM5\Bin\BeneficioPrev.exe)(HOST=WSSP3649)(USER=bruno.santos))))

  VERSION INFORMATION:
	TNS for 32-bit Windows: Version 9.2.0.1.0 - Production
	Windows NT TCP/IP NT Protocol Adapter for 32-bit Windows: Version 9.2.0.1.0 - Production
  Time: 03-JUN-2014 18:43:24
  Tracing not turned on.
  Tns error struct:
    nr err code: 0
    ns main err code: 12541
    TNS-12541: TNS:no listener
    ns secondary err code: 12560
    nt main err code: 511
    TNS-00511: No listener
    nt secondary err code: 61
    nt OS err code: 0


***********************************************************************
Fatal NI connect error 12541, connecting to:
 (DESCRIPTION=(ADDRESS=(PROTOCOL=TCP)(HOST=172.16.0.19)(PORT=1523))(CONNECT_DATA=(SERVER=DEDICATED)(SERVICE_NAME=TST)(CID=(PROGRAM=C:\PROJETOSCM5\Bin\BeneficioPrev.exe)(HOST=WSSP3649)(USER=bruno.santos))))

  VERSION INFORMATION:
	TNS for 32-bit Windows: Version 9.2.0.1.0 - Production
	Windows NT TCP/IP NT Protocol Adapter for 32-bit Windows: Version 9.2.0.1.0 - Production
  Time: 03-JUN-2014 18:43:26
  Tracing not turned on.
  Tns error struct:
    nr err code: 0
    ns main err code: 12541
    TNS-12541: TNS:no listener
    ns secondary err code: 12560
    nt main err code: 511
    TNS-00511: No listener
    nt secondary err code: 61
    nt OS err code: 0


***********************************************************************
Fatal NI connect error 12541, connecting to:
 (DESCRIPTION=(ADDRESS=(PROTOCOL=TCP)(HOST=172.16.0.19)(PORT=1523))(CONNECT_DATA=(SERVER=DEDICATED)(SERVICE_NAME=TST)(CID=(PROGRAM=C:\PROJETOSCM5\Bin\BeneficioPrev.exe)(HOST=WSSP3649)(USER=bruno.santos))))

  VERSION INFORMATION:
	TNS for 32-bit Windows: Version 9.2.0.1.0 - Production
	Windows NT TCP/IP NT Protocol Adapter for 32-bit Windows: Version 9.2.0.1.0 - Production
  Time: 03-JUN-2014 18:43:28
  Tracing not turned on.
  Tns error struct:
    nr err code: 0
    ns main err code: 12541
    TNS-12541: TNS:no listener
    ns secondary err code: 12560
    nt main err code: 511
    TNS-00511: No listener
    nt secondary err code: 61
    nt OS err code: 0


***********************************************************************
Fatal NI connect error 12545, connecting to:
 (DESCRIPTION=(ADDRESS=(PROTOCOL=TCP)(HOST=secundus-vip)(PORT=1521))(LOAD_BALANCE=yes)(FAILOVER=YES)(CONNECT_DATA=(SERVER=DEDICATED)(SERVICE_NAME=racdb)(FAILOVER_MODE=(TYPE=SELECT)(METHOD=BASIC))(CID=(PROGRAM=C:\PROJETOSCM5\Bin\emprestimo.exe)(HOST=WSSP3649)(USER=maiara.giavoni))))

  VERSION INFORMATION:
	TNS for 32-bit Windows: Version 9.2.0.1.0 - Production
	Windows NT TCP/IP NT Protocol Adapter for 32-bit Windows: Version 9.2.0.1.0 - Production
  Time: 01-AGO-2014 18:21:09
  Tracing not turned on.
  Tns error struct:
    nr err code: 0
    ns main err code: 12545
    TNS-12545: Connect failed because target host or object does not exist
    ns secondary err code: 12560
    nt main err code: 515
    TNS-00515: Connect failed because target host or object does not exist
    nt secondary err code: 1001
    nt OS err code: 0


***********************************************************************
Fatal NI connect error 12545, connecting to:
 (DESCRIPTION=(ADDRESS=(PROTOCOL=TCP)(HOST=primus-vip)(PORT=1521))(LOAD_BALANCE=yes)(FAILOVER=YES)(CONNECT_DATA=(SERVER=DEDICATED)(SERVICE_NAME=racdb)(FAILOVER_MODE=(TYPE=SELECT)(METHOD=BASIC))(CID=(PROGRAM=C:\PROJETOSCM5\Bin\emprestimo.exe)(HOST=WSSP3649)(USER=maiara.giavoni))))

  VERSION INFORMATION:
	TNS for 32-bit Windows: Version 9.2.0.1.0 - Production
	Windows NT TCP/IP NT Protocol Adapter for 32-bit Windows: Version 9.2.0.1.0 - Production
  Time: 01-AGO-2014 18:21:14
  Tracing not turned on.
  Tns error struct:
    nr err code: 0
    ns main err code: 12545
    TNS-12545: Connect failed because target host or object does not exist
    ns secondary err code: 12560
    nt main err code: 515
    TNS-00515: Connect failed because target host or object does not exist
    nt secondary err code: 1001
    nt OS err code: 0


***********************************************************************
Fatal NI connect error 12545, connecting to:
 (DESCRIPTION=(ADDRESS=(PROTOCOL=TCP)(HOST=secundus-vip)(PORT=1521))(LOAD_BALANCE=yes)(FAILOVER=YES)(CONNECT_DATA=(SERVER=DEDICATED)(SERVICE_NAME=racdb)(FAILOVER_MODE=(TYPE=SELECT)(METHOD=BASIC))(CID=(PROGRAM=C:\PROJETOSCM5\Bin\emprestimo.exe)(HOST=WSSP3649)(USER=maiara.giavoni))))

  VERSION INFORMATION:
	TNS for 32-bit Windows: Version 9.2.0.1.0 - Production
	Windows NT TCP/IP NT Protocol Adapter for 32-bit Windows: Version 9.2.0.1.0 - Production
  Time: 01-AGO-2014 18:21:18
  Tracing not turned on.
  Tns error struct:
    nr err code: 0
    ns main err code: 12545
    TNS-12545: Connect failed because target host or object does not exist
    ns secondary err code: 12560
    nt main err code: 515
    TNS-00515: Connect failed because target host or object does not exist
    nt secondary err code: 1001
    nt OS err code: 0


***********************************************************************
Fatal NI connect error 12545, connecting to:
 (DESCRIPTION=(ADDRESS=(PROTOCOL=TCP)(HOST=secundus-vip)(PORT=1521))(LOAD_BALANCE=yes)(FAILOVER=YES)(CONNECT_DATA=(SERVER=DEDICATED)(SERVICE_NAME=racdb)(FAILOVER_MODE=(TYPE=SELECT)(METHOD=BASIC))(CID=(PROGRAM=C:\PROJETOSCM5\Bin\emprestimo.exe)(HOST=WSSP3649)(USER=maiara.giavoni))))

  VERSION INFORMATION:
	TNS for 32-bit Windows: Version 9.2.0.1.0 - Production
	Windows NT TCP/IP NT Protocol Adapter for 32-bit Windows: Version 9.2.0.1.0 - Production
  Time: 01-AGO-2014 18:21:24
  Tracing not turned on.
  Tns error struct:
    nr err code: 0
    ns main err code: 12545
    TNS-12545: Connect failed because target host or object does not exist
    ns secondary err code: 12560
    nt main err code: 515
    TNS-00515: Connect failed because target host or object does not exist
    nt secondary err code: 1001
    nt OS err code: 0


***********************************************************************
Fatal NI connect error 12545, connecting to:
 (DESCRIPTION=(ADDRESS=(PROTOCOL=TCP)(HOST=primus-vip)(PORT=1521))(LOAD_BALANCE=yes)(FAILOVER=YES)(CONNECT_DATA=(SERVER=DEDICATED)(SERVICE_NAME=racdb)(FAILOVER_MODE=(TYPE=SELECT)(METHOD=BASIC))(CID=(PROGRAM=C:\PROJETOSCM5\Bin\emprestimo.exe)(HOST=WSSP3649)(USER=maiara.giavoni))))

  VERSION INFORMATION:
	TNS for 32-bit Windows: Version 9.2.0.1.0 - Production
	Windows NT TCP/IP NT Protocol Adapter for 32-bit Windows: Version 9.2.0.1.0 - Production
  Time: 01-AGO-2014 18:21:29
  Tracing not turned on.
  Tns error struct:
    nr err code: 0
    ns main err code: 12545
    TNS-12545: Connect failed because target host or object does not exist
    ns secondary err code: 12560
    nt main err code: 515
    TNS-00515: Connect failed because target host or object does not exist
    nt secondary err code: 1001
    nt OS err code: 0


***********************************************************************
Fatal NI connect error 12545, connecting to:
 (DESCRIPTION=(ADDRESS=(PROTOCOL=TCP)(HOST=secundus-vip)(PORT=1521))(LOAD_BALANCE=yes)(FAILOVER=YES)(CONNECT_DATA=(SERVER=DEDICATED)(SERVICE_NAME=racdb)(FAILOVER_MODE=(TYPE=SELECT)(METHOD=BASIC))(CID=(PROGRAM=C:\PROJETOSCM5\Bin\emprestimo.exe)(HOST=WSSP3649)(USER=maiara.giavoni))))

  VERSION INFORMATION:
	TNS for 32-bit Windows: Version 9.2.0.1.0 - Production
	Windows NT TCP/IP NT Protocol Adapter for 32-bit Windows: Version 9.2.0.1.0 - Production
  Time: 01-AGO-2014 18:21:33
  Tracing not turned on.
  Tns error struct:
    nr err code: 0
    ns main err code: 12545
    TNS-12545: Connect failed because target host or object does not exist
    ns secondary err code: 12560
    nt main err code: 515
    TNS-00515: Connect failed because target host or object does not exist
    nt secondary err code: 1001
    nt OS err code: 0


***********************************************************************
Fatal NI connect error 12545, connecting to:
 (DESCRIPTION=(ADDRESS=(PROTOCOL=TCP)(HOST=secundus-vip)(PORT=1521))(LOAD_BALANCE=yes)(FAILOVER=YES)(CONNECT_DATA=(SERVER=DEDICATED)(SERVICE_NAME=racdb)(FAILOVER_MODE=(TYPE=SELECT)(METHOD=BASIC))(CID=(PROGRAM=C:\PROJETOSCM5\Bin\emprestimo.exe)(HOST=WSSP3649)(USER=maiara.giavoni))))

  VERSION INFORMATION:
	TNS for 32-bit Windows: Version 9.2.0.1.0 - Production
	Windows NT TCP/IP NT Protocol Adapter for 32-bit Windows: Version 9.2.0.1.0 - Production
  Time: 01-AGO-2014 18:21:38
  Tracing not turned on.
  Tns error struct:
    nr err code: 0
    ns main err code: 12545
    TNS-12545: Connect failed because target host or object does not exist
    ns secondary err code: 12560
    nt main err code: 515
    TNS-00515: Connect failed because target host or object does not exist
    nt secondary err code: 1001
    nt OS err code: 0


***********************************************************************
Fatal NI connect error 12545, connecting to:
 (DESCRIPTION=(ADDRESS=(PROTOCOL=TCP)(HOST=primus-vip)(PORT=1521))(LOAD_BALANCE=yes)(FAILOVER=YES)(CONNECT_DATA=(SERVER=DEDICATED)(SERVICE_NAME=racdb)(FAILOVER_MODE=(TYPE=SELECT)(METHOD=BASIC))(CID=(PROGRAM=C:\PROJETOSCM5\Bin\emprestimo.exe)(HOST=WSSP3649)(USER=maiara.giavoni))))

  VERSION INFORMATION:
	TNS for 32-bit Windows: Version 9.2.0.1.0 - Production
	Windows NT TCP/IP NT Protocol Adapter for 32-bit Windows: Version 9.2.0.1.0 - Production
  Time: 01-AGO-2014 18:21:43
  Tracing not turned on.
  Tns error struct:
    nr err code: 0
    ns main err code: 12545
    TNS-12545: Connect failed because target host or object does not exist
    ns secondary err code: 12560
    nt main err code: 515
    TNS-00515: Connect failed because target host or object does not exist
    nt secondary err code: 1001
    nt OS err code: 0


***********************************************************************
Fatal NI connect error 12545, connecting to:
 (DESCRIPTION=(ADDRESS=(PROTOCOL=TCP)(HOST=primus-vip)(PORT=1521))(LOAD_BALANCE=yes)(FAILOVER=YES)(CONNECT_DATA=(SERVER=DEDICATED)(SERVICE_NAME=racdb)(FAILOVER_MODE=(TYPE=SELECT)(METHOD=BASIC))(CID=(PROGRAM=C:\PROJETOSCM5\Bin\emprestimo.exe)(HOST=WSSP3649)(USER=maiara.giavoni))))

  VERSION INFORMATION:
	TNS for 32-bit Windows: Version 9.2.0.1.0 - Production
	Windows NT TCP/IP NT Protocol Adapter for 32-bit Windows: Version 9.2.0.1.0 - Production
  Time: 01-AGO-2014 18:23:11
  Tracing not turned on.
  Tns error struct:
    nr err code: 0
    ns main err code: 12545
    TNS-12545: Connect failed because target host or object does not exist
    ns secondary err code: 12560
    nt main err code: 515
    TNS-00515: Connect failed because target host or object does not exist
    nt secondary err code: 1001
    nt OS err code: 0


***********************************************************************
Fatal NI connect error 12545, connecting to:
 (DESCRIPTION=(ADDRESS=(PROTOCOL=TCP)(HOST=primus-vip)(PORT=1521))(LOAD_BALANCE=yes)(FAILOVER=YES)(CONNECT_DATA=(SERVER=DEDICATED)(SERVICE_NAME=racdb)(FAILOVER_MODE=(TYPE=SELECT)(METHOD=BASIC))(CID=(PROGRAM=C:\PROJETOSCM5\Bin\emprestimo.exe)(HOST=WSSP3649)(USER=maiara.giavoni))))

  VERSION INFORMATION:
	TNS for 32-bit Windows: Version 9.2.0.1.0 - Production
	Windows NT TCP/IP NT Protocol Adapter for 32-bit Windows: Version 9.2.0.1.0 - Production
  Time: 01-AGO-2014 18:23:16
  Tracing not turned on.
  Tns error struct:
    nr err code: 0
    ns main err code: 12545
    TNS-12545: Connect failed because target host or object does not exist
    ns secondary err code: 12560
    nt main err code: 515
    TNS-00515: Connect failed because target host or object does not exist
    nt secondary err code: 1001
    nt OS err code: 0


***********************************************************************
Fatal NI connect error 12545, connecting to:
 (DESCRIPTION=(ADDRESS=(PROTOCOL=TCP)(HOST=secundus-vip)(PORT=1521))(LOAD_BALANCE=yes)(FAILOVER=YES)(CONNECT_DATA=(SERVER=DEDICATED)(SERVICE_NAME=racdb)(FAILOVER_MODE=(TYPE=SELECT)(METHOD=BASIC))(CID=(PROGRAM=C:\PROJETOSCM5\Bin\emprestimo.exe)(HOST=WSSP3649)(USER=maiara.giavoni))))

  VERSION INFORMATION:
	TNS for 32-bit Windows: Version 9.2.0.1.0 - Production
	Windows NT TCP/IP NT Protocol Adapter for 32-bit Windows: Version 9.2.0.1.0 - Production
  Time: 01-AGO-2014 18:23:20
  Tracing not turned on.
  Tns error struct:
    nr err code: 0
    ns main err code: 12545
    TNS-12545: Connect failed because target host or object does not exist
    ns secondary err code: 12560
    nt main err code: 515
    TNS-00515: Connect failed because target host or object does not exist
    nt secondary err code: 1001
    nt OS err code: 0


***********************************************************************
Fatal NI connect error 12545, connecting to:
 (DESCRIPTION=(ADDRESS=(PROTOCOL=TCP)(HOST=secundus-vip)(PORT=1521))(LOAD_BALANCE=yes)(FAILOVER=YES)(CONNECT_DATA=(SERVER=DEDICATED)(SERVICE_NAME=racdb)(FAILOVER_MODE=(TYPE=SELECT)(METHOD=BASIC))(CID=(PROGRAM=C:\PROJETOSCM5\Bin\emprestimo.exe)(HOST=WSSP3649)(USER=maiara.giavoni))))

  VERSION INFORMATION:
	TNS for 32-bit Windows: Version 9.2.0.1.0 - Production
	Windows NT TCP/IP NT Protocol Adapter for 32-bit Windows: Version 9.2.0.1.0 - Production
  Time: 01-AGO-2014 18:23:26
  Tracing not turned on.
  Tns error struct:
    nr err code: 0
    ns main err code: 12545
    TNS-12545: Connect failed because target host or object does not exist
    ns secondary err code: 12560
    nt main err code: 515
    TNS-00515: Connect failed because target host or object does not exist
    nt secondary err code: 1001
    nt OS err code: 0


***********************************************************************
Fatal NI connect error 12545, connecting to:
 (DESCRIPTION=(ADDRESS=(PROTOCOL=TCP)(HOST=secundus-vip)(PORT=1521))(LOAD_BALANCE=yes)(FAILOVER=YES)(CONNECT_DATA=(SERVER=DEDICATED)(SERVICE_NAME=racdb)(FAILOVER_MODE=(TYPE=SELECT)(METHOD=BASIC))(CID=(PROGRAM=C:\PROJETOSCM5\Bin\emprestimo.exe)(HOST=WSSP3649)(USER=maiara.giavoni))))

  VERSION INFORMATION:
	TNS for 32-bit Windows: Version 9.2.0.1.0 - Production
	Windows NT TCP/IP NT Protocol Adapter for 32-bit Windows: Version 9.2.0.1.0 - Production
  Time: 01-AGO-2014 18:23:30
  Tracing not turned on.
  Tns error struct:
    nr err code: 0
    ns main err code: 12545
    TNS-12545: Connect failed because target host or object does not exist
    ns secondary err code: 12560
    nt main err code: 515
    TNS-00515: Connect failed because target host or object does not exist
    nt secondary err code: 1001
    nt OS err code: 0


***********************************************************************
Fatal NI connect error 12545, connecting to:
 (DESCRIPTION=(ADDRESS=(PROTOCOL=TCP)(HOST=primus-vip)(PORT=1521))(LOAD_BALANCE=yes)(FAILOVER=YES)(CONNECT_DATA=(SERVER=DEDICATED)(SERVICE_NAME=racdb)(FAILOVER_MODE=(TYPE=SELECT)(METHOD=BASIC))(CID=(PROGRAM=C:\PROJETOSCM5\Bin\emprestimo.exe)(HOST=WSSP3649)(USER=maiara.giavoni))))

  VERSION INFORMATION:
	TNS for 32-bit Windows: Version 9.2.0.1.0 - Production
	Windows NT TCP/IP NT Protocol Adapter for 32-bit Windows: Version 9.2.0.1.0 - Production
  Time: 01-AGO-2014 18:23:35
  Tracing not turned on.
  Tns error struct:
    nr err code: 0
    ns main err code: 12545
    TNS-12545: Connect failed because target host or object does not exist
    ns secondary err code: 12560
    nt main err code: 515
    TNS-00515: Connect failed because target host or object does not exist
    nt secondary err code: 1001
    nt OS err code: 0


***********************************************************************
Fatal NI connect error 12545, connecting to:
 (DESCRIPTION=(ADDRESS=(PROTOCOL=TCP)(HOST=secundus-vip)(PORT=1521))(LOAD_BALANCE=yes)(FAILOVER=YES)(CONNECT_DATA=(SERVER=DEDICATED)(SERVICE_NAME=racdb)(FAILOVER_MODE=(TYPE=SELECT)(METHOD=BASIC))(CID=(PROGRAM=C:\PROJETOSCM5\Bin\emprestimo.exe)(HOST=WSSP3649)(USER=maiara.giavoni))))

  VERSION INFORMATION:
	TNS for 32-bit Windows: Version 9.2.0.1.0 - Production
	Windows NT TCP/IP NT Protocol Adapter for 32-bit Windows: Version 9.2.0.1.0 - Production
  Time: 01-AGO-2014 18:23:39
  Tracing not turned on.
  Tns error struct:
    nr err code: 0
    ns main err code: 12545
    TNS-12545: Connect failed because target host or object does not exist
    ns secondary err code: 12560
    nt main err code: 515
    TNS-00515: Connect failed because target host or object does not exist
    nt secondary err code: 1001
    nt OS err code: 0


***********************************************************************
Fatal NI connect error 12545, connecting to:
 (DESCRIPTION=(ADDRESS=(PROTOCOL=TCP)(HOST=secundus-vip)(PORT=1521))(LOAD_BALANCE=yes)(FAILOVER=YES)(CONNECT_DATA=(SERVER=DEDICATED)(SERVICE_NAME=racdb)(FAILOVER_MODE=(TYPE=SELECT)(METHOD=BASIC))(CID=(PROGRAM=C:\PROJETOSCM5\Bin\emprestimo.exe)(HOST=WSSP3649)(USER=maiara.giavoni))))

  VERSION INFORMATION:
	TNS for 32-bit Windows: Version 9.2.0.1.0 - Production
	Windows NT TCP/IP NT Protocol Adapter for 32-bit Windows: Version 9.2.0.1.0 - Production
  Time: 01-AGO-2014 18:23:44
  Tracing not turned on.
  Tns error struct:
    nr err code: 0
    ns main err code: 12545
    TNS-12545: Connect failed because target host or object does not exist
    ns secondary err code: 12560
    nt main err code: 515
    TNS-00515: Connect failed because target host or object does not exist
    nt secondary err code: 1001
    nt OS err code: 0


***********************************************************************
Fatal NI connect error 12545, connecting to:
 (DESCRIPTION=(ADDRESS=(PROTOCOL=TCP)(HOST=primus-vip)(PORT=1521))(LOAD_BALANCE=yes)(FAILOVER=YES)(CONNECT_DATA=(SERVER=DEDICATED)(SERVICE_NAME=racdb)(FAILOVER_MODE=(TYPE=SELECT)(METHOD=BASIC))(CID=(PROGRAM=C:\PROJETOSCM5\Bin\ContasaPagar.exe)(HOST=WSSP3649)(USER=maiara.giavoni))))

  VERSION INFORMATION:
	TNS for 32-bit Windows: Version 9.2.0.1.0 - Production
	Windows NT TCP/IP NT Protocol Adapter for 32-bit Windows: Version 9.2.0.1.0 - Production
  Time: 18-AGO-2014 13:24:52
  Tracing not turned on.
  Tns error struct:
    nr err code: 0
    ns main err code: 12545
    TNS-12545: Connect failed because target host or object does not exist
    ns secondary err code: 12560
    nt main err code: 515
    TNS-00515: Connect failed because target host or object does not exist
    nt secondary err code: 1001
    nt OS err code: 0


***********************************************************************
Fatal NI connect error 12545, connecting to:
 (DESCRIPTION=(ADDRESS=(PROTOCOL=TCP)(HOST=secundus-vip)(PORT=1521))(LOAD_BALANCE=yes)(FAILOVER=YES)(CONNECT_DATA=(SERVER=DEDICATED)(SERVICE_NAME=racdb)(FAILOVER_MODE=(TYPE=SELECT)(METHOD=BASIC))(CID=(PROGRAM=C:\PROJETOSCM5\Bin\ContasaPagar.exe)(HOST=WSSP3649)(USER=maiara.giavoni))))

  VERSION INFORMATION:
	TNS for 32-bit Windows: Version 9.2.0.1.0 - Production
	Windows NT TCP/IP NT Protocol Adapter for 32-bit Windows: Version 9.2.0.1.0 - Production
  Time: 18-AGO-2014 13:24:57
  Tracing not turned on.
  Tns error struct:
    nr err code: 0
    ns main err code: 12545
    TNS-12545: Connect failed because target host or object does not exist
    ns secondary err code: 12560
    nt main err code: 515
    TNS-00515: Connect failed because target host or object does not exist
    nt secondary err code: 1001
    nt OS err code: 0


***********************************************************************
Fatal NI connect error 12545, connecting to:
 (DESCRIPTION=(ADDRESS=(PROTOCOL=TCP)(HOST=primus-vip)(PORT=1521))(LOAD_BALANCE=yes)(FAILOVER=YES)(CONNECT_DATA=(SERVER=DEDICATED)(SERVICE_NAME=racdb)(FAILOVER_MODE=(TYPE=SELECT)(METHOD=BASIC))(CID=(PROGRAM=C:\PROJETOSCM5\Bin\InvestCotas.exe)(HOST=WSSP3649)(USER=maiara.giavoni))))

  VERSION INFORMATION:
	TNS for 32-bit Windows: Version 9.2.0.1.0 - Production
	Windows NT TCP/IP NT Protocol Adapter for 32-bit Windows: Version 9.2.0.1.0 - Production
  Time: 19-AGO-2014 10:55:07
  Tracing not turned on.
  Tns error struct:
    nr err code: 0
    ns main err code: 12545
    TNS-12545: Connect failed because target host or object does not exist
    ns secondary err code: 12560
    nt main err code: 515
    TNS-00515: Connect failed because target host or object does not exist
    nt secondary err code: 1001
    nt OS err code: 0


***********************************************************************
Fatal NI connect error 12545, connecting to:
 (DESCRIPTION=(ADDRESS=(PROTOCOL=TCP)(HOST=secundus-vip)(PORT=1521))(LOAD_BALANCE=yes)(FAILOVER=YES)(CONNECT_DATA=(SERVER=DEDICATED)(SERVICE_NAME=racdb)(FAILOVER_MODE=(TYPE=SELECT)(METHOD=BASIC))(CID=(PROGRAM=C:\PROJETOSCM5\Bin\InvestCotas.exe)(HOST=WSSP3649)(USER=maiara.giavoni))))

  VERSION INFORMATION:
	TNS for 32-bit Windows: Version 9.2.0.1.0 - Production
	Windows NT TCP/IP NT Protocol Adapter for 32-bit Windows: Version 9.2.0.1.0 - Production
  Time: 19-AGO-2014 10:55:12
  Tracing not turned on.
  Tns error struct:
    nr err code: 0
    ns main err code: 12545
    TNS-12545: Connect failed because target host or object does not exist
    ns secondary err code: 12560
    nt main err code: 515
    TNS-00515: Connect failed because target host or object does not exist
    nt secondary err code: 1001
    nt OS err code: 0


***********************************************************************
Fatal NI connect error 12545, connecting to:
 (DESCRIPTION=(ADDRESS=(PROTOCOL=TCP)(HOST=secundus-vip)(PORT=1521))(LOAD_BALANCE=yes)(FAILOVER=YES)(CONNECT_DATA=(SERVER=DEDICATED)(SERVICE_NAME=racdb)(FAILOVER_MODE=(TYPE=SELECT)(METHOD=BASIC))(CID=(PROGRAM=C:\PROJETOSCM5\Bin\InvestCotas.exe)(HOST=WSSP3649)(USER=maiara.giavoni))))

  VERSION INFORMATION:
	TNS for 32-bit Windows: Version 9.2.0.1.0 - Production
	Windows NT TCP/IP NT Protocol Adapter for 32-bit Windows: Version 9.2.0.1.0 - Production
  Time: 19-AGO-2014 10:55:16
  Tracing not turned on.
  Tns error struct:
    nr err code: 0
    ns main err code: 12545
    TNS-12545: Connect failed because target host or object does not exist
    ns secondary err code: 12560
    nt main err code: 515
    TNS-00515: Connect failed because target host or object does not exist
    nt secondary err code: 1001
    nt OS err code: 0


***********************************************************************
Fatal NI connect error 12545, connecting to:
 (DESCRIPTION=(ADDRESS=(PROTOCOL=TCP)(HOST=secundus-vip)(PORT=1521))(LOAD_BALANCE=yes)(FAILOVER=YES)(CONNECT_DATA=(SERVER=DEDICATED)(SERVICE_NAME=racdb)(FAILOVER_MODE=(TYPE=SELECT)(METHOD=BASIC))(CID=(PROGRAM=C:\PROJETOSCM5\Bin\InvestCotas.exe)(HOST=WSSP3649)(USER=maiara.giavoni))))

  VERSION INFORMATION:
	TNS for 32-bit Windows: Version 9.2.0.1.0 - Production
	Windows NT TCP/IP NT Protocol Adapter for 32-bit Windows: Version 9.2.0.1.0 - Production
  Time: 19-AGO-2014 10:55:28
  Tracing not turned on.
  Tns error struct:
    nr err code: 0
    ns main err code: 12545
    TNS-12545: Connect failed because target host or object does not exist
    ns secondary err code: 12560
    nt main err code: 515
    TNS-00515: Connect failed because target host or object does not exist
    nt secondary err code: 1001
    nt OS err code: 0


***********************************************************************
Fatal NI connect error 12545, connecting to:
 (DESCRIPTION=(ADDRESS=(PROTOCOL=TCP)(HOST=secundus-vip)(PORT=1521))(LOAD_BALANCE=yes)(FAILOVER=YES)(CONNECT_DATA=(SERVER=DEDICATED)(SERVICE_NAME=racdb)(FAILOVER_MODE=(TYPE=SELECT)(METHOD=BASIC))(CID=(PROGRAM=C:\PROJETOSCM5\Bin\InvestCotas.exe)(HOST=WSSP3649)(USER=maiara.giavoni))))

  VERSION INFORMATION:
	TNS for 32-bit Windows: Version 9.2.0.1.0 - Production
	Windows NT TCP/IP NT Protocol Adapter for 32-bit Windows: Version 9.2.0.1.0 - Production
  Time: 19-AGO-2014 10:55:33
  Tracing not turned on.
  Tns error struct:
    nr err code: 0
    ns main err code: 12545
    TNS-12545: Connect failed because target host or object does not exist
    ns secondary err code: 12560
    nt main err code: 515
    TNS-00515: Connect failed because target host or object does not exist
    nt secondary err code: 1001
    nt OS err code: 0


***********************************************************************
Fatal NI connect error 12545, connecting to:
 (DESCRIPTION=(ADDRESS=(PROTOCOL=TCP)(HOST=secundus-vip)(PORT=1521))(LOAD_BALANCE=yes)(FAILOVER=YES)(CONNECT_DATA=(SERVER=DEDICATED)(SERVICE_NAME=racdb)(FAILOVER_MODE=(TYPE=SELECT)(METHOD=BASIC))(CID=(PROGRAM=C:\PROJETOSCM5\Bin\Orcamento.exe)(HOST=WSSP3649)(USER=maiara.giavoni))))

  VERSION INFORMATION:
	TNS for 32-bit Windows: Version 9.2.0.1.0 - Production
	Windows NT TCP/IP NT Protocol Adapter for 32-bit Windows: Version 9.2.0.1.0 - Production
  Time: 29-AGO-2014 16:32:51
  Tracing not turned on.
  Tns error struct:
    nr err code: 0
    ns main err code: 12545
    TNS-12545: Connect failed because target host or object does not exist
    ns secondary err code: 12560
    nt main err code: 515
    TNS-00515: Connect failed because target host or object does not exist
    nt secondary err code: 1001
    nt OS err code: 0


***********************************************************************
Fatal NI connect error 12545, connecting to:
 (DESCRIPTION=(ADDRESS=(PROTOCOL=TCP)(HOST=primus-vip)(PORT=1521))(LOAD_BALANCE=yes)(FAILOVER=YES)(CONNECT_DATA=(SERVER=DEDICATED)(SERVICE_NAME=racdb)(FAILOVER_MODE=(TYPE=SELECT)(METHOD=BASIC))(CID=(PROGRAM=C:\PROJETOSCM5\Bin\Orcamento.exe)(HOST=WSSP3649)(USER=maiara.giavoni))))

  VERSION INFORMATION:
	TNS for 32-bit Windows: Version 9.2.0.1.0 - Production
	Windows NT TCP/IP NT Protocol Adapter for 32-bit Windows: Version 9.2.0.1.0 - Production
  Time: 29-AGO-2014 16:32:56
  Tracing not turned on.
  Tns error struct:
    nr err code: 0
    ns main err code: 12545
    TNS-12545: Connect failed because target host or object does not exist
    ns secondary err code: 12560
    nt main err code: 515
    TNS-00515: Connect failed because target host or object does not exist
    nt secondary err code: 1001
    nt OS err code: 0


***********************************************************************
Fatal NI connect error 12545, connecting to:
 (DESCRIPTION=(ADDRESS=(PROTOCOL=TCP)(HOST=primus-vip)(PORT=1521))(LOAD_BALANCE=yes)(FAILOVER=YES)(CONNECT_DATA=(SERVER=DEDICATED)(SERVICE_NAME=racdb)(FAILOVER_MODE=(TYPE=SELECT)(METHOD=BASIC))(CID=(PROGRAM=C:\PROJETOSCM5\Bin\Orcamento.exe)(HOST=WSSP3649)(USER=maiara.giavoni))))

  VERSION INFORMATION:
	TNS for 32-bit Windows: Version 9.2.0.1.0 - Production
	Windows NT TCP/IP NT Protocol Adapter for 32-bit Windows: Version 9.2.0.1.0 - Production
  Time: 29-AGO-2014 16:33:00
  Tracing not turned on.
  Tns error struct:
    nr err code: 0
    ns main err code: 12545
    TNS-12545: Connect failed because target host or object does not exist
    ns secondary err code: 12560
    nt main err code: 515
    TNS-00515: Connect failed because target host or object does not exist
    nt secondary err code: 1001
    nt OS err code: 0


***********************************************************************
Fatal NI connect error 12545, connecting to:
 (DESCRIPTION=(ADDRESS=(PROTOCOL=TCP)(HOST=primus-vip)(PORT=1521))(LOAD_BALANCE=yes)(FAILOVER=YES)(CONNECT_DATA=(SERVER=DEDICATED)(SERVICE_NAME=racdb)(FAILOVER_MODE=(TYPE=SELECT)(METHOD=BASIC))(CID=(PROGRAM=C:\PROJETOSCM5\Bin\Orcamento.exe)(HOST=WSSP3649)(USER=maiara.giavoni))))

  VERSION INFORMATION:
	TNS for 32-bit Windows: Version 9.2.0.1.0 - Production
	Windows NT TCP/IP NT Protocol Adapter for 32-bit Windows: Version 9.2.0.1.0 - Production
  Time: 29-AGO-2014 16:33:07
  Tracing not turned on.
  Tns error struct:
    nr err code: 0
    ns main err code: 12545
    TNS-12545: Connect failed because target host or object does not exist
    ns secondary err code: 12560
    nt main err code: 515
    TNS-00515: Connect failed because target host or object does not exist
    nt secondary err code: 1001
    nt OS err code: 0


***********************************************************************
Fatal NI connect error 12545, connecting to:
 (DESCRIPTION=(ADDRESS=(PROTOCOL=TCP)(HOST=primus-vip)(PORT=1521))(LOAD_BALANCE=yes)(FAILOVER=YES)(CONNECT_DATA=(SERVER=DEDICATED)(SERVICE_NAME=racdb)(FAILOVER_MODE=(TYPE=SELECT)(METHOD=BASIC))(CID=(PROGRAM=C:\PROJETOSCM5\Bin\Orcamento.exe)(HOST=WSSP3649)(USER=maiara.giavoni))))

  VERSION INFORMATION:
	TNS for 32-bit Windows: Version 9.2.0.1.0 - Production
	Windows NT TCP/IP NT Protocol Adapter for 32-bit Windows: Version 9.2.0.1.0 - Production
  Time: 29-AGO-2014 16:33:11
  Tracing not turned on.
  Tns error struct:
    nr err code: 0
    ns main err code: 12545
    TNS-12545: Connect failed because target host or object does not exist
    ns secondary err code: 12560
    nt main err code: 515
    TNS-00515: Connect failed because target host or object does not exist
    nt secondary err code: 1001
    nt OS err code: 0


***********************************************************************
Fatal NI connect error 12545, connecting to:
 (DESCRIPTION=(ADDRESS=(PROTOCOL=TCP)(HOST=primus-vip)(PORT=1521))(LOAD_BALANCE=yes)(FAILOVER=YES)(CONNECT_DATA=(SERVER=DEDICATED)(SERVICE_NAME=racdb)(FAILOVER_MODE=(TYPE=SELECT)(METHOD=BASIC))(CID=(PROGRAM=C:\PROJETOSCM5\Bin\Agendamento.exe)(HOST=WSSP3649)(USER=maiara.giavoni))))

  VERSION INFORMATION:
	TNS for 32-bit Windows: Version 9.2.0.1.0 - Production
	Windows NT TCP/IP NT Protocol Adapter for 32-bit Windows: Version 9.2.0.1.0 - Production
  Time: 22-SET-2014 11:57:58
  Tracing not turned on.
  Tns error struct:
    nr err code: 0
    ns main err code: 12545
    TNS-12545: Connect failed because target host or object does not exist
    ns secondary err code: 12560
    nt main err code: 515
    TNS-00515: Connect failed because target host or object does not exist
    nt secondary err code: 1001
    nt OS err code: 0


***********************************************************************
Fatal NI connect error 12545, connecting to:
 (DESCRIPTION=(ADDRESS=(PROTOCOL=TCP)(HOST=secundus-vip)(PORT=1521))(LOAD_BALANCE=yes)(FAILOVER=YES)(CONNECT_DATA=(SERVER=DEDICATED)(SERVICE_NAME=racdb)(FAILOVER_MODE=(TYPE=SELECT)(METHOD=BASIC))(CID=(PROGRAM=C:\PROJETOSCM5\Bin\Agendamento.exe)(HOST=WSSP3649)(USER=maiara.giavoni))))

  VERSION INFORMATION:
	TNS for 32-bit Windows: Version 9.2.0.1.0 - Production
	Windows NT TCP/IP NT Protocol Adapter for 32-bit Windows: Version 9.2.0.1.0 - Production
  Time: 22-SET-2014 11:58:03
  Tracing not turned on.
  Tns error struct:
    nr err code: 0
    ns main err code: 12545
    TNS-12545: Connect failed because target host or object does not exist
    ns secondary err code: 12560
    nt main err code: 515
    TNS-00515: Connect failed because target host or object does not exist
    nt secondary err code: 1001
    nt OS err code: 0


***********************************************************************
Fatal NI connect error 12545, connecting to:
 (DESCRIPTION=(ADDRESS=(PROTOCOL=TCP)(HOST=secundus-vip)(PORT=1521))(LOAD_BALANCE=yes)(FAILOVER=YES)(CONNECT_DATA=(SERVER=DEDICATED)(SERVICE_NAME=racdb)(FAILOVER_MODE=(TYPE=SELECT)(METHOD=BASIC))(CID=(PROGRAM=C:\PROJETOSCM5\Bin\Agendamento.exe)(HOST=WSSP3649)(USER=maiara.giavoni))))

  VERSION INFORMATION:
	TNS for 32-bit Windows: Version 9.2.0.1.0 - Production
	Windows NT TCP/IP NT Protocol Adapter for 32-bit Windows: Version 9.2.0.1.0 - Production
  Time: 22-SET-2014 11:58:07
  Tracing not turned on.
  Tns error struct:
    nr err code: 0
    ns main err code: 12545
    TNS-12545: Connect failed because target host or object does not exist
    ns secondary err code: 12560
    nt main err code: 515
    TNS-00515: Connect failed because target host or object does not exist
    nt secondary err code: 1001
    nt OS err code: 0


***********************************************************************
Fatal NI connect error 12545, connecting to:
 (DESCRIPTION=(ADDRESS=(PROTOCOL=TCP)(HOST=secundus-vip)(PORT=1521))(LOAD_BALANCE=yes)(FAILOVER=YES)(CONNECT_DATA=(SERVER=DEDICATED)(SERVICE_NAME=racdb)(FAILOVER_MODE=(TYPE=SELECT)(METHOD=BASIC))(CID=(PROGRAM=C:\PROJETOSCM5\Bin\Agendamento.exe)(HOST=WSSP3649)(USER=maiara.giavoni))))

  VERSION INFORMATION:
	TNS for 32-bit Windows: Version 9.2.0.1.0 - Production
	Windows NT TCP/IP NT Protocol Adapter for 32-bit Windows: Version 9.2.0.1.0 - Production
  Time: 22-SET-2014 11:58:15
  Tracing not turned on.
  Tns error struct:
    nr err code: 0
    ns main err code: 12545
    TNS-12545: Connect failed because target host or object does not exist
    ns secondary err code: 12560
    nt main err code: 515
    TNS-00515: Connect failed because target host or object does not exist
    nt secondary err code: 1001
    nt OS err code: 0


***********************************************************************
Fatal NI connect error 12545, connecting to:
 (DESCRIPTION=(ADDRESS=(PROTOCOL=TCP)(HOST=primus-vip)(PORT=1521))(LOAD_BALANCE=yes)(FAILOVER=YES)(CONNECT_DATA=(SERVER=DEDICATED)(SERVICE_NAME=racdb)(FAILOVER_MODE=(TYPE=SELECT)(METHOD=BASIC))(CID=(PROGRAM=C:\PROJETOSCM5\Bin\Agendamento.exe)(HOST=WSSP3649)(USER=maiara.giavoni))))

  VERSION INFORMATION:
	TNS for 32-bit Windows: Version 9.2.0.1.0 - Production
	Windows NT TCP/IP NT Protocol Adapter for 32-bit Windows: Version 9.2.0.1.0 - Production
  Time: 22-SET-2014 11:58:20
  Tracing not turned on.
  Tns error struct:
    nr err code: 0
    ns main err code: 12545
    TNS-12545: Connect failed because target host or object does not exist
    ns secondary err code: 12560
    nt main err code: 515
    TNS-00515: Connect failed because target host or object does not exist
    nt secondary err code: 1001
    nt OS err code: 0


***********************************************************************
Fatal NI connect error 12545, connecting to:
 (DESCRIPTION=(ADDRESS=(PROTOCOL=TCP)(HOST=secundus-vip)(PORT=1521))(LOAD_BALANCE=yes)(FAILOVER=YES)(CONNECT_DATA=(SERVER=DEDICATED)(SERVICE_NAME=racdb)(FAILOVER_MODE=(TYPE=SELECT)(METHOD=BASIC))(CID=(PROGRAM=C:\PROJETOSCM5\Bin\Funcef.exe)(HOST=WSSP3649)(USER=maiara.giavoni))))

  VERSION INFORMATION:
	TNS for 32-bit Windows: Version 9.2.0.1.0 - Production
	Windows NT TCP/IP NT Protocol Adapter for 32-bit Windows: Version 9.2.0.1.0 - Production
  Time: 22-SET-2014 13:39:38
  Tracing not turned on.
  Tns error struct:
    nr err code: 0
    ns main err code: 12545
    TNS-12545: Connect failed because target host or object does not exist
    ns secondary err code: 12560
    nt main err code: 515
    TNS-00515: Connect failed because target host or object does not exist
    nt secondary err code: 1001
    nt OS err code: 0


***********************************************************************
Fatal NI connect error 12545, connecting to:
 (DESCRIPTION=(ADDRESS=(PROTOCOL=TCP)(HOST=secundus-vip)(PORT=1521))(LOAD_BALANCE=yes)(FAILOVER=YES)(CONNECT_DATA=(SERVER=DEDICATED)(SERVICE_NAME=racdb)(FAILOVER_MODE=(TYPE=SELECT)(METHOD=BASIC))(CID=(PROGRAM=C:\PROJETOSCM5\Bin\Funcef.exe)(HOST=WSSP3649)(USER=maiara.giavoni))))

  VERSION INFORMATION:
	TNS for 32-bit Windows: Version 9.2.0.1.0 - Production
	Windows NT TCP/IP NT Protocol Adapter for 32-bit Windows: Version 9.2.0.1.0 - Production
  Time: 22-SET-2014 13:39:43
  Tracing not turned on.
  Tns error struct:
    nr err code: 0
    ns main err code: 12545
    TNS-12545: Connect failed because target host or object does not exist
    ns secondary err code: 12560
    nt main err code: 515
    TNS-00515: Connect failed because target host or object does not exist
    nt secondary err code: 1001
    nt OS err code: 0


***********************************************************************
Fatal NI connect error 12545, connecting to:
 (DESCRIPTION=(ADDRESS=(PROTOCOL=TCP)(HOST=secundus-vip)(PORT=1521))(LOAD_BALANCE=yes)(FAILOVER=YES)(CONNECT_DATA=(SERVER=DEDICATED)(SERVICE_NAME=racdb)(FAILOVER_MODE=(TYPE=SELECT)(METHOD=BASIC))(CID=(PROGRAM=C:\PROJETOSCM5\Bin\Funcef.exe)(HOST=WSSP3649)(USER=maiara.giavoni))))

  VERSION INFORMATION:
	TNS for 32-bit Windows: Version 9.2.0.1.0 - Production
	Windows NT TCP/IP NT Protocol Adapter for 32-bit Windows: Version 9.2.0.1.0 - Production
  Time: 22-SET-2014 13:39:48
  Tracing not turned on.
  Tns error struct:
    nr err code: 0
    ns main err code: 12545
    TNS-12545: Connect failed because target host or object does not exist
    ns secondary err code: 12560
    nt main err code: 515
    TNS-00515: Connect failed because target host or object does not exist
    nt secondary err code: 1001
    nt OS err code: 0


***********************************************************************
Fatal NI connect error 12638, connecting to:
 (DESCRIPTION=(ADDRESS=(PROTOCOL=TCP)(HOST=172.20.16.53)(PORT=1521))(CONNECT_DATA=(SERVER=DEDICATED)(SERVICE_NAME=STK1)(CID=(PROGRAM=C:\PROJETOSCM5\Bin\ModFol.exe)(HOST=WSSP3649)(USER=bruno.santos))))

  VERSION INFORMATION:
	TNS for 32-bit Windows: Version 9.2.0.1.0 - Production
	Windows NT TCP/IP NT Protocol Adapter for 32-bit Windows: Version 9.2.0.1.0 - Production
  Time: 10-MAR-2015 17:03:27
  Tracing not turned on.
  Tns error struct:
    nr err code: 0
    ns main err code: 12638
    TNS-12638: Credential retrieval failed
    ns secondary err code: 0
    nt main err code: 0
    nt secondary err code: 0
    nt OS err code: 0


***********************************************************************
Fatal NI connect error 12638, connecting to:
 (DESCRIPTION=(ADDRESS=(PROTOCOL=TCP)(HOST=172.20.16.53)(PORT=1521))(CONNECT_DATA=(SERVER=DEDICATED)(SERVICE_NAME=STK1)(CID=(PROGRAM=C:\PROJETOSCM5\Bin\ModFol.exe)(HOST=WSSP3649)(USER=bruno.santos))))

  VERSION INFORMATION:
	TNS for 32-bit Windows: Version 9.2.0.1.0 - Production
	Windows NT TCP/IP NT Protocol Adapter for 32-bit Windows: Version 9.2.0.1.0 - Production
  Time: 10-MAR-2015 17:03:27
  Tracing not turned on.
  Tns error struct:
    nr err code: 0
    ns main err code: 12638
    TNS-12638: Credential retrieval failed
    ns secondary err code: 0
    nt main err code: 0
    nt secondary err code: 0
    nt OS err code: 0


***********************************************************************
Fatal NI connect error 12638, connecting to:
 (DESCRIPTION=(ADDRESS=(PROTOCOL=TCP)(HOST=172.20.16.53)(PORT=1521))(CONNECT_DATA=(SERVER=DEDICATED)(SERVICE_NAME=STK1)(CID=(PROGRAM=C:\PROJETOSCM5\Bin\ModFol.exe)(HOST=WSSP3649)(USER=bruno.santos))))

  VERSION INFORMATION:
	TNS for 32-bit Windows: Version 9.2.0.1.0 - Production
	Windows NT TCP/IP NT Protocol Adapter for 32-bit Windows: Version 9.2.0.1.0 - Production
  Time: 10-MAR-2015 17:03:27
  Tracing not turned on.
  Tns error struct:
    nr err code: 0
    ns main err code: 12638
    TNS-12638: Credential retrieval failed
    ns secondary err code: 0
    nt main err code: 0
    nt secondary err code: 0
    nt OS err code: 0


***********************************************************************
Fatal NI connect error 12638, connecting to:
 (DESCRIPTION=(ADDRESS=(PROTOCOL=TCP)(HOST=172.20.16.53)(PORT=1521))(CONNECT_DATA=(SERVER=DEDICATED)(SERVICE_NAME=STK1)(CID=(PROGRAM=C:\PROJETOSCM5\Bin\ModFol.exe)(HOST=WSSP3649)(USER=bruno.santos))))

  VERSION INFORMATION:
	TNS for 32-bit Windows: Version 9.2.0.1.0 - Production
	Windows NT TCP/IP NT Protocol Adapter for 32-bit Windows: Version 9.2.0.1.0 - Production
  Time: 10-MAR-2015 17:03:29
  Tracing not turned on.
  Tns error struct:
    nr err code: 0
    ns main err code: 12638
    TNS-12638: Credential retrieval failed
    ns secondary err code: 0
    nt main err code: 0
    nt secondary err code: 0
    nt OS err code: 0


***********************************************************************
Fatal NI connect error 12638, connecting to:
 (DESCRIPTION=(ADDRESS=(PROTOCOL=TCP)(HOST=172.20.16.53)(PORT=1521))(CONNECT_DATA=(SERVER=DEDICATED)(SERVICE_NAME=STK1)(CID=(PROGRAM=C:\PROJETOSCM5\Bin\ModFol.exe)(HOST=WSSP3649)(USER=bruno.santos))))

  VERSION INFORMATION:
	TNS for 32-bit Windows: Version 9.2.0.1.0 - Production
	Windows NT TCP/IP NT Protocol Adapter for 32-bit Windows: Version 9.2.0.1.0 - Production
  Time: 10-MAR-2015 17:03:29
  Tracing not turned on.
  Tns error struct:
    nr err code: 0
    ns main err code: 12638
    TNS-12638: Credential retrieval failed
    ns secondary err code: 0
    nt main err code: 0
    nt secondary err code: 0
    nt OS err code: 0


***********************************************************************
Fatal NI connect error 12638, connecting to:
 (DESCRIPTION=(ADDRESS=(PROTOCOL=TCP)(HOST=172.20.16.53)(PORT=1521))(CONNECT_DATA=(SERVER=DEDICATED)(SERVICE_NAME=STK1)(CID=(PROGRAM=C:\PROJETOSCM5\Bin\ModFol.exe)(HOST=WSSP3649)(USER=bruno.santos))))

  VERSION INFORMATION:
	TNS for 32-bit Windows: Version 9.2.0.1.0 - Production
	Windows NT TCP/IP NT Protocol Adapter for 32-bit Windows: Version 9.2.0.1.0 - Production
  Time: 10-MAR-2015 17:03:30
  Tracing not turned on.
  Tns error struct:
    nr err code: 0
    ns main err code: 12638
    TNS-12638: Credential retrieval failed
    ns secondary err code: 0
    nt main err code: 0
    nt secondary err code: 0
    nt OS err code: 0


***********************************************************************
Fatal NI connect error 12638, connecting to:
 (DESCRIPTION=(ADDRESS=(PROTOCOL=TCP)(HOST=172.20.16.53)(PORT=1521))(CONNECT_DATA=(SERVER=DEDICATED)(SERVICE_NAME=STK1)(CID=(PROGRAM=C:\PROJETOSCM5\Bin\ModFol.exe)(HOST=WSSP3649)(USER=bruno.santos))))

  VERSION INFORMATION:
	TNS for 32-bit Windows: Version 9.2.0.1.0 - Production
	Windows NT TCP/IP NT Protocol Adapter for 32-bit Windows: Version 9.2.0.1.0 - Production
  Time: 10-MAR-2015 17:03:30
  Tracing not turned on.
  Tns error struct:
    nr err code: 0
    ns main err code: 12638
    TNS-12638: Credential retrieval failed
    ns secondary err code: 0
    nt main err code: 0
    nt secondary err code: 0
    nt OS err code: 0


***********************************************************************
Fatal NI connect error 12514, connecting to:
 (DESCRIPTION=(ADDRESS=(PROTOCOL=TCP)(HOST=172.16.0.19)(PORT=1521))(CONNECT_DATA=(SERVER=DEDICATED)(SERVICE_NAME=tst2.funcef.com.br)(CID=(PROGRAM=C:\ProjetosCM5\Bin\contrato.exe)(HOST=STKBR03649)(USER=maiara.giavoni))))

  VERSION INFORMATION:
	TNS for 32-bit Windows: Version 9.2.0.1.0 - Production
	Windows NT TCP/IP NT Protocol Adapter for 32-bit Windows: Version 9.2.0.1.0 - Production
  Time: 12-JUL-2015 13:33:32
  Tracing not turned on.
  Tns error struct:
    nr err code: 0
    ns main err code: 12564
    TNS-12564: TNS:connection refused
    ns secondary err code: 0
    nt main err code: 0
    nt secondary err code: 0
    nt OS err code: 0


***********************************************************************
Fatal NI connect error 12514, connecting to:
 (DESCRIPTION=(ADDRESS=(PROTOCOL=TCP)(HOST=172.16.0.19)(PORT=1521))(CONNECT_DATA=(SERVER=DEDICATED)(SERVICE_NAME=tst2.funcef.com.br)(CID=(PROGRAM=C:\ProjetosCM5\Bin\contrato.exe)(HOST=STKBR03649)(USER=maiara.giavoni))))

  VERSION INFORMATION:
	TNS for 32-bit Windows: Version 9.2.0.1.0 - Production
	Windows NT TCP/IP NT Protocol Adapter for 32-bit Windows: Version 9.2.0.1.0 - Production
  Time: 12-JUL-2015 13:33:33
  Tracing not turned on.
  Tns error struct:
    nr err code: 0
    ns main err code: 12564
    TNS-12564: TNS:connection refused
    ns secondary err code: 0
    nt main err code: 0
    nt secondary err code: 0
    nt OS err code: 0


***********************************************************************
Fatal NI connect error 12514, connecting to:
 (DESCRIPTION=(ADDRESS=(PROTOCOL=TCP)(HOST=172.16.0.19)(PORT=1521))(CONNECT_DATA=(SERVER=DEDICATED)(SERVICE_NAME=tst2.funcef.com.br)(CID=(PROGRAM=C:\ProjetosCM5\Bin\contrato.exe)(HOST=STKBR03649)(USER=maiara.giavoni))))

  VERSION INFORMATION:
	TNS for 32-bit Windows: Version 9.2.0.1.0 - Production
	Windows NT TCP/IP NT Protocol Adapter for 32-bit Windows: Version 9.2.0.1.0 - Production
  Time: 12-JUL-2015 13:33:33
  Tracing not turned on.
  Tns error struct:
    nr err code: 0
    ns main err code: 12564
    TNS-12564: TNS:connection refused
    ns secondary err code: 0
    nt main err code: 0
    nt secondary err code: 0
    nt OS err code: 0


***********************************************************************
Fatal NI connect error 12514, connecting to:
 (DESCRIPTION=(ADDRESS=(PROTOCOL=TCP)(HOST=172.16.0.19)(PORT=1521))(CONNECT_DATA=(SERVER=DEDICATED)(SERVICE_NAME=tst2.funcef.com.br)(CID=(PROGRAM=C:\ProjetosCM5\Bin\contrato.exe)(HOST=STKBR03649)(USER=maiara.giavoni))))

  VERSION INFORMATION:
	TNS for 32-bit Windows: Version 9.2.0.1.0 - Production
	Windows NT TCP/IP NT Protocol Adapter for 32-bit Windows: Version 9.2.0.1.0 - Production
  Time: 12-JUL-2015 13:33:42
  Tracing not turned on.
  Tns error struct:
    nr err code: 0
    ns main err code: 12564
    TNS-12564: TNS:connection refused
    ns secondary err code: 0
    nt main err code: 0
    nt secondary err code: 0
    nt OS err code: 0


***********************************************************************
Fatal NI connect error 12514, connecting to:
 (DESCRIPTION=(ADDRESS=(PROTOCOL=TCP)(HOST=172.16.0.19)(PORT=1521))(CONNECT_DATA=(SERVER=DEDICATED)(SERVICE_NAME=tst2.funcef.com.br)(CID=(PROGRAM=C:\ProjetosCM5\Bin\contrato.exe)(HOST=STKBR03649)(USER=maiara.giavoni))))

  VERSION INFORMATION:
	TNS for 32-bit Windows: Version 9.2.0.1.0 - Production
	Windows NT TCP/IP NT Protocol Adapter for 32-bit Windows: Version 9.2.0.1.0 - Production
  Time: 12-JUL-2015 13:33:42
  Tracing not turned on.
  Tns error struct:
    nr err code: 0
    ns main err code: 12564
    TNS-12564: TNS:connection refused
    ns secondary err code: 0
    nt main err code: 0
    nt secondary err code: 0
    nt OS err code: 0


***********************************************************************
Fatal NI connect error 12560, connecting to:
 (DESCRIPTION=(ADDRESS=(PROTOCOL=TCP)(HOST=172.16.0.20)(PORT=1521))(CONNECT_DATA=(SERVER=DEDICATED)(SERVICE_NAME=tst2.funcef.com.br)(CID=(PROGRAM=C:\PROJETOSCM5\Bin\BeneficioPrev.exe)(HOST=STKBR03649)(USER=maiara.giavoni))))

  VERSION INFORMATION:
	TNS for 32-bit Windows: Version 9.2.0.1.0 - Production
	Windows NT TCP/IP NT Protocol Adapter for 32-bit Windows: Version 9.2.0.1.0 - Production
  Time: 23-JUL-2015 20:18:40
  Tracing not turned on.
  Tns error struct:
    nr err code: 0
    ns main err code: 12560
    TNS-12560: TNS:protocol adapter error
    ns secondary err code: 0
    nt main err code: 538
    TNS-00538: Message 538 not found;  product=NETWORK; facility=TNS

    nt secondary err code: 65
    nt OS err code: 0


***********************************************************************
Fatal NI connect error 12560, connecting to:
 (DESCRIPTION=(ADDRESS=(PROTOCOL=TCP)(HOST=172.16.0.20)(PORT=1521))(CONNECT_DATA=(SERVER=DEDICATED)(SERVICE_NAME=tst2.funcef.com.br)(CID=(PROGRAM=C:\PROJETOSCM5\Bin\BeneficioPrev.exe)(HOST=STKBR03649)(USER=maiara.giavoni))))

  VERSION INFORMATION:
	TNS for 32-bit Windows: Version 9.2.0.1.0 - Production
	Windows NT TCP/IP NT Protocol Adapter for 32-bit Windows: Version 9.2.0.1.0 - Production
  Time: 23-JUL-2015 20:19:01
  Tracing not turned on.
  Tns error struct:
    nr err code: 0
    ns main err code: 12560
    TNS-12560: TNS:protocol adapter error
    ns secondary err code: 0
    nt main err code: 538
    TNS-00538: Message 538 not found;  product=NETWORK; facility=TNS

    nt secondary err code: 65
    nt OS err code: 0


***********************************************************************
Fatal NI connect error 12638, connecting to:
 (DESCRIPTION=(ADDRESS=(PROTOCOL=TCP)(HOST=172.20.16.53)(PORT=1521))(CONNECT_DATA=(SERVER=DEDICATED)(SERVICE_NAME=STK1)(CID=(PROGRAM=C:\ProjetosCM5\Bin\ModFol.exe)(HOST=STKBR03649)(USER=maiara.giavoni))))

  VERSION INFORMATION:
	TNS for 32-bit Windows: Version 9.2.0.1.0 - Production
	Windows NT TCP/IP NT Protocol Adapter for 32-bit Windows: Version 9.2.0.1.0 - Production
  Time: 10-AGO-2015 17:31:55
  Tracing not turned on.
  Tns error struct:
    nr err code: 0
    ns main err code: 12638
    TNS-12638: Credential retrieval failed
    ns secondary err code: 0
    nt main err code: 0
    nt secondary err code: 0
    nt OS err code: 0


***********************************************************************
Fatal NI connect error 12638, connecting to:
 (DESCRIPTION=(ADDRESS=(PROTOCOL=TCP)(HOST=172.20.16.53)(PORT=1521))(CONNECT_DATA=(SERVER=DEDICATED)(SERVICE_NAME=STK1)(CID=(PROGRAM=C:\ProjetosCM5\Bin\ModFol.exe)(HOST=STKBR03649)(USER=maiara.giavoni))))

  VERSION INFORMATION:
	TNS for 32-bit Windows: Version 9.2.0.1.0 - Production
	Windows NT TCP/IP NT Protocol Adapter for 32-bit Windows: Version 9.2.0.1.0 - Production
  Time: 10-AGO-2015 17:31:55
  Tracing not turned on.
  Tns error struct:
    nr err code: 0
    ns main err code: 12638
    TNS-12638: Credential retrieval failed
    ns secondary err code: 0
    nt main err code: 0
    nt secondary err code: 0
    nt OS err code: 0


***********************************************************************
Fatal NI connect error 12638, connecting to:
 (DESCRIPTION=(ADDRESS=(PROTOCOL=TCP)(HOST=172.20.16.53)(PORT=1521))(CONNECT_DATA=(SERVER=DEDICATED)(SERVICE_NAME=STK1)(CID=(PROGRAM=C:\ProjetosCM5\Bin\ModFol.exe)(HOST=STKBR03649)(USER=maiara.giavoni))))

  VERSION INFORMATION:
	TNS for 32-bit Windows: Version 9.2.0.1.0 - Production
	Windows NT TCP/IP NT Protocol Adapter for 32-bit Windows: Version 9.2.0.1.0 - Production
  Time: 10-AGO-2015 17:31:55
  Tracing not turned on.
  Tns error struct:
    nr err code: 0
    ns main err code: 12638
    TNS-12638: Credential retrieval failed
    ns secondary err code: 0
    nt main err code: 0
    nt secondary err code: 0
    nt OS err code: 0


***********************************************************************
Fatal NI connect error 12638, connecting to:
 (DESCRIPTION=(ADDRESS=(PROTOCOL=TCP)(HOST=172.20.16.53)(PORT=1521))(CONNECT_DATA=(SERVER=DEDICATED)(SERVICE_NAME=STK1)(CID=(PROGRAM=C:\ProjetosCM5\Bin\ModFol.exe)(HOST=STKBR03649)(USER=maiara.giavoni))))

  VERSION INFORMATION:
	TNS for 32-bit Windows: Version 9.2.0.1.0 - Production
	Windows NT TCP/IP NT Protocol Adapter for 32-bit Windows: Version 9.2.0.1.0 - Production
  Time: 10-AGO-2015 17:31:58
  Tracing not turned on.
  Tns error struct:
    nr err code: 0
    ns main err code: 12638
    TNS-12638: Credential retrieval failed
    ns secondary err code: 0
    nt main err code: 0
    nt secondary err code: 0
    nt OS err code: 0


***********************************************************************
Fatal NI connect error 12638, connecting to:
 (DESCRIPTION=(ADDRESS=(PROTOCOL=TCP)(HOST=172.20.16.53)(PORT=1521))(CONNECT_DATA=(SERVER=DEDICATED)(SERVICE_NAME=STK1)(CID=(PROGRAM=C:\ProjetosCM5\Bin\ModFol.exe)(HOST=STKBR03649)(USER=maiara.giavoni))))

  VERSION INFORMATION:
	TNS for 32-bit Windows: Version 9.2.0.1.0 - Production
	Windows NT TCP/IP NT Protocol Adapter for 32-bit Windows: Version 9.2.0.1.0 - Production
  Time: 10-AGO-2015 17:31:58
  Tracing not turned on.
  Tns error struct:
    nr err code: 0
    ns main err code: 12638
    TNS-12638: Credential retrieval failed
    ns secondary err code: 0
    nt main err code: 0
    nt secondary err code: 0
    nt OS err code: 0


***********************************************************************
Fatal NI connect error 12638, connecting to:
 (DESCRIPTION=(ADDRESS=(PROTOCOL=TCP)(HOST=172.20.16.53)(PORT=1521))(CONNECT_DATA=(SERVER=DEDICATED)(SERVICE_NAME=STK1)(CID=(PROGRAM=C:\ProjetosCM5\Bin\ModFol.exe)(HOST=STKBR03649)(USER=maiara.giavoni))))

  VERSION INFORMATION:
	TNS for 32-bit Windows: Version 9.2.0.1.0 - Production
	Windows NT TCP/IP NT Protocol Adapter for 32-bit Windows: Version 9.2.0.1.0 - Production
  Time: 10-AGO-2015 17:32:00
  Tracing not turned on.
  Tns error struct:
    nr err code: 0
    ns main err code: 12638
    TNS-12638: Credential retrieval failed
    ns secondary err code: 0
    nt main err code: 0
    nt secondary err code: 0
    nt OS err code: 0


***********************************************************************
Fatal NI connect error 12638, connecting to:
 (DESCRIPTION=(ADDRESS=(PROTOCOL=TCP)(HOST=172.20.16.53)(PORT=1521))(CONNECT_DATA=(SERVER=DEDICATED)(SERVICE_NAME=STK1)(CID=(PROGRAM=C:\ProjetosCM5\Bin\ModFol.exe)(HOST=STKBR03649)(USER=maiara.giavoni))))

  VERSION INFORMATION:
	TNS for 32-bit Windows: Version 9.2.0.1.0 - Production
	Windows NT TCP/IP NT Protocol Adapter for 32-bit Windows: Version 9.2.0.1.0 - Production
  Time: 10-AGO-2015 17:32:00
  Tracing not turned on.
  Tns error struct:
    nr err code: 0
    ns main err code: 12638
    TNS-12638: Credential retrieval failed
    ns secondary err code: 0
    nt main err code: 0
    nt secondary err code: 0
    nt OS err code: 0


***********************************************************************
Fatal NI connect error 12560, connecting to:
 (DESCRIPTION=(ADDRESS=(PROTOCOL=TCP)(HOST=172.16.0.20)(PORT=1521))(CONNECT_DATA=(SERVER=DEDICATED)(SERVICE_NAME=tst2.funcef.com.br)(CID=(PROGRAM=C:\ProjetosCM5\Bin\ModFol.exe)(HOST=STKBR03649)(USER=maiara.giavoni))))

  VERSION INFORMATION:
	TNS for 32-bit Windows: Version 9.2.0.1.0 - Production
	Windows NT TCP/IP NT Protocol Adapter for 32-bit Windows: Version 9.2.0.1.0 - Production
  Time: 10-AGO-2015 17:32:51
  Tracing not turned on.
  Tns error struct:
    nr err code: 0
    ns main err code: 12560
    TNS-12560: TNS:protocol adapter error
    ns secondary err code: 0
    nt main err code: 538
    TNS-00538: Message 538 not found;  product=NETWORK; facility=TNS

    nt secondary err code: 65
    nt OS err code: 0


***********************************************************************
Fatal NI connect error 12560, connecting to:
 (DESCRIPTION=(ADDRESS=(PROTOCOL=TCP)(HOST=172.16.0.20)(PORT=1521))(CONNECT_DATA=(SERVER=DEDICATED)(SERVICE_NAME=tst2.funcef.com.br)(CID=(PROGRAM=C:\ProjetosCM5\Bin\ModFol.exe)(HOST=STKBR03649)(USER=maiara.giavoni))))

  VERSION INFORMATION:
	TNS for 32-bit Windows: Version 9.2.0.1.0 - Production
	Windows NT TCP/IP NT Protocol Adapter for 32-bit Windows: Version 9.2.0.1.0 - Production
  Time: 10-AGO-2015 17:33:12
  Tracing not turned on.
  Tns error struct:
    nr err code: 0
    ns main err code: 12560
    TNS-12560: TNS:protocol adapter error
    ns secondary err code: 0
    nt main err code: 538
    TNS-00538: Message 538 not found;  product=NETWORK; facility=TNS

    nt secondary err code: 65
    nt OS err code: 0


***********************************************************************
Fatal NI connect error 12560, connecting to:
 (DESCRIPTION=(ADDRESS=(PROTOCOL=TCP)(HOST=172.16.0.20)(PORT=1521))(CONNECT_DATA=(SERVER=DEDICATED)(SERVICE_NAME=tst2.funcef.com.br)(CID=(PROGRAM=C:\ProjetosCM5\Bin\ModFol.exe)(HOST=STKBR03649)(USER=maiara.giavoni))))

  VERSION INFORMATION:
	TNS for 32-bit Windows: Version 9.2.0.1.0 - Production
	Windows NT TCP/IP NT Protocol Adapter for 32-bit Windows: Version 9.2.0.1.0 - Production
  Time: 10-AGO-2015 17:33:33
  Tracing not turned on.
  Tns error struct:
    nr err code: 0
    ns main err code: 12560
    TNS-12560: TNS:protocol adapter error
    ns secondary err code: 0
    nt main err code: 538
    TNS-00538: Message 538 not found;  product=NETWORK; facility=TNS

    nt secondary err code: 65
    nt OS err code: 0


***********************************************************************
Fatal NI connect error 12560, connecting to:
 (DESCRIPTION=(ADDRESS=(PROTOCOL=TCP)(HOST=172.16.0.20)(PORT=1521))(CONNECT_DATA=(SERVER=DEDICATED)(SERVICE_NAME=tst2.funcef.com.br)(CID=(PROGRAM=C:\ProjetosCM5\Bin\ModFol.exe)(HOST=STKBR03649)(USER=maiara.giavoni))))

  VERSION INFORMATION:
	TNS for 32-bit Windows: Version 9.2.0.1.0 - Production
	Windows NT TCP/IP NT Protocol Adapter for 32-bit Windows: Version 9.2.0.1.0 - Production
  Time: 10-AGO-2015 17:34:01
  Tracing not turned on.
  Tns error struct:
    nr err code: 0
    ns main err code: 12560
    TNS-12560: TNS:protocol adapter error
    ns secondary err code: 0
    nt main err code: 538
    TNS-00538: Message 538 not found;  product=NETWORK; facility=TNS

    nt secondary err code: 65
    nt OS err code: 0


***********************************************************************
Fatal NI connect error 12560, connecting to:
 (DESCRIPTION=(ADDRESS=(PROTOCOL=TCP)(HOST=172.16.0.20)(PORT=1521))(CONNECT_DATA=(SERVER=DEDICATED)(SERVICE_NAME=tst2.funcef.com.br)(CID=(PROGRAM=C:\ProjetosCM5\Bin\ModFol.exe)(HOST=STKBR03649)(USER=maiara.giavoni))))

  VERSION INFORMATION:
	TNS for 32-bit Windows: Version 9.2.0.1.0 - Production
	Windows NT TCP/IP NT Protocol Adapter for 32-bit Windows: Version 9.2.0.1.0 - Production
  Time: 10-AGO-2015 17:34:22
  Tracing not turned on.
  Tns error struct:
    nr err code: 0
    ns main err code: 12560
    TNS-12560: TNS:protocol adapter error
    ns secondary err code: 0
    nt main err code: 538
    TNS-00538: Message 538 not found;  product=NETWORK; facility=TNS

    nt secondary err code: 65
    nt OS err code: 0


***********************************************************************
Fatal NI connect error 12560, connecting to:
 (DESCRIPTION=(ADDRESS=(PROTOCOL=TCP)(HOST=172.16.0.20)(PORT=1521))(CONNECT_DATA=(SERVER=DEDICATED)(SERVICE_NAME=tst2.funcef.com.br)(CID=(PROGRAM=C:\ProjetosCM5\Bin\ModFol.exe)(HOST=STKBR03649)(USER=maiara.giavoni))))

  VERSION INFORMATION:
	TNS for 32-bit Windows: Version 9.2.0.1.0 - Production
	Windows NT TCP/IP NT Protocol Adapter for 32-bit Windows: Version 9.2.0.1.0 - Production
  Time: 10-AGO-2015 17:34:44
  Tracing not turned on.
  Tns error struct:
    nr err code: 0
    ns main err code: 12560
    TNS-12560: TNS:protocol adapter error
    ns secondary err code: 0
    nt main err code: 538
    TNS-00538: Message 538 not found;  product=NETWORK; facility=TNS

    nt secondary err code: 65
    nt OS err code: 0


***********************************************************************
Fatal NI connect error 12560, connecting to:
 (DESCRIPTION=(ADDRESS=(PROTOCOL=TCP)(HOST=172.16.0.20)(PORT=1521))(CONNECT_DATA=(SERVER=DEDICATED)(SERVICE_NAME=tst2.funcef.com.br)(CID=(PROGRAM=C:\ProjetosCM5\Bin\ModFol.exe)(HOST=STKBR03649)(USER=maiara.giavoni))))

  VERSION INFORMATION:
	TNS for 32-bit Windows: Version 9.2.0.1.0 - Production
	Windows NT TCP/IP NT Protocol Adapter for 32-bit Windows: Version 9.2.0.1.0 - Production
  Time: 10-AGO-2015 17:35:05
  Tracing not turned on.
  Tns error struct:
    nr err code: 0
    ns main err code: 12560
    TNS-12560: TNS:protocol adapter error
    ns secondary err code: 0
    nt main err code: 538
    TNS-00538: Message 538 not found;  product=NETWORK; facility=TNS

    nt secondary err code: 65
    nt OS err code: 0


***********************************************************************
Fatal NI connect error 12560, connecting to:
 (DESCRIPTION=(ADDRESS=(PROTOCOL=TCP)(HOST=172.16.0.20)(PORT=1521))(CONNECT_DATA=(SERVER=DEDICATED)(SERVICE_NAME=tst2.funcef.com.br)(CID=(PROGRAM=C:\PROJETOSCM5\Bin\InvestImob.exe)(HOST=STKBR03649)(USER=maiara.giavoni))))

  VERSION INFORMATION:
	TNS for 32-bit Windows: Version 9.2.0.1.0 - Production
	Windows NT TCP/IP NT Protocol Adapter for 32-bit Windows: Version 9.2.0.1.0 - Production
  Time: 10-AGO-2015 19:07:18
  Tracing not turned on.
  Tns error struct:
    nr err code: 0
    ns main err code: 12560
    TNS-12560: TNS:protocol adapter error
    ns secondary err code: 0
    nt main err code: 538
    TNS-00538: Message 538 not found;  product=NETWORK; facility=TNS

    nt secondary err code: 65
    nt OS err code: 0


***********************************************************************
Fatal NI connect error 12560, connecting to:
 (DESCRIPTION=(ADDRESS=(PROTOCOL=TCP)(HOST=172.16.0.20)(PORT=1521))(CONNECT_DATA=(SERVER=DEDICATED)(SERVICE_NAME=tst2.funcef.com.br)(CID=(PROGRAM=C:\PROJETOSCM5\Bin\InvestImob.exe)(HOST=STKBR03649)(USER=maiara.giavoni))))

  VERSION INFORMATION:
	TNS for 32-bit Windows: Version 9.2.0.1.0 - Production
	Windows NT TCP/IP NT Protocol Adapter for 32-bit Windows: Version 9.2.0.1.0 - Production
  Time: 10-AGO-2015 19:07:39
  Tracing not turned on.
  Tns error struct:
    nr err code: 0
    ns main err code: 12560
    TNS-12560: TNS:protocol adapter error
    ns secondary err code: 0
    nt main err code: 538
    TNS-00538: Message 538 not found;  product=NETWORK; facility=TNS

    nt secondary err code: 65
    nt OS err code: 0


***********************************************************************
Fatal NI connect error 12560, connecting to:
 (DESCRIPTION=(ADDRESS=(PROTOCOL=TCP)(HOST=172.16.0.20)(PORT=1521))(CONNECT_DATA=(SERVER=DEDICATED)(SERVICE_NAME=tst2.funcef.com.br)(CID=(PROGRAM=C:\PROJETOSCM5\Bin\InvestImob.exe)(HOST=STKBR03649)(USER=maiara.giavoni))))

  VERSION INFORMATION:
	TNS for 32-bit Windows: Version 9.2.0.1.0 - Production
	Windows NT TCP/IP NT Protocol Adapter for 32-bit Windows: Version 9.2.0.1.0 - Production
  Time: 10-AGO-2015 19:08:00
  Tracing not turned on.
  Tns error struct:
    nr err code: 0
    ns main err code: 12560
    TNS-12560: TNS:protocol adapter error
    ns secondary err code: 0
    nt main err code: 538
    TNS-00538: Message 538 not found;  product=NETWORK; facility=TNS

    nt secondary err code: 65
    nt OS err code: 0


***********************************************************************
Fatal NI connect error 12560, connecting to:
 (DESCRIPTION=(ADDRESS=(PROTOCOL=TCP)(HOST=172.16.0.20)(PORT=1521))(CONNECT_DATA=(SERVER=DEDICATED)(SERVICE_NAME=tst2.funcef.com.br)(CID=(PROGRAM=C:\PROJETOSCM5\Bin\InvestImob.exe)(HOST=STKBR03649)(USER=maiara.giavoni))))

  VERSION INFORMATION:
	TNS for 32-bit Windows: Version 9.2.0.1.0 - Production
	Windows NT TCP/IP NT Protocol Adapter for 32-bit Windows: Version 9.2.0.1.0 - Production
  Time: 10-AGO-2015 19:09:33
  Tracing not turned on.
  Tns error struct:
    nr err code: 0
    ns main err code: 12560
    TNS-12560: TNS:protocol adapter error
    ns secondary err code: 0
    nt main err code: 538
    TNS-00538: Message 538 not found;  product=NETWORK; facility=TNS

    nt secondary err code: 65
    nt OS err code: 0


***********************************************************************
Fatal NI connect error 12638, connecting to:
 (DESCRIPTION=(ADDRESS=(PROTOCOL=TCP)(HOST=172.20.16.53)(PORT=1521))(CONNECT_DATA=(SERVER=DEDICATED)(SERVICE_NAME=STK1)(CID=(PROGRAM=C:\PROJETOSCM5\Bin\AdminImob.exe)(HOST=STKBR03649)(USER=maiara.giavoni))))

  VERSION INFORMATION:
	TNS for 32-bit Windows: Version 9.2.0.1.0 - Production
	Windows NT TCP/IP NT Protocol Adapter for 32-bit Windows: Version 9.2.0.1.0 - Production
  Time: 18-AGO-2015 11:22:05
  Tracing not turned on.
  Tns error struct:
    nr err code: 0
    ns main err code: 12638
    TNS-12638: Credential retrieval failed
    ns secondary err code: 0
    nt main err code: 0
    nt secondary err code: 0
    nt OS err code: 0


***********************************************************************
Fatal NI connect error 12638, connecting to:
 (DESCRIPTION=(ADDRESS=(PROTOCOL=TCP)(HOST=172.20.16.53)(PORT=1521))(CONNECT_DATA=(SERVER=DEDICATED)(SERVICE_NAME=STK1)(CID=(PROGRAM=C:\PROJETOSCM5\Bin\AdminImob.exe)(HOST=STKBR03649)(USER=maiara.giavoni))))

  VERSION INFORMATION:
	TNS for 32-bit Windows: Version 9.2.0.1.0 - Production
	Windows NT TCP/IP NT Protocol Adapter for 32-bit Windows: Version 9.2.0.1.0 - Production
  Time: 18-AGO-2015 11:22:05
  Tracing not turned on.
  Tns error struct:
    nr err code: 0
    ns main err code: 12638
    TNS-12638: Credential retrieval failed
    ns secondary err code: 0
    nt main err code: 0
    nt secondary err code: 0
    nt OS err code: 0


***********************************************************************
Fatal NI connect error 12638, connecting to:
 (DESCRIPTION=(ADDRESS=(PROTOCOL=TCP)(HOST=172.20.16.53)(PORT=1521))(CONNECT_DATA=(SERVER=DEDICATED)(SERVICE_NAME=STK1)(CID=(PROGRAM=C:\PROJETOSCM5\Bin\AdminImob.exe)(HOST=STKBR03649)(USER=maiara.giavoni))))

  VERSION INFORMATION:
	TNS for 32-bit Windows: Version 9.2.0.1.0 - Production
	Windows NT TCP/IP NT Protocol Adapter for 32-bit Windows: Version 9.2.0.1.0 - Production
  Time: 18-AGO-2015 11:22:05
  Tracing not turned on.
  Tns error struct:
    nr err code: 0
    ns main err code: 12638
    TNS-12638: Credential retrieval failed
    ns secondary err code: 0
    nt main err code: 0
    nt secondary err code: 0
    nt OS err code: 0


***********************************************************************
Fatal NI connect error 12638, connecting to:
 (DESCRIPTION=(ADDRESS=(PROTOCOL=TCP)(HOST=172.20.16.53)(PORT=1521))(CONNECT_DATA=(SERVER=DEDICATED)(SERVICE_NAME=STK1)(CID=(PROGRAM=C:\PROJETOSCM5\Bin\AdminImob.exe)(HOST=STKBR03649)(USER=maiara.giavoni))))

  VERSION INFORMATION:
	TNS for 32-bit Windows: Version 9.2.0.1.0 - Production
	Windows NT TCP/IP NT Protocol Adapter for 32-bit Windows: Version 9.2.0.1.0 - Production
  Time: 18-AGO-2015 11:22:06
  Tracing not turned on.
  Tns error struct:
    nr err code: 0
    ns main err code: 12638
    TNS-12638: Credential retrieval failed
    ns secondary err code: 0
    nt main err code: 0
    nt secondary err code: 0
    nt OS err code: 0


***********************************************************************
Fatal NI connect error 12638, connecting to:
 (DESCRIPTION=(ADDRESS=(PROTOCOL=TCP)(HOST=172.20.16.53)(PORT=1521))(CONNECT_DATA=(SERVER=DEDICATED)(SERVICE_NAME=STK1)(CID=(PROGRAM=C:\PROJETOSCM5\Bin\AdminImob.exe)(HOST=STKBR03649)(USER=maiara.giavoni))))

  VERSION INFORMATION:
	TNS for 32-bit Windows: Version 9.2.0.1.0 - Production
	Windows NT TCP/IP NT Protocol Adapter for 32-bit Windows: Version 9.2.0.1.0 - Production
  Time: 18-AGO-2015 11:22:07
  Tracing not turned on.
  Tns error struct:
    nr err code: 0
    ns main err code: 12638
    TNS-12638: Credential retrieval failed
    ns secondary err code: 0
    nt main err code: 0
    nt secondary err code: 0
    nt OS err code: 0


***********************************************************************
Fatal NI connect error 12638, connecting to:
 (DESCRIPTION=(ADDRESS=(PROTOCOL=TCP)(HOST=172.20.16.53)(PORT=1521))(CONNECT_DATA=(SERVER=DEDICATED)(SERVICE_NAME=STK1)(CID=(PROGRAM=C:\PROJETOSCM5\Bin\AdminImob.exe)(HOST=STKBR03649)(USER=maiara.giavoni))))

  VERSION INFORMATION:
	TNS for 32-bit Windows: Version 9.2.0.1.0 - Production
	Windows NT TCP/IP NT Protocol Adapter for 32-bit Windows: Version 9.2.0.1.0 - Production
  Time: 18-AGO-2015 11:22:07
  Tracing not turned on.
  Tns error struct:
    nr err code: 0
    ns main err code: 12638
    TNS-12638: Credential retrieval failed
    ns secondary err code: 0
    nt main err code: 0
    nt secondary err code: 0
    nt OS err code: 0


***********************************************************************
Fatal NI connect error 12560, connecting to:
 (DESCRIPTION=(ADDRESS=(PROTOCOL=TCP)(HOST=172.16.0.20)(PORT=1521))(CONNECT_DATA=(SERVER=DEDICATED)(SERVICE_NAME=tst2.funcef.com.br)(CID=(PROGRAM=C:\PROJETOSCM5\Bin\Emprestimo.exe)(HOST=STKBR03649)(USER=maiara.giavoni))))

  VERSION INFORMATION:
	TNS for 32-bit Windows: Version 9.2.0.1.0 - Production
	Windows NT TCP/IP NT Protocol Adapter for 32-bit Windows: Version 9.2.0.1.0 - Production
  Time: 21-AGO-2015 16:54:16
  Tracing not turned on.
  Tns error struct:
    nr err code: 0
    ns main err code: 12560
    TNS-12560: TNS:protocol adapter error
    ns secondary err code: 0
    nt main err code: 538
    TNS-00538: Message 538 not found;  product=NETWORK; facility=TNS

    nt secondary err code: 65
    nt OS err code: 0


***********************************************************************
Fatal NI connect error 12560, connecting to:
 (DESCRIPTION=(ADDRESS=(PROTOCOL=TCP)(HOST=172.16.0.20)(PORT=1521))(CONNECT_DATA=(SERVER=DEDICATED)(SERVICE_NAME=tst2.funcef.com.br)(CID=(PROGRAM=C:\PROJETOSCM5\Bin\Emprestimo.exe)(HOST=STKBR03649)(USER=maiara.giavoni))))

  VERSION INFORMATION:
	TNS for 32-bit Windows: Version 9.2.0.1.0 - Production
	Windows NT TCP/IP NT Protocol Adapter for 32-bit Windows: Version 9.2.0.1.0 - Production
  Time: 21-AGO-2015 16:54:37
  Tracing not turned on.
  Tns error struct:
    nr err code: 0
    ns main err code: 12560
    TNS-12560: TNS:protocol adapter error
    ns secondary err code: 0
    nt main err code: 538
    TNS-00538: Message 538 not found;  product=NETWORK; facility=TNS

    nt secondary err code: 65
    nt OS err code: 0


***********************************************************************
Fatal NI connect error 12560, connecting to:
 (DESCRIPTION=(ADDRESS=(PROTOCOL=TCP)(HOST=172.16.0.20)(PORT=1521))(CONNECT_DATA=(SERVER=DEDICATED)(SERVICE_NAME=tst2.funcef.com.br)(CID=(PROGRAM=C:\PROJETOSCM5\Bin\Emprestimo.exe)(HOST=STKBR03649)(USER=maiara.giavoni))))

  VERSION INFORMATION:
	TNS for 32-bit Windows: Version 9.2.0.1.0 - Production
	Windows NT TCP/IP NT Protocol Adapter for 32-bit Windows: Version 9.2.0.1.0 - Production
  Time: 21-AGO-2015 16:54:58
  Tracing not turned on.
  Tns error struct:
    nr err code: 0
    ns main err code: 12560
    TNS-12560: TNS:protocol adapter error
    ns secondary err code: 0
    nt main err code: 538
    TNS-00538: Message 538 not found;  product=NETWORK; facility=TNS

    nt secondary err code: 65
    nt OS err code: 0


***********************************************************************
Fatal NI connect error 12560, connecting to:
 (DESCRIPTION=(ADDRESS=(PROTOCOL=TCP)(HOST=172.16.0.20)(PORT=1521))(CONNECT_DATA=(SERVER=DEDICATED)(SERVICE_NAME=tst2.funcef.com.br)(CID=(PROGRAM=C:\PROJETOSCM5\Bin\Emprestimo.exe)(HOST=STKBR03649)(USER=maiara.giavoni))))

  VERSION INFORMATION:
	TNS for 32-bit Windows: Version 9.2.0.1.0 - Production
	Windows NT TCP/IP NT Protocol Adapter for 32-bit Windows: Version 9.2.0.1.0 - Production
  Time: 21-AGO-2015 16:55:38
  Tracing not turned on.
  Tns error struct:
    nr err code: 0
    ns main err code: 12560
    TNS-12560: TNS:protocol adapter error
    ns secondary err code: 0
    nt main err code: 538
    TNS-00538: Message 538 not found;  product=NETWORK; facility=TNS

    nt secondary err code: 65
    nt OS err code: 0


***********************************************************************
Fatal NI connect error 12560, connecting to:
 (DESCRIPTION=(ADDRESS=(PROTOCOL=TCP)(HOST=172.16.0.20)(PORT=1521))(CONNECT_DATA=(SERVER=DEDICATED)(SERVICE_NAME=tst2.funcef.com.br)(CID=(PROGRAM=C:\PROJETOSCM5\Bin\Emprestimo.exe)(HOST=STKBR03649)(USER=maiara.giavoni))))

  VERSION INFORMATION:
	TNS for 32-bit Windows: Version 9.2.0.1.0 - Production
	Windows NT TCP/IP NT Protocol Adapter for 32-bit Windows: Version 9.2.0.1.0 - Production
  Time: 21-AGO-2015 16:55:59
  Tracing not turned on.
  Tns error struct:
    nr err code: 0
    ns main err code: 12560
    TNS-12560: TNS:protocol adapter error
    ns secondary err code: 0
    nt main err code: 538
    TNS-00538: Message 538 not found;  product=NETWORK; facility=TNS

    nt secondary err code: 65
    nt OS err code: 0


***********************************************************************
Fatal NI connect error 12560, connecting to:
 (DESCRIPTION=(ADDRESS=(PROTOCOL=TCP)(HOST=172.16.0.20)(PORT=1521))(CONNECT_DATA=(SERVER=DEDICATED)(SERVICE_NAME=tst2.funcef.com.br)(CID=(PROGRAM=C:\PROJETOSCM5\Bin\Emprestimo.exe)(HOST=STKBR03649)(USER=maiara.giavoni))))

  VERSION INFORMATION:
	TNS for 32-bit Windows: Version 9.2.0.1.0 - Production
	Windows NT TCP/IP NT Protocol Adapter for 32-bit Windows: Version 9.2.0.1.0 - Production
  Time: 21-AGO-2015 16:56:20
  Tracing not turned on.
  Tns error struct:
    nr err code: 0
    ns main err code: 12560
    TNS-12560: TNS:protocol adapter error
    ns secondary err code: 0
    nt main err code: 538
    TNS-00538: Message 538 not found;  product=NETWORK; facility=TNS

    nt secondary err code: 65
    nt OS err code: 0


***********************************************************************
Fatal NI connect error 12560, connecting to:
 (DESCRIPTION=(ADDRESS=(PROTOCOL=TCP)(HOST=172.16.0.20)(PORT=1521))(CONNECT_DATA=(SERVER=DEDICATED)(SERVICE_NAME=tst2.funcef.com.br)(CID=(PROGRAM=C:\PROJETOSCM5\Bin\Emprestimo.exe)(HOST=STKBR03649)(USER=maiara.giavoni))))

  VERSION INFORMATION:
	TNS for 32-bit Windows: Version 9.2.0.1.0 - Production
	Windows NT TCP/IP NT Protocol Adapter for 32-bit Windows: Version 9.2.0.1.0 - Production
  Time: 21-AGO-2015 16:56:41
  Tracing not turned on.
  Tns error struct:
    nr err code: 0
    ns main err code: 12560
    TNS-12560: TNS:protocol adapter error
    ns secondary err code: 0
    nt main err code: 538
    TNS-00538: Message 538 not found;  product=NETWORK; facility=TNS

    nt secondary err code: 65
    nt OS err code: 0


***********************************************************************
Fatal NI connect error 12560, connecting to:
 (DESCRIPTION=(ADDRESS=(PROTOCOL=TCP)(HOST=172.16.0.20)(PORT=1521))(CONNECT_DATA=(SERVER=DEDICATED)(SERVICE_NAME=tst2.funcef.com.br)(CID=(PROGRAM=C:\PROJETOSCM5\Bin\Emprestimo.exe)(HOST=STKBR03649)(USER=maiara.giavoni))))

  VERSION INFORMATION:
	TNS for 32-bit Windows: Version 9.2.0.1.0 - Production
	Windows NT TCP/IP NT Protocol Adapter for 32-bit Windows: Version 9.2.0.1.0 - Production
  Time: 21-AGO-2015 16:57:03
  Tracing not turned on.
  Tns error struct:
    nr err code: 0
    ns main err code: 12560
    TNS-12560: TNS:protocol adapter error
    ns secondary err code: 0
    nt main err code: 538
    TNS-00538: Message 538 not found;  product=NETWORK; facility=TNS

    nt secondary err code: 65
    nt OS err code: 0


***********************************************************************
Fatal NI connect error 12560, connecting to:
 (DESCRIPTION=(ADDRESS=(PROTOCOL=TCP)(HOST=172.16.0.20)(PORT=1521))(CONNECT_DATA=(SERVER=DEDICATED)(SERVICE_NAME=tst2.funcef.com.br)(CID=(PROGRAM=C:\PROJETOSCM5\Bin\ContasaPagar.exe)(HOST=STKBR03649)(USER=maiara.giavoni))))

  VERSION INFORMATION:
	TNS for 32-bit Windows: Version 9.2.0.1.0 - Production
	Windows NT TCP/IP NT Protocol Adapter for 32-bit Windows: Version 9.2.0.1.0 - Production
  Time: 22-JAN-2016 14:15:44
  Tracing not turned on.
  Tns error struct:
    nr err code: 0
    ns main err code: 12560
    TNS-12560: TNS:protocol adapter error
    ns secondary err code: 0
    nt main err code: 538
    TNS-00538: Message 538 not found;  product=NETWORK; facility=TNS

    nt secondary err code: 65
    nt OS err code: 0


***********************************************************************
Fatal NI connect error 12560, connecting to:
 (DESCRIPTION=(ADDRESS=(PROTOCOL=TCP)(HOST=172.16.0.20)(PORT=1521))(CONNECT_DATA=(SERVER=DEDICATED)(SERVICE_NAME=tst2.funcef.com.br)(CID=(PROGRAM=C:\PROJETOSCM5\Bin\Alienacao.exe)(HOST=STKBR03649)(USER=maiara.giavoni))))

  VERSION INFORMATION:
	TNS for 32-bit Windows: Version 9.2.0.1.0 - Production
	Windows NT TCP/IP NT Protocol Adapter for 32-bit Windows: Version 9.2.0.1.0 - Production
  Time: 26-JAN-2016 16:02:30
  Tracing not turned on.
  Tns error struct:
    nr err code: 0
    ns main err code: 12560
    TNS-12560: TNS:protocol adapter error
    ns secondary err code: 0
    nt main err code: 538
    TNS-00538: Message 538 not found;  product=NETWORK; facility=TNS

    nt secondary err code: 65
    nt OS err code: 0


***********************************************************************
Fatal NI connect error 12535, connecting to:
 (DESCRIPTION=(ADDRESS=(PROTOCOL=TCP)(HOST=172.16.0.20)(PORT=1521))(CONNECT_DATA=(SERVER=DEDICATED)(SERVICE_NAME=tst2.funcef.com.br)(CID=(PROGRAM=C:\PROJETOSCM5\Bin\ModFol.exe)(HOST=STKBR03649)(USER=maiara.giavoni))))

  VERSION INFORMATION:
	TNS for 32-bit Windows: Version 9.2.0.1.0 - Production
	Windows NT TCP/IP NT Protocol Adapter for 32-bit Windows: Version 9.2.0.1.0 - Production
  Time: 22-ABR-2011 08:07:12
  Tracing not turned on.
  Tns error struct:
    nr err code: 0
    ns main err code: 12535
    TNS-12535: TNS:operation timed out
    ns secondary err code: 12560
    nt main err code: 505
    TNS-00505: Operation timed out
    nt secondary err code: 60
    nt OS err code: 0


***********************************************************************
Fatal NI connect error 12545, connecting to:
 (DESCRIPTION=(ADDRESS=(PROTOCOL=TCP)(HOST=primus-vip)(PORT=1521))(LOAD_BALANCE=yes)(FAILOVER=YES)(CONNECT_DATA=(SERVER=DEDICATED)(SERVICE_NAME=racdb)(FAILOVER_MODE=(TYPE=SELECT)(METHOD=BASIC))(CID=(PROGRAM=C:\PROJETOSCM5\Bin\Caf.exe)(HOST=STKBR03649)(USER=marcelo.filho))))

  VERSION INFORMATION:
	TNS for 32-bit Windows: Version 9.2.0.1.0 - Production
	Windows NT TCP/IP NT Protocol Adapter for 32-bit Windows: Version 9.2.0.1.0 - Production
  Time: 04-ABR-2016 15:56:36
  Tracing not turned on.
  Tns error struct:
    nr err code: 0
    ns main err code: 12545
    TNS-12545: Connect failed because target host or object does not exist
    ns secondary err code: 12560
    nt main err code: 515
    TNS-00515: Connect failed because target host or object does not exist
    nt secondary err code: 1001
    nt OS err code: 0


***********************************************************************
Fatal NI connect error 12545, connecting to:
 (DESCRIPTION=(ADDRESS=(PROTOCOL=TCP)(HOST=primus-vip)(PORT=1521))(LOAD_BALANCE=yes)(FAILOVER=YES)(CONNECT_DATA=(SERVER=DEDICATED)(SERVICE_NAME=racdb)(FAILOVER_MODE=(TYPE=SELECT)(METHOD=BASIC))(CID=(PROGRAM=C:\PROJETOSCM5\Bin\Caf.exe)(HOST=STKBR03649)(USER=marcelo.filho))))

  VERSION INFORMATION:
	TNS for 32-bit Windows: Version 9.2.0.1.0 - Production
	Windows NT TCP/IP NT Protocol Adapter for 32-bit Windows: Version 9.2.0.1.0 - Production
  Time: 04-ABR-2016 15:56:41
  Tracing not turned on.
  Tns error struct:
    nr err code: 0
    ns main err code: 12545
    TNS-12545: Connect failed because target host or object does not exist
    ns secondary err code: 12560
    nt main err code: 515
    TNS-00515: Connect failed because target host or object does not exist
    nt secondary err code: 1001
    nt OS err code: 0


***********************************************************************
Fatal NI connect error 12545, connecting to:
 (DESCRIPTION=(ADDRESS=(PROTOCOL=TCP)(HOST=secundus-vip)(PORT=1521))(LOAD_BALANCE=yes)(FAILOVER=YES)(CONNECT_DATA=(SERVER=DEDICATED)(SERVICE_NAME=racdb)(FAILOVER_MODE=(TYPE=SELECT)(METHOD=BASIC))(CID=(PROGRAM=C:\PROJETOSCM5\Bin\Caf.exe)(HOST=STKBR03649)(USER=marcelo.filho))))

  VERSION INFORMATION:
	TNS for 32-bit Windows: Version 9.2.0.1.0 - Production
	Windows NT TCP/IP NT Protocol Adapter for 32-bit Windows: Version 9.2.0.1.0 - Production
  Time: 04-ABR-2016 15:56:46
  Tracing not turned on.
  Tns error struct:
    nr err code: 0
    ns main err code: 12545
    TNS-12545: Connect failed because target host or object does not exist
    ns secondary err code: 12560
    nt main err code: 515
    TNS-00515: Connect failed because target host or object does not exist
    nt secondary err code: 1001
    nt OS err code: 0


***********************************************************************
Fatal NI connect error 12545, connecting to:
 (DESCRIPTION=(ADDRESS=(PROTOCOL=TCP)(HOST=primus-vip)(PORT=1521))(LOAD_BALANCE=yes)(FAILOVER=YES)(CONNECT_DATA=(SERVER=DEDICATED)(SERVICE_NAME=racdb)(FAILOVER_MODE=(TYPE=SELECT)(METHOD=BASIC))(CID=(PROGRAM=C:\PROJETOSCM5\Bin\Caf.exe)(HOST=STKBR03649)(USER=marcelo.filho))))

  VERSION INFORMATION:
	TNS for 32-bit Windows: Version 9.2.0.1.0 - Production
	Windows NT TCP/IP NT Protocol Adapter for 32-bit Windows: Version 9.2.0.1.0 - Production
  Time: 04-ABR-2016 15:56:52
  Tracing not turned on.
  Tns error struct:
    nr err code: 0
    ns main err code: 12545
    TNS-12545: Connect failed because target host or object does not exist
    ns secondary err code: 12560
    nt main err code: 515
    TNS-00515: Connect failed because target host or object does not exist
    nt secondary err code: 1001
    nt OS err code: 0


***********************************************************************
Fatal NI connect error 12545, connecting to:
 (DESCRIPTION=(ADDRESS=(PROTOCOL=TCP)(HOST=primus-vip)(PORT=1521))(LOAD_BALANCE=yes)(FAILOVER=YES)(CONNECT_DATA=(SERVER=DEDICATED)(SERVICE_NAME=racdb)(FAILOVER_MODE=(TYPE=SELECT)(METHOD=BASIC))(CID=(PROGRAM=C:\PROJETOSCM5\Bin\Caf.exe)(HOST=STKBR03649)(USER=marcelo.filho))))

  VERSION INFORMATION:
	TNS for 32-bit Windows: Version 9.2.0.1.0 - Production
	Windows NT TCP/IP NT Protocol Adapter for 32-bit Windows: Version 9.2.0.1.0 - Production
  Time: 04-ABR-2016 15:56:56
  Tracing not turned on.
  Tns error struct:
    nr err code: 0
    ns main err code: 12545
    TNS-12545: Connect failed because target host or object does not exist
    ns secondary err code: 12560
    nt main err code: 515
    TNS-00515: Connect failed because target host or object does not exist
    nt secondary err code: 1001
    nt OS err code: 0


***********************************************************************
Fatal NI connect error 12560, connecting to:
 (DESCRIPTION=(ADDRESS=(PROTOCOL=TCP)(HOST=172.16.0.19)(PORT=1521))(CONNECT_DATA=(SERVER=DEDICATED)(SERVICE_NAME=tst2.funcef.com.br)(CID=(PROGRAM=C:\PROJETOSCM5\Bin\Caf.exe)(HOST=STKBR03649)(USER=marcelo.filho))))

  VERSION INFORMATION:
	TNS for 32-bit Windows: Version 9.2.0.1.0 - Production
	Windows NT TCP/IP NT Protocol Adapter for 32-bit Windows: Version 9.2.0.1.0 - Production
  Time: 04-ABR-2016 15:58:02
  Tracing not turned on.
  Tns error struct:
    nr err code: 0
    ns main err code: 12560
    TNS-12560: TNS:protocol adapter error
    ns secondary err code: 0
    nt main err code: 538
    TNS-00538: Message 538 not found;  product=NETWORK; facility=TNS

    nt secondary err code: 65
    nt OS err code: 0


***********************************************************************
Fatal NI connect error 12560, connecting to:
 (DESCRIPTION=(ADDRESS=(PROTOCOL=TCP)(HOST=172.16.0.19)(PORT=1521))(CONNECT_DATA=(SERVER=DEDICATED)(SERVICE_NAME=tst2.funcef.com.br)(CID=(PROGRAM=C:\PROJETOSCM5\Bin\Caf.exe)(HOST=STKBR03649)(USER=marcelo.filho))))

  VERSION INFORMATION:
	TNS for 32-bit Windows: Version 9.2.0.1.0 - Production
	Windows NT TCP/IP NT Protocol Adapter for 32-bit Windows: Version 9.2.0.1.0 - Production
  Time: 04-ABR-2016 15:58:23
  Tracing not turned on.
  Tns error struct:
    nr err code: 0
    ns main err code: 12560
    TNS-12560: TNS:protocol adapter error
    ns secondary err code: 0
    nt main err code: 538
    TNS-00538: Message 538 not found;  product=NETWORK; facility=TNS

    nt secondary err code: 65
    nt OS err code: 0


***********************************************************************
Fatal NI connect error 12560, connecting to:
 (DESCRIPTION=(ADDRESS=(PROTOCOL=TCP)(HOST=172.16.0.19)(PORT=1521))(CONNECT_DATA=(SERVER=DEDICATED)(SERVICE_NAME=tst2.funcef.com.br)(CID=(PROGRAM=C:\PROJETOSCM5\Bin\Caf.exe)(HOST=STKBR03649)(USER=marcelo.filho))))

  VERSION INFORMATION:
	TNS for 32-bit Windows: Version 9.2.0.1.0 - Production
	Windows NT TCP/IP NT Protocol Adapter for 32-bit Windows: Version 9.2.0.1.0 - Production
  Time: 04-ABR-2016 15:58:45
  Tracing not turned on.
  Tns error struct:
    nr err code: 0
    ns main err code: 12560
    TNS-12560: TNS:protocol adapter error
    ns secondary err code: 0
    nt main err code: 538
    TNS-00538: Message 538 not found;  product=NETWORK; facility=TNS

    nt secondary err code: 65
    nt OS err code: 0


***********************************************************************
Fatal NI connect error 12560, connecting to:
 (DESCRIPTION=(ADDRESS=(PROTOCOL=TCP)(HOST=172.16.0.19)(PORT=1521))(CONNECT_DATA=(SERVER=DEDICATED)(SERVICE_NAME=tst2.funcef.com.br)(CID=(PROGRAM=C:\PROJETOSCM5\Bin\Caf.exe)(HOST=STKBR03649)(USER=marcelo.filho))))

  VERSION INFORMATION:
	TNS for 32-bit Windows: Version 9.2.0.1.0 - Production
	Windows NT TCP/IP NT Protocol Adapter for 32-bit Windows: Version 9.2.0.1.0 - Production
  Time: 04-ABR-2016 15:59:08
  Tracing not turned on.
  Tns error struct:
    nr err code: 0
    ns main err code: 12560
    TNS-12560: TNS:protocol adapter error
    ns secondary err code: 0
    nt main err code: 538
    TNS-00538: Message 538 not found;  product=NETWORK; facility=TNS

    nt secondary err code: 65
    nt OS err code: 0


***********************************************************************
Fatal NI connect error 12560, connecting to:
 (DESCRIPTION=(ADDRESS=(PROTOCOL=TCP)(HOST=172.16.0.19)(PORT=1521))(CONNECT_DATA=(SERVER=DEDICATED)(SERVICE_NAME=tst2.funcef.com.br)(CID=(PROGRAM=C:\PROJETOSCM5\Bin\Caf.exe)(HOST=STKBR03649)(USER=marcelo.filho))))

  VERSION INFORMATION:
	TNS for 32-bit Windows: Version 9.2.0.1.0 - Production
	Windows NT TCP/IP NT Protocol Adapter for 32-bit Windows: Version 9.2.0.1.0 - Production
  Time: 04-ABR-2016 16:59:25
  Tracing not turned on.
  Tns error struct:
    nr err code: 0
    ns main err code: 12560
    TNS-12560: TNS:protocol adapter error
    ns secondary err code: 0
    nt main err code: 538
    TNS-00538: Message 538 not found;  product=NETWORK; facility=TNS

    nt secondary err code: 65
    nt OS err code: 0


***********************************************************************
Fatal NI connect error 12560, connecting to:
 (DESCRIPTION=(ADDRESS=(PROTOCOL=TCP)(HOST=172.16.0.19)(PORT=1521))(CONNECT_DATA=(SERVER=DEDICATED)(SERVICE_NAME=tst2.funcef.com.br)(CID=(PROGRAM=C:\PROJETOSCM5\Bin\Caf.exe)(HOST=STKBR03649)(USER=marcelo.filho))))

  VERSION INFORMATION:
	TNS for 32-bit Windows: Version 9.2.0.1.0 - Production
	Windows NT TCP/IP NT Protocol Adapter for 32-bit Windows: Version 9.2.0.1.0 - Production
  Time: 04-ABR-2016 16:59:46
  Tracing not turned on.
  Tns error struct:
    nr err code: 0
    ns main err code: 12560
    TNS-12560: TNS:protocol adapter error
    ns secondary err code: 0
    nt main err code: 538
    TNS-00538: Message 538 not found;  product=NETWORK; facility=TNS

    nt secondary err code: 65
    nt OS err code: 0


***********************************************************************
Fatal NI connect error 12560, connecting to:
 (DESCRIPTION=(ADDRESS=(PROTOCOL=TCP)(HOST=172.16.0.19)(PORT=1521))(CONNECT_DATA=(SERVER=DEDICATED)(SERVICE_NAME=tst2.funcef.com.br)(CID=(PROGRAM=C:\PROJETOSCM5\Bin\Caf.exe)(HOST=STKBR03649)(USER=marcelo.filho))))

  VERSION INFORMATION:
	TNS for 32-bit Windows: Version 9.2.0.1.0 - Production
	Windows NT TCP/IP NT Protocol Adapter for 32-bit Windows: Version 9.2.0.1.0 - Production
  Time: 04-ABR-2016 17:00:08
  Tracing not turned on.
  Tns error struct:
    nr err code: 0
    ns main err code: 12560
    TNS-12560: TNS:protocol adapter error
    ns secondary err code: 0
    nt main err code: 538
    TNS-00538: Message 538 not found;  product=NETWORK; facility=TNS

    nt secondary err code: 65
    nt OS err code: 0


***********************************************************************
Fatal NI connect error 12535, connecting to:
 (DESCRIPTION=(ADDRESS=(PROTOCOL=TCP)(HOST=172.16.0.20)(PORT=1521))(CONNECT_DATA=(SERVER=DEDICATED)(SERVICE_NAME=tst2.funcef.com.br)(CID=(PROGRAM=C:\PROJETOSCM5\Bin\Caf.exe)(HOST=STKBR03649)(USER=marcelo.filho))))

  VERSION INFORMATION:
	TNS for 32-bit Windows: Version 9.2.0.1.0 - Production
	Windows NT TCP/IP NT Protocol Adapter for 32-bit Windows: Version 9.2.0.1.0 - Production
  Time: 04-ABR-2016 17:00:54
  Tracing not turned on.
  Tns error struct:
    nr err code: 0
    ns main err code: 12535
    TNS-12535: TNS:operation timed out
    ns secondary err code: 12560
    nt main err code: 505
    TNS-00505: Operation timed out
    nt secondary err code: 60
    nt OS err code: 0


***********************************************************************
Fatal NI connect error 12560, connecting to:
 (DESCRIPTION=(ADDRESS=(PROTOCOL=TCP)(HOST=172.16.0.20)(PORT=1521))(CONNECT_DATA=(SERVER=DEDICATED)(SERVICE_NAME=tst2.funcef.com.br)(CID=(PROGRAM=C:\PROJETOSCM5\Bin\Caf.exe)(HOST=STKBR03649)(USER=marcelo.filho))))

  VERSION INFORMATION:
	TNS for 32-bit Windows: Version 9.2.0.1.0 - Production
	Windows NT TCP/IP NT Protocol Adapter for 32-bit Windows: Version 9.2.0.1.0 - Production
  Time: 04-ABR-2016 17:01:15
  Tracing not turned on.
  Tns error struct:
    nr err code: 0
    ns main err code: 12560
    TNS-12560: TNS:protocol adapter error
    ns secondary err code: 0
    nt main err code: 538
    TNS-00538: Message 538 not found;  product=NETWORK; facility=TNS

    nt secondary err code: 65
    nt OS err code: 0


***********************************************************************
Fatal NI connect error 12535, connecting to:
 (DESCRIPTION=(ADDRESS=(PROTOCOL=TCP)(HOST=172.16.0.20)(PORT=1521))(CONNECT_DATA=(SERVER=DEDICATED)(SERVICE_NAME=tst2.funcef.com.br)(CID=(PROGRAM=C:\PROJETOSCM5\Bin\Caf.exe)(HOST=STKBR03649)(USER=marcelo.filho))))

  VERSION INFORMATION:
	TNS for 32-bit Windows: Version 9.2.0.1.0 - Production
	Windows NT TCP/IP NT Protocol Adapter for 32-bit Windows: Version 9.2.0.1.0 - Production
  Time: 04-ABR-2016 17:01:36
  Tracing not turned on.
  Tns error struct:
    nr err code: 0
    ns main err code: 12535
    TNS-12535: TNS:operation timed out
    ns secondary err code: 12560
    nt main err code: 505
    TNS-00505: Operation timed out
    nt secondary err code: 60
    nt OS err code: 0


***********************************************************************
Fatal NI connect error 12560, connecting to:
 (DESCRIPTION=(ADDRESS=(PROTOCOL=TCP)(HOST=172.16.0.20)(PORT=1521))(CONNECT_DATA=(SERVER=DEDICATED)(SERVICE_NAME=tst.funcef.com.br)(CID=(PROGRAM=C:\ProjetosCM5\Bin\Caf.exe)(HOST=STKBR03649)(USER=marcelo.filho))))

  VERSION INFORMATION:
	TNS for 32-bit Windows: Version 9.2.0.1.0 - Production
	Windows NT TCP/IP NT Protocol Adapter for 32-bit Windows: Version 9.2.0.1.0 - Production
  Time: 04-ABR-2016 17:04:44
  Tracing not turned on.
  Tns error struct:
    nr err code: 0
    ns main err code: 12560
    TNS-12560: TNS:protocol adapter error
    ns secondary err code: 0
    nt main err code: 538
    TNS-00538: Message 538 not found;  product=NETWORK; facility=TNS

    nt secondary err code: 65
    nt OS err code: 0


***********************************************************************
Fatal NI connect error 12560, connecting to:
 (DESCRIPTION=(ADDRESS=(PROTOCOL=TCP)(HOST=172.16.0.20)(PORT=1521))(CONNECT_DATA=(SERVER=DEDICATED)(SERVICE_NAME=tst.funcef.com.br)(CID=(PROGRAM=C:\PROJETOSCM5\Bin\BeneficioPrev.exe)(HOST=STKBR03649)(USER=maiara.giavoni))))

  VERSION INFORMATION:
	TNS for 32-bit Windows: Version 9.2.0.1.0 - Production
	Windows NT TCP/IP NT Protocol Adapter for 32-bit Windows: Version 9.2.0.1.0 - Production
  Time: 12-ABR-2016 17:19:05
  Tracing not turned on.
  Tns error struct:
    nr err code: 0
    ns main err code: 12560
    TNS-12560: TNS:protocol adapter error
    ns secondary err code: 0
    nt main err code: 538
    TNS-00538: Message 538 not found;  product=NETWORK; facility=TNS

    nt secondary err code: 65
    nt OS err code: 0


***********************************************************************
Fatal NI connect error 12560, connecting to:
 (DESCRIPTION=(ADDRESS=(PROTOCOL=TCP)(HOST=172.16.0.20)(PORT=1521))(CONNECT_DATA=(SERVER=DEDICATED)(SERVICE_NAME=tst.funcef.com.br)(CID=(PROGRAM=C:\PROJETOSCM5\Bin\BeneficioPrev.exe)(HOST=STKBR03649)(USER=maiara.giavoni))))

  VERSION INFORMATION:
	TNS for 32-bit Windows: Version 9.2.0.1.0 - Production
	Windows NT TCP/IP NT Protocol Adapter for 32-bit Windows: Version 9.2.0.1.0 - Production
  Time: 12-ABR-2016 17:19:26
  Tracing not turned on.
  Tns error struct:
    nr err code: 0
    ns main err code: 12560
    TNS-12560: TNS:protocol adapter error
    ns secondary err code: 0
    nt main err code: 538
    TNS-00538: Message 538 not found;  product=NETWORK; facility=TNS

    nt secondary err code: 65
    nt OS err code: 0


***********************************************************************
Fatal NI connect error 12560, connecting to:
 (DESCRIPTION=(ADDRESS=(PROTOCOL=TCP)(HOST=172.16.0.20)(PORT=1521))(CONNECT_DATA=(SERVER=DEDICATED)(SERVICE_NAME=tst.funcef.com.br)(CID=(PROGRAM=C:\PROJETOSCM5\Bin\BeneficioPrev.exe)(HOST=STKBR03649)(USER=maiara.giavoni))))

  VERSION INFORMATION:
	TNS for 32-bit Windows: Version 9.2.0.1.0 - Production
	Windows NT TCP/IP NT Protocol Adapter for 32-bit Windows: Version 9.2.0.1.0 - Production
  Time: 12-ABR-2016 17:19:47
  Tracing not turned on.
  Tns error struct:
    nr err code: 0
    ns main err code: 12560
    TNS-12560: TNS:protocol adapter error
    ns secondary err code: 0
    nt main err code: 538
    TNS-00538: Message 538 not found;  product=NETWORK; facility=TNS

    nt secondary err code: 65
    nt OS err code: 0


***********************************************************************
Fatal NI connect error 12535, connecting to:
 (DESCRIPTION=(ADDRESS=(PROTOCOL=TCP)(HOST=172.16.0.20)(PORT=1521))(CONNECT_DATA=(SERVER=DEDICATED)(SERVICE_NAME=tst.funcef.com.br)(CID=(PROGRAM=C:\PROJETOSCM5\Bin\BeneficioPrev.exe)(HOST=STKBR03649)(USER=maiara.giavoni))))

  VERSION INFORMATION:
	TNS for 32-bit Windows: Version 9.2.0.1.0 - Production
	Windows NT TCP/IP NT Protocol Adapter for 32-bit Windows: Version 9.2.0.1.0 - Production
  Time: 12-ABR-2016 17:20:10
  Tracing not turned on.
  Tns error struct:
    nr err code: 0
    ns main err code: 12535
    TNS-12535: TNS:operation timed out
    ns secondary err code: 12560
    nt main err code: 505
    TNS-00505: Operation timed out
    nt secondary err code: 60
    nt OS err code: 0
