

***********************************************************************
Fatal NI connect error 12203, connecting to:
 (DESCRIPTION=(ADDRESS_LIST=(ADDRESS=(PROTOCOL=BEQ)(PROGRAM=oracle80)(ARGV0=oracle80ORCL)(ARGS='(DESCRIPTION=(LOCAL=YES)(ADDRESS=(PROTOCOL=beq)))')))(CONNECT_DATA=(SID=ORCL)(CID=(PROGRAM=C:\Arquivos de programas\Borland\Delphi5\Bin\delphi32.exe)(HOST=CBS102)(USER=CM))))

  VERSION INFORMATION:
	TNS for 32-bit Windows: Version 8.0.5.0.0 - Production
	Oracle Bequeath NT Protocol Adapter for 32-bit Windows: Version 8.0.5.0.0 - Production
  Time: 27-FEV-02 18:03:15
  Tracing not turned on.
  Tns error struct:
    nr err code: 12203
    TNS-12203: TNS:não é possível estabelecer conexão com o destino
    ns main err code: 12560
    TNS-12560: TNS:erro do adaptador de protocolo
    ns secondary err code: 0
    nt main err code: 530
    TNS-00530: Erro do adaptador de protocolo
    nt secondary err code: 0
    nt OS err code: 0


***********************************************************************
Fatal NI connect error 12203, connecting to:
 (DESCRIPTION=(ADDRESS_LIST=(ADDRESS=(PROTOCOL=BEQ)(PROGRAM=oracle80)(ARGV0=oracle80ORCL)(ARGS='(DESCRIPTION=(LOCAL=YES)(ADDRESS=(PROTOCOL=beq)))')))(CONNECT_DATA=(SID=ORCL)(CID=(PROGRAM=C:\Arquivos de programas\Borland\Delphi5\Bin\delphi32.exe)(HOST=CBS102)(USER=CM))))

  VERSION INFORMATION:
	TNS for 32-bit Windows: Version 8.0.5.0.0 - Production
	Oracle Bequeath NT Protocol Adapter for 32-bit Windows: Version 8.0.5.0.0 - Production
  Time: 27-FEV-02 18:03:15
  Tracing not turned on.
  Tns error struct:
    nr err code: 12203
    TNS-12203: TNS:não é possível estabelecer conexão com o destino
    ns main err code: 12560
    TNS-12560: TNS:erro do adaptador de protocolo
    ns secondary err code: 0
    nt main err code: 530
    TNS-00530: Erro do adaptador de protocolo
    nt secondary err code: 0
    nt OS err code: 0


***********************************************************************
Fatal NI connect error 12203, connecting to:
 (DESCRIPTION=(ADDRESS_LIST=(ADDRESS=(PROTOCOL=BEQ)(PROGRAM=oracle80)(ARGV0=oracle80ORCL)(ARGS='(DESCRIPTION=(LOCAL=YES)(ADDRESS=(PROTOCOL=beq)))')))(CONNECT_DATA=(SID=ORCL)(CID=(PROGRAM=C:\Arquivos de programas\Borland\Delphi5\Bin\delphi32.exe)(HOST=CBS102)(USER=CM))))

  VERSION INFORMATION:
	TNS for 32-bit Windows: Version 8.0.5.0.0 - Production
	Oracle Bequeath NT Protocol Adapter for 32-bit Windows: Version 8.0.5.0.0 - Production
  Time: 27-FEV-02 18:03:15
  Tracing not turned on.
  Tns error struct:
    nr err code: 12203
    TNS-12203: TNS:não é possível estabelecer conexão com o destino
    ns main err code: 12560
    TNS-12560: TNS:erro do adaptador de protocolo
    ns secondary err code: 0
    nt main err code: 530
    TNS-00530: Erro do adaptador de protocolo
    nt secondary err code: 0
    nt OS err code: 0


***********************************************************************
Fatal NI connect error 12203, connecting to:
 (DESCRIPTION=(ADDRESS_LIST=(ADDRESS=(PROTOCOL=BEQ)(PROGRAM=oracle80)(ARGV0=oracle80ORCL)(ARGS='(DESCRIPTION=(LOCAL=YES)(ADDRESS=(PROTOCOL=beq)))')))(CONNECT_DATA=(SID=ORCL)(CID=(PROGRAM=C:\Arquivos de programas\Borland\Delphi5\Bin\delphi32.exe)(HOST=CBS102)(USER=CM))))

  VERSION INFORMATION:
	TNS for 32-bit Windows: Version 8.0.5.0.0 - Production
	Oracle Bequeath NT Protocol Adapter for 32-bit Windows: Version 8.0.5.0.0 - Production
  Time: 05-MAR-02 19:30:13
  Tracing not turned on.
  Tns error struct:
    nr err code: 12203
    TNS-12203: TNS:não é possível estabelecer conexão com o destino
    ns main err code: 12560
    TNS-12560: TNS:erro do adaptador de protocolo
    ns secondary err code: 0
    nt main err code: 530
    TNS-00530: Erro do adaptador de protocolo
    nt secondary err code: 0
    nt OS err code: 0


***********************************************************************
Fatal NI connect error 12203, connecting to:
 (DESCRIPTION=(ADDRESS_LIST=(ADDRESS=(PROTOCOL=BEQ)(PROGRAM=oracle80)(ARGV0=oracle80ORCL)(ARGS='(DESCRIPTION=(LOCAL=YES)(ADDRESS=(PROTOCOL=beq)))')))(CONNECT_DATA=(SID=ORCL)(CID=(PROGRAM=C:\Arquivos de programas\Borland\Delphi5\Bin\delphi32.exe)(HOST=CBS102)(USER=CM))))

  VERSION INFORMATION:
	TNS for 32-bit Windows: Version 8.0.5.0.0 - Production
	Oracle Bequeath NT Protocol Adapter for 32-bit Windows: Version 8.0.5.0.0 - Production
  Time: 05-MAR-02 19:30:20
  Tracing not turned on.
  Tns error struct:
    nr err code: 12203
    TNS-12203: TNS:não é possível estabelecer conexão com o destino
    ns main err code: 12560
    TNS-12560: TNS:erro do adaptador de protocolo
    ns secondary err code: 0
    nt main err code: 530
    TNS-00530: Erro do adaptador de protocolo
    nt secondary err code: 0
    nt OS err code: 0


***********************************************************************
Fatal NI connect error 12203, connecting to:
 (DESCRIPTION=(ADDRESS_LIST=(ADDRESS=(PROTOCOL=BEQ)(PROGRAM=oracle80)(ARGV0=oracle80ORCL)(ARGS='(DESCRIPTION=(LOCAL=YES)(ADDRESS=(PROTOCOL=beq)))')))(CONNECT_DATA=(SID=ORCL)(CID=(PROGRAM=C:\Arquivos de programas\Borland\Delphi5\Bin\delphi32.exe)(HOST=CBS102)(USER=CM))))

  VERSION INFORMATION:
	TNS for 32-bit Windows: Version 8.0.5.0.0 - Production
	Oracle Bequeath NT Protocol Adapter for 32-bit Windows: Version 8.0.5.0.0 - Production
  Time: 05-MAR-02 19:33:55
  Tracing not turned on.
  Tns error struct:
    nr err code: 12203
    TNS-12203: TNS:não é possível estabelecer conexão com o destino
    ns main err code: 12560
    TNS-12560: TNS:erro do adaptador de protocolo
    ns secondary err code: 0
    nt main err code: 530
    TNS-00530: Erro do adaptador de protocolo
    nt secondary err code: 0
    nt OS err code: 0


***********************************************************************
Fatal NI connect error 12203, connecting to:
 (DESCRIPTION=(ADDRESS_LIST=(ADDRESS=(PROTOCOL=BEQ)(PROGRAM=oracle80)(ARGV0=oracle80ORCL)(ARGS='(DESCRIPTION=(LOCAL=YES)(ADDRESS=(PROTOCOL=beq)))')))(CONNECT_DATA=(SID=ORCL)(CID=(PROGRAM=C:\Arquivos de programas\Borland\Delphi5\Bin\delphi32.exe)(HOST=CBS102)(USER=CM))))

  VERSION INFORMATION:
	TNS for 32-bit Windows: Version 8.0.5.0.0 - Production
	Oracle Bequeath NT Protocol Adapter for 32-bit Windows: Version 8.0.5.0.0 - Production
  Time: 11-MAR-02 10:49:46
  Tracing not turned on.
  Tns error struct:
    nr err code: 12203
    TNS-12203: TNS:não é possível estabelecer conexão com o destino
    ns main err code: 12560
    TNS-12560: TNS:erro do adaptador de protocolo
    ns secondary err code: 0
    nt main err code: 530
    TNS-00530: Erro do adaptador de protocolo
    nt secondary err code: 0
    nt OS err code: 0


***********************************************************************
Fatal NI connect error 12203, connecting to:
 (DESCRIPTION=(ADDRESS_LIST=(ADDRESS=(PROTOCOL=BEQ)(PROGRAM=oracle80)(ARGV0=oracle80ORCL)(ARGS='(DESCRIPTION=(LOCAL=YES)(ADDRESS=(PROTOCOL=beq)))')))(CONNECT_DATA=(SID=ORCL)(CID=(PROGRAM=C:\Arquivos de programas\Borland\Delphi5\Bin\delphi32.exe)(HOST=CBS102)(USER=CM))))

  VERSION INFORMATION:
	TNS for 32-bit Windows: Version 8.0.5.0.0 - Production
	Oracle Bequeath NT Protocol Adapter for 32-bit Windows: Version 8.0.5.0.0 - Production
  Time: 11-MAR-02 11:53:44
  Tracing not turned on.
  Tns error struct:
    nr err code: 12203
    TNS-12203: TNS:não é possível estabelecer conexão com o destino
    ns main err code: 12560
    TNS-12560: TNS:erro do adaptador de protocolo
    ns secondary err code: 0
    nt main err code: 530
    TNS-00530: Erro do adaptador de protocolo
    nt secondary err code: 0
    nt OS err code: 0


***********************************************************************
Fatal NI connect error 12203, connecting to:
 (DESCRIPTION=(ADDRESS=(PROTOCOL=TCP)(HOST=172.16.25.3)(PORT=1521))(CONNECT_DATA=(SID=CM)(CID=(PROGRAM=C:\Arquivos de programas\Borland\Delphi5\Bin\delphi32.exe)(HOST=CBS102)(USER=CM))))

  VERSION INFORMATION:
	TNS for 32-bit Windows: Version 8.0.5.0.0 - Production
	Windows NT TCP/IP NT Protocol Adapter for 32-bit Windows: Version 8.0.5.0.0 - Production
  Time: 13-MAR-02 18:25:15
  Tracing not turned on.
  Tns error struct:
    nr err code: 12203
    TNS-12203: TNS:não é possível estabelecer conexão com o destino
    ns main err code: 12535
    TNS-12535: TNS:tempo esgotado para operação
    ns secondary err code: 12560
    nt main err code: 505
    TNS-00505: Operação com tempo de espera
    nt secondary err code: 60
    nt OS err code: 0


***********************************************************************
Fatal NI connect error 12203, connecting to:
 (DESCRIPTION=(ADDRESS_LIST=(ADDRESS=(PROTOCOL=BEQ)(PROGRAM=oracle80)(ARGV0=oracle80ORCL)(ARGS='(DESCRIPTION=(LOCAL=YES)(ADDRESS=(PROTOCOL=beq)))')))(CONNECT_DATA=(SID=ORCL)(CID=(PROGRAM=C:\Arquivos de programas\Borland\Delphi5\Bin\delphi32.exe)(HOST=CBS102)(USER=CM))))

  VERSION INFORMATION:
	TNS for 32-bit Windows: Version 8.0.5.0.0 - Production
	Oracle Bequeath NT Protocol Adapter for 32-bit Windows: Version 8.0.5.0.0 - Production
  Time: 13-MAR-02 18:25:15
  Tracing not turned on.
  Tns error struct:
    nr err code: 12203
    TNS-12203: TNS:não é possível estabelecer conexão com o destino
    ns main err code: 12560
    TNS-12560: TNS:erro do adaptador de protocolo
    ns secondary err code: 0
    nt main err code: 530
    TNS-00530: Erro do adaptador de protocolo
    nt secondary err code: 0
    nt OS err code: 0


***********************************************************************
Fatal NI connect error 12535, connecting to:
 (DESCRIPTION=(ADDRESS=(PROTOCOL=TCP)(HOST=CMBD8)(PORT=1521))(CONNECT_DATA=(SID=CBS)(CID=(PROGRAM=C:\Arquivos de programas\Borland\Delphi5\Bin\delphi32.exe)(HOST=DESENV0004)(USER=desenv0004))))

  VERSION INFORMATION:
	TNS for 32-bit Windows: Version 8.1.7.0.0 - Production
	Windows NT TCP/IP NT Protocol Adapter for 32-bit Windows: Version 8.1.7.0.0 - Production
  Time: 18-MAR-2002 14:34:26
  Tracing not turned on.
  Tns error struct:
    nr err code: 0
    ns main err code: 12535
    TNS-12535: TNS:timeout da operação
    ns secondary err code: 12560
    nt main err code: 505
    TNS-00505: Operação com tempo de espera
    nt secondary err code: 60
    nt OS err code: 0


***********************************************************************
Fatal NI connect error 12560, connecting to:
 (DESCRIPTION=(ADDRESS=(PROTOCOL=BEQ)(PROGRAM=oracle)(ARGV0=oracleORCL)(ARGS='(DESCRIPTION=(LOCAL=YES)(ADDRESS=(PROTOCOL=beq)))'))(CONNECT_DATA=(SID=ORCL)(CID=(PROGRAM=C:\Arquivos de programas\Borland\Delphi5\Bin\delphi32.exe)(HOST=DESENV0004)(USER=desenv0004))))

  VERSION INFORMATION:
	TNS for 32-bit Windows: Version 8.1.7.0.0 - Production
	Oracle Bequeath NT Protocol Adapter for 32-bit Windows: Version 8.1.7.0.0 - Production
  Time: 18-MAR-2002 14:34:27
  Tracing not turned on.
  Tns error struct:
    nr err code: 0
    ns main err code: 12560
    TNS-12560: TNS:erro de adaptador de protocolo
    ns secondary err code: 0
    nt main err code: 530
    TNS-00530: Erro do adaptador de protocolo
    nt secondary err code: 126
    nt OS err code: 0


***********************************************************************
Fatal NI connect error 12505, connecting to:
 (DESCRIPTION=(ADDRESS=(PROTOCOL=TCP)(HOST=CMBD1)(PORT=1521))(CONNECT_DATA=(SID=INT)(CID=(PROGRAM=C:\Arquivos de programas\Borland\Delphi5\Bin\delphi32.exe)(HOST=DESENV0004)(USER=desenv0004))))

  VERSION INFORMATION:
	TNS for 32-bit Windows: Version 8.1.7.0.0 - Production
	Windows NT TCP/IP NT Protocol Adapter for 32-bit Windows: Version 8.1.7.0.0 - Production
  Time: 02-ABR-2002 17:03:50
  Tracing not turned on.
  Tns error struct:
    nr err code: 0
    ns main err code: 12564
    TNS-12564: TNS:conexão recusada
    ns secondary err code: 0
    nt main err code: 0
    nt secondary err code: 0
    nt OS err code: 0


***********************************************************************
Fatal NI connect error 12560, connecting to:
 (DESCRIPTION=(ADDRESS=(PROTOCOL=BEQ)(PROGRAM=oracle)(ARGV0=oracleORCL)(ARGS='(DESCRIPTION=(LOCAL=YES)(ADDRESS=(PROTOCOL=beq)))'))(CONNECT_DATA=(SID=ORCL)(CID=(PROGRAM=C:\Arquivos de programas\Borland\Delphi5\Bin\delphi32.exe)(HOST=DESENV0004)(USER=desenv0004))))

  VERSION INFORMATION:
	TNS for 32-bit Windows: Version 8.1.7.0.0 - Production
	Oracle Bequeath NT Protocol Adapter for 32-bit Windows: Version 8.1.7.0.0 - Production
  Time: 02-ABR-2002 17:03:51
  Tracing not turned on.
  Tns error struct:
    nr err code: 0
    ns main err code: 12560
    TNS-12560: TNS:erro de adaptador de protocolo
    ns secondary err code: 0
    nt main err code: 530
    TNS-00530: Erro do adaptador de protocolo
    nt secondary err code: 126
    nt OS err code: 0


***********************************************************************
Fatal NI connect error 12505, connecting to:
 (DESCRIPTION=(ADDRESS=(PROTOCOL=TCP)(HOST=CMBD1)(PORT=1521))(CONNECT_DATA=(SID=INT)(CID=(PROGRAM=C:\Arquivos de programas\Borland\Delphi5\Bin\delphi32.exe)(HOST=DESENV0004)(USER=desenv0004))))

  VERSION INFORMATION:
	TNS for 32-bit Windows: Version 8.1.7.0.0 - Production
	Windows NT TCP/IP NT Protocol Adapter for 32-bit Windows: Version 8.1.7.0.0 - Production
  Time: 02-ABR-2002 17:03:52
  Tracing not turned on.
  Tns error struct:
    nr err code: 0
    ns main err code: 12564
    TNS-12564: TNS:conexão recusada
    ns secondary err code: 0
    nt main err code: 0
    nt secondary err code: 0
    nt OS err code: 0


***********************************************************************
Fatal NI connect error 12560, connecting to:
 (DESCRIPTION=(ADDRESS=(PROTOCOL=BEQ)(PROGRAM=oracle)(ARGV0=oracleORCL)(ARGS='(DESCRIPTION=(LOCAL=YES)(ADDRESS=(PROTOCOL=beq)))'))(CONNECT_DATA=(SID=ORCL)(CID=(PROGRAM=C:\Arquivos de programas\Borland\Delphi5\Bin\delphi32.exe)(HOST=DESENV0004)(USER=desenv0004))))

  VERSION INFORMATION:
	TNS for 32-bit Windows: Version 8.1.7.0.0 - Production
	Oracle Bequeath NT Protocol Adapter for 32-bit Windows: Version 8.1.7.0.0 - Production
  Time: 02-ABR-2002 17:03:52
  Tracing not turned on.
  Tns error struct:
    nr err code: 0
    ns main err code: 12560
    TNS-12560: TNS:erro de adaptador de protocolo
    ns secondary err code: 0
    nt main err code: 530
    TNS-00530: Erro do adaptador de protocolo
    nt secondary err code: 126
    nt OS err code: 0


***********************************************************************
Fatal NI connect error 12505, connecting to:
 (DESCRIPTION=(ADDRESS=(PROTOCOL=TCP)(HOST=CMBD1)(PORT=1521))(CONNECT_DATA=(SID=SUPR)(CID=(PROGRAM=C:\Arquivos de programas\Borland\Delphi5\Bin\delphi32.exe)(HOST=DESENV0004)(USER=desenv0004))))

  VERSION INFORMATION:
	TNS for 32-bit Windows: Version 8.1.7.0.0 - Production
	Windows NT TCP/IP NT Protocol Adapter for 32-bit Windows: Version 8.1.7.0.0 - Production
  Time: 02-ABR-2002 17:03:52
  Tracing not turned on.
  Tns error struct:
    nr err code: 0
    ns main err code: 12564
    TNS-12564: TNS:conexão recusada
    ns secondary err code: 0
    nt main err code: 0
    nt secondary err code: 0
    nt OS err code: 0


***********************************************************************
Fatal NI connect error 12560, connecting to:
 (DESCRIPTION=(ADDRESS=(PROTOCOL=BEQ)(PROGRAM=oracle)(ARGV0=oracleORCL)(ARGS='(DESCRIPTION=(LOCAL=YES)(ADDRESS=(PROTOCOL=beq)))'))(CONNECT_DATA=(SID=ORCL)(CID=(PROGRAM=C:\Arquivos de programas\Borland\Delphi5\Bin\delphi32.exe)(HOST=DESENV0004)(USER=desenv0004))))

  VERSION INFORMATION:
	TNS for 32-bit Windows: Version 8.1.7.0.0 - Production
	Oracle Bequeath NT Protocol Adapter for 32-bit Windows: Version 8.1.7.0.0 - Production
  Time: 02-ABR-2002 17:03:52
  Tracing not turned on.
  Tns error struct:
    nr err code: 0
    ns main err code: 12560
    TNS-12560: TNS:erro de adaptador de protocolo
    ns secondary err code: 0
    nt main err code: 530
    TNS-00530: Erro do adaptador de protocolo
    nt secondary err code: 126
    nt OS err code: 0


***********************************************************************
Fatal NI connect error 12505, connecting to:
 (DESCRIPTION=(ADDRESS=(PROTOCOL=TCP)(HOST=CMBD1)(PORT=1521))(CONNECT_DATA=(SID=INT)(CID=(PROGRAM=C:\Arquivos de programas\Borland\Delphi5\Bin\delphi32.exe)(HOST=DESENV0004)(USER=desenv0004))))

  VERSION INFORMATION:
	TNS for 32-bit Windows: Version 8.1.7.0.0 - Production
	Windows NT TCP/IP NT Protocol Adapter for 32-bit Windows: Version 8.1.7.0.0 - Production
  Time: 02-ABR-2002 17:05:47
  Tracing not turned on.
  Tns error struct:
    nr err code: 0
    ns main err code: 12564
    TNS-12564: TNS:conexão recusada
    ns secondary err code: 0
    nt main err code: 0
    nt secondary err code: 0
    nt OS err code: 0


***********************************************************************
Fatal NI connect error 12560, connecting to:
 (DESCRIPTION=(ADDRESS=(PROTOCOL=BEQ)(PROGRAM=oracle)(ARGV0=oracleORCL)(ARGS='(DESCRIPTION=(LOCAL=YES)(ADDRESS=(PROTOCOL=beq)))'))(CONNECT_DATA=(SID=ORCL)(CID=(PROGRAM=C:\Arquivos de programas\Borland\Delphi5\Bin\delphi32.exe)(HOST=DESENV0004)(USER=desenv0004))))

  VERSION INFORMATION:
	TNS for 32-bit Windows: Version 8.1.7.0.0 - Production
	Oracle Bequeath NT Protocol Adapter for 32-bit Windows: Version 8.1.7.0.0 - Production
  Time: 02-ABR-2002 17:05:47
  Tracing not turned on.
  Tns error struct:
    nr err code: 0
    ns main err code: 12560
    TNS-12560: TNS:erro de adaptador de protocolo
    ns secondary err code: 0
    nt main err code: 530
    TNS-00530: Erro do adaptador de protocolo
    nt secondary err code: 126
    nt OS err code: 0


***********************************************************************
Fatal NI connect error 12505, connecting to:
 (DESCRIPTION=(ADDRESS=(PROTOCOL=TCP)(HOST=CMBD1)(PORT=1521))(CONNECT_DATA=(SID=INT)(CID=(PROGRAM=C:\Arquivos de programas\Borland\Delphi5\Bin\delphi32.exe)(HOST=DESENV0004)(USER=desenv0004))))

  VERSION INFORMATION:
	TNS for 32-bit Windows: Version 8.1.7.0.0 - Production
	Windows NT TCP/IP NT Protocol Adapter for 32-bit Windows: Version 8.1.7.0.0 - Production
  Time: 02-ABR-2002 17:05:47
  Tracing not turned on.
  Tns error struct:
    nr err code: 0
    ns main err code: 12564
    TNS-12564: TNS:conexão recusada
    ns secondary err code: 0
    nt main err code: 0
    nt secondary err code: 0
    nt OS err code: 0


***********************************************************************
Fatal NI connect error 12560, connecting to:
 (DESCRIPTION=(ADDRESS=(PROTOCOL=BEQ)(PROGRAM=oracle)(ARGV0=oracleORCL)(ARGS='(DESCRIPTION=(LOCAL=YES)(ADDRESS=(PROTOCOL=beq)))'))(CONNECT_DATA=(SID=ORCL)(CID=(PROGRAM=C:\Arquivos de programas\Borland\Delphi5\Bin\delphi32.exe)(HOST=DESENV0004)(USER=desenv0004))))

  VERSION INFORMATION:
	TNS for 32-bit Windows: Version 8.1.7.0.0 - Production
	Oracle Bequeath NT Protocol Adapter for 32-bit Windows: Version 8.1.7.0.0 - Production
  Time: 02-ABR-2002 17:05:47
  Tracing not turned on.
  Tns error struct:
    nr err code: 0
    ns main err code: 12560
    TNS-12560: TNS:erro de adaptador de protocolo
    ns secondary err code: 0
    nt main err code: 530
    TNS-00530: Erro do adaptador de protocolo
    nt secondary err code: 126
    nt OS err code: 0


***********************************************************************
Fatal NI connect error 12505, connecting to:
 (DESCRIPTION=(ADDRESS=(PROTOCOL=TCP)(HOST=CMBD1)(PORT=1521))(CONNECT_DATA=(SID=SUPR)(CID=(PROGRAM=C:\Arquivos de programas\Borland\Delphi5\Bin\delphi32.exe)(HOST=DESENV0004)(USER=desenv0004))))

  VERSION INFORMATION:
	TNS for 32-bit Windows: Version 8.1.7.0.0 - Production
	Windows NT TCP/IP NT Protocol Adapter for 32-bit Windows: Version 8.1.7.0.0 - Production
  Time: 02-ABR-2002 17:05:47
  Tracing not turned on.
  Tns error struct:
    nr err code: 0
    ns main err code: 12564
    TNS-12564: TNS:conexão recusada
    ns secondary err code: 0
    nt main err code: 0
    nt secondary err code: 0
    nt OS err code: 0


***********************************************************************
Fatal NI connect error 12560, connecting to:
 (DESCRIPTION=(ADDRESS=(PROTOCOL=BEQ)(PROGRAM=oracle)(ARGV0=oracleORCL)(ARGS='(DESCRIPTION=(LOCAL=YES)(ADDRESS=(PROTOCOL=beq)))'))(CONNECT_DATA=(SID=ORCL)(CID=(PROGRAM=C:\Arquivos de programas\Borland\Delphi5\Bin\delphi32.exe)(HOST=DESENV0004)(USER=desenv0004))))

  VERSION INFORMATION:
	TNS for 32-bit Windows: Version 8.1.7.0.0 - Production
	Oracle Bequeath NT Protocol Adapter for 32-bit Windows: Version 8.1.7.0.0 - Production
  Time: 02-ABR-2002 17:05:47
  Tracing not turned on.
  Tns error struct:
    nr err code: 0
    ns main err code: 12560
    TNS-12560: TNS:erro de adaptador de protocolo
    ns secondary err code: 0
    nt main err code: 530
    TNS-00530: Erro do adaptador de protocolo
    nt secondary err code: 126
    nt OS err code: 0


***********************************************************************
Fatal NI connect error 12505, connecting to:
 (DESCRIPTION=(ADDRESS=(PROTOCOL=TCP)(HOST=CMBD1)(PORT=1521))(CONNECT_DATA=(SID=INT)(CID=(PROGRAM=C:\Arquivos de programas\Borland\Delphi5\Bin\delphi32.exe)(HOST=DESENV0004)(USER=desenv0004))))

  VERSION INFORMATION:
	TNS for 32-bit Windows: Version 8.1.7.0.0 - Production
	Windows NT TCP/IP NT Protocol Adapter for 32-bit Windows: Version 8.1.7.0.0 - Production
  Time: 02-ABR-2002 17:07:28
  Tracing not turned on.
  Tns error struct:
    nr err code: 0
    ns main err code: 12564
    TNS-12564: TNS:conexão recusada
    ns secondary err code: 0
    nt main err code: 0
    nt secondary err code: 0
    nt OS err code: 0


***********************************************************************
Fatal NI connect error 12560, connecting to:
 (DESCRIPTION=(ADDRESS=(PROTOCOL=BEQ)(PROGRAM=oracle)(ARGV0=oracleORCL)(ARGS='(DESCRIPTION=(LOCAL=YES)(ADDRESS=(PROTOCOL=beq)))'))(CONNECT_DATA=(SID=ORCL)(CID=(PROGRAM=C:\Arquivos de programas\Borland\Delphi5\Bin\delphi32.exe)(HOST=DESENV0004)(USER=desenv0004))))

  VERSION INFORMATION:
	TNS for 32-bit Windows: Version 8.1.7.0.0 - Production
	Oracle Bequeath NT Protocol Adapter for 32-bit Windows: Version 8.1.7.0.0 - Production
  Time: 02-ABR-2002 17:07:28
  Tracing not turned on.
  Tns error struct:
    nr err code: 0
    ns main err code: 12560
    TNS-12560: TNS:erro de adaptador de protocolo
    ns secondary err code: 0
    nt main err code: 530
    TNS-00530: Erro do adaptador de protocolo
    nt secondary err code: 126
    nt OS err code: 0


***********************************************************************
Fatal NI connect error 12505, connecting to:
 (DESCRIPTION=(ADDRESS=(PROTOCOL=TCP)(HOST=CMBD1)(PORT=1521))(CONNECT_DATA=(SID=INT)(CID=(PROGRAM=C:\Arquivos de programas\Borland\Delphi5\Bin\delphi32.exe)(HOST=DESENV0004)(USER=desenv0004))))

  VERSION INFORMATION:
	TNS for 32-bit Windows: Version 8.1.7.0.0 - Production
	Windows NT TCP/IP NT Protocol Adapter for 32-bit Windows: Version 8.1.7.0.0 - Production
  Time: 02-ABR-2002 17:07:28
  Tracing not turned on.
  Tns error struct:
    nr err code: 0
    ns main err code: 12564
    TNS-12564: TNS:conexão recusada
    ns secondary err code: 0
    nt main err code: 0
    nt secondary err code: 0
    nt OS err code: 0


***********************************************************************
Fatal NI connect error 12560, connecting to:
 (DESCRIPTION=(ADDRESS=(PROTOCOL=BEQ)(PROGRAM=oracle)(ARGV0=oracleORCL)(ARGS='(DESCRIPTION=(LOCAL=YES)(ADDRESS=(PROTOCOL=beq)))'))(CONNECT_DATA=(SID=ORCL)(CID=(PROGRAM=C:\Arquivos de programas\Borland\Delphi5\Bin\delphi32.exe)(HOST=DESENV0004)(USER=desenv0004))))

  VERSION INFORMATION:
	TNS for 32-bit Windows: Version 8.1.7.0.0 - Production
	Oracle Bequeath NT Protocol Adapter for 32-bit Windows: Version 8.1.7.0.0 - Production
  Time: 02-ABR-2002 17:07:28
  Tracing not turned on.
  Tns error struct:
    nr err code: 0
    ns main err code: 12560
    TNS-12560: TNS:erro de adaptador de protocolo
    ns secondary err code: 0
    nt main err code: 530
    TNS-00530: Erro do adaptador de protocolo
    nt secondary err code: 126
    nt OS err code: 0


***********************************************************************
Fatal NI connect error 12505, connecting to:
 (DESCRIPTION=(ADDRESS=(PROTOCOL=TCP)(HOST=CMBD1)(PORT=1521))(CONNECT_DATA=(SID=SUPR)(CID=(PROGRAM=C:\Arquivos de programas\Borland\Delphi5\Bin\delphi32.exe)(HOST=DESENV0004)(USER=desenv0004))))

  VERSION INFORMATION:
	TNS for 32-bit Windows: Version 8.1.7.0.0 - Production
	Windows NT TCP/IP NT Protocol Adapter for 32-bit Windows: Version 8.1.7.0.0 - Production
  Time: 02-ABR-2002 17:07:28
  Tracing not turned on.
  Tns error struct:
    nr err code: 0
    ns main err code: 12564
    TNS-12564: TNS:conexão recusada
    ns secondary err code: 0
    nt main err code: 0
    nt secondary err code: 0
    nt OS err code: 0


***********************************************************************
Fatal NI connect error 12560, connecting to:
 (DESCRIPTION=(ADDRESS=(PROTOCOL=BEQ)(PROGRAM=oracle)(ARGV0=oracleORCL)(ARGS='(DESCRIPTION=(LOCAL=YES)(ADDRESS=(PROTOCOL=beq)))'))(CONNECT_DATA=(SID=ORCL)(CID=(PROGRAM=C:\Arquivos de programas\Borland\Delphi5\Bin\delphi32.exe)(HOST=DESENV0004)(USER=desenv0004))))

  VERSION INFORMATION:
	TNS for 32-bit Windows: Version 8.1.7.0.0 - Production
	Oracle Bequeath NT Protocol Adapter for 32-bit Windows: Version 8.1.7.0.0 - Production
  Time: 02-ABR-2002 17:07:28
  Tracing not turned on.
  Tns error struct:
    nr err code: 0
    ns main err code: 12560
    TNS-12560: TNS:erro de adaptador de protocolo
    ns secondary err code: 0
    nt main err code: 530
    TNS-00530: Erro do adaptador de protocolo
    nt secondary err code: 126
    nt OS err code: 0


***********************************************************************
Fatal NI connect error 12505, connecting to:
 (DESCRIPTION=(ADDRESS=(PROTOCOL=TCP)(HOST=CMBD1)(PORT=1521))(CONNECT_DATA=(SID=INT)(CID=(PROGRAM=C:\Arquivos de programas\Borland\Delphi5\Bin\delphi32.exe)(HOST=DESENV0004)(USER=desenv0004))))

  VERSION INFORMATION:
	TNS for 32-bit Windows: Version 8.1.7.0.0 - Production
	Windows NT TCP/IP NT Protocol Adapter for 32-bit Windows: Version 8.1.7.0.0 - Production
  Time: 02-ABR-2002 17:08:37
  Tracing not turned on.
  Tns error struct:
    nr err code: 0
    ns main err code: 12564
    TNS-12564: TNS:conexão recusada
    ns secondary err code: 0
    nt main err code: 0
    nt secondary err code: 0
    nt OS err code: 0


***********************************************************************
Fatal NI connect error 12560, connecting to:
 (DESCRIPTION=(ADDRESS=(PROTOCOL=BEQ)(PROGRAM=oracle)(ARGV0=oracleORCL)(ARGS='(DESCRIPTION=(LOCAL=YES)(ADDRESS=(PROTOCOL=beq)))'))(CONNECT_DATA=(SID=ORCL)(CID=(PROGRAM=C:\Arquivos de programas\Borland\Delphi5\Bin\delphi32.exe)(HOST=DESENV0004)(USER=desenv0004))))

  VERSION INFORMATION:
	TNS for 32-bit Windows: Version 8.1.7.0.0 - Production
	Oracle Bequeath NT Protocol Adapter for 32-bit Windows: Version 8.1.7.0.0 - Production
  Time: 02-ABR-2002 17:08:37
  Tracing not turned on.
  Tns error struct:
    nr err code: 0
    ns main err code: 12560
    TNS-12560: TNS:erro de adaptador de protocolo
    ns secondary err code: 0
    nt main err code: 530
    TNS-00530: Erro do adaptador de protocolo
    nt secondary err code: 126
    nt OS err code: 0


***********************************************************************
Fatal NI connect error 12505, connecting to:
 (DESCRIPTION=(ADDRESS=(PROTOCOL=TCP)(HOST=CMBD1)(PORT=1521))(CONNECT_DATA=(SID=INT)(CID=(PROGRAM=C:\Arquivos de programas\Borland\Delphi5\Bin\delphi32.exe)(HOST=DESENV0004)(USER=desenv0004))))

  VERSION INFORMATION:
	TNS for 32-bit Windows: Version 8.1.7.0.0 - Production
	Windows NT TCP/IP NT Protocol Adapter for 32-bit Windows: Version 8.1.7.0.0 - Production
  Time: 02-ABR-2002 17:08:37
  Tracing not turned on.
  Tns error struct:
    nr err code: 0
    ns main err code: 12564
    TNS-12564: TNS:conexão recusada
    ns secondary err code: 0
    nt main err code: 0
    nt secondary err code: 0
    nt OS err code: 0


***********************************************************************
Fatal NI connect error 12560, connecting to:
 (DESCRIPTION=(ADDRESS=(PROTOCOL=BEQ)(PROGRAM=oracle)(ARGV0=oracleORCL)(ARGS='(DESCRIPTION=(LOCAL=YES)(ADDRESS=(PROTOCOL=beq)))'))(CONNECT_DATA=(SID=ORCL)(CID=(PROGRAM=C:\Arquivos de programas\Borland\Delphi5\Bin\delphi32.exe)(HOST=DESENV0004)(USER=desenv0004))))

  VERSION INFORMATION:
	TNS for 32-bit Windows: Version 8.1.7.0.0 - Production
	Oracle Bequeath NT Protocol Adapter for 32-bit Windows: Version 8.1.7.0.0 - Production
  Time: 02-ABR-2002 17:08:37
  Tracing not turned on.
  Tns error struct:
    nr err code: 0
    ns main err code: 12560
    TNS-12560: TNS:erro de adaptador de protocolo
    ns secondary err code: 0
    nt main err code: 530
    TNS-00530: Erro do adaptador de protocolo
    nt secondary err code: 126
    nt OS err code: 0


***********************************************************************
Fatal NI connect error 12505, connecting to:
 (DESCRIPTION=(ADDRESS=(PROTOCOL=TCP)(HOST=CMBD1)(PORT=1521))(CONNECT_DATA=(SID=SUPR)(CID=(PROGRAM=C:\Arquivos de programas\Borland\Delphi5\Bin\delphi32.exe)(HOST=DESENV0004)(USER=desenv0004))))

  VERSION INFORMATION:
	TNS for 32-bit Windows: Version 8.1.7.0.0 - Production
	Windows NT TCP/IP NT Protocol Adapter for 32-bit Windows: Version 8.1.7.0.0 - Production
  Time: 02-ABR-2002 17:08:37
  Tracing not turned on.
  Tns error struct:
    nr err code: 0
    ns main err code: 12564
    TNS-12564: TNS:conexão recusada
    ns secondary err code: 0
    nt main err code: 0
    nt secondary err code: 0
    nt OS err code: 0


***********************************************************************
Fatal NI connect error 12560, connecting to:
 (DESCRIPTION=(ADDRESS=(PROTOCOL=BEQ)(PROGRAM=oracle)(ARGV0=oracleORCL)(ARGS='(DESCRIPTION=(LOCAL=YES)(ADDRESS=(PROTOCOL=beq)))'))(CONNECT_DATA=(SID=ORCL)(CID=(PROGRAM=C:\Arquivos de programas\Borland\Delphi5\Bin\delphi32.exe)(HOST=DESENV0004)(USER=desenv0004))))

  VERSION INFORMATION:
	TNS for 32-bit Windows: Version 8.1.7.0.0 - Production
	Oracle Bequeath NT Protocol Adapter for 32-bit Windows: Version 8.1.7.0.0 - Production
  Time: 02-ABR-2002 17:08:37
  Tracing not turned on.
  Tns error struct:
    nr err code: 0
    ns main err code: 12560
    TNS-12560: TNS:erro de adaptador de protocolo
    ns secondary err code: 0
    nt main err code: 530
    TNS-00530: Erro do adaptador de protocolo
    nt secondary err code: 126
    nt OS err code: 0


***********************************************************************
Fatal NI connect error 12505, connecting to:
 (DESCRIPTION=(ADDRESS=(PROTOCOL=TCP)(HOST=CMBD1)(PORT=1521))(CONNECT_DATA=(SID=INT)(CID=(PROGRAM=C:\Arquivos de programas\Borland\Delphi5\Bin\delphi32.exe)(HOST=DESENV0004)(USER=desenv0004))))

  VERSION INFORMATION:
	TNS for 32-bit Windows: Version 8.1.7.0.0 - Production
	Windows NT TCP/IP NT Protocol Adapter for 32-bit Windows: Version 8.1.7.0.0 - Production
  Time: 02-ABR-2002 17:09:36
  Tracing not turned on.
  Tns error struct:
    nr err code: 0
    ns main err code: 12564
    TNS-12564: TNS:conexão recusada
    ns secondary err code: 0
    nt main err code: 0
    nt secondary err code: 0
    nt OS err code: 0


***********************************************************************
Fatal NI connect error 12560, connecting to:
 (DESCRIPTION=(ADDRESS=(PROTOCOL=BEQ)(PROGRAM=oracle)(ARGV0=oracleORCL)(ARGS='(DESCRIPTION=(LOCAL=YES)(ADDRESS=(PROTOCOL=beq)))'))(CONNECT_DATA=(SID=ORCL)(CID=(PROGRAM=C:\Arquivos de programas\Borland\Delphi5\Bin\delphi32.exe)(HOST=DESENV0004)(USER=desenv0004))))

  VERSION INFORMATION:
	TNS for 32-bit Windows: Version 8.1.7.0.0 - Production
	Oracle Bequeath NT Protocol Adapter for 32-bit Windows: Version 8.1.7.0.0 - Production
  Time: 02-ABR-2002 17:09:36
  Tracing not turned on.
  Tns error struct:
    nr err code: 0
    ns main err code: 12560
    TNS-12560: TNS:erro de adaptador de protocolo
    ns secondary err code: 0
    nt main err code: 530
    TNS-00530: Erro do adaptador de protocolo
    nt secondary err code: 126
    nt OS err code: 0


***********************************************************************
Fatal NI connect error 12505, connecting to:
 (DESCRIPTION=(ADDRESS=(PROTOCOL=TCP)(HOST=CMBD1)(PORT=1521))(CONNECT_DATA=(SID=INT)(CID=(PROGRAM=C:\Arquivos de programas\Borland\Delphi5\Bin\delphi32.exe)(HOST=DESENV0004)(USER=desenv0004))))

  VERSION INFORMATION:
	TNS for 32-bit Windows: Version 8.1.7.0.0 - Production
	Windows NT TCP/IP NT Protocol Adapter for 32-bit Windows: Version 8.1.7.0.0 - Production
  Time: 02-ABR-2002 17:09:37
  Tracing not turned on.
  Tns error struct:
    nr err code: 0
    ns main err code: 12564
    TNS-12564: TNS:conexão recusada
    ns secondary err code: 0
    nt main err code: 0
    nt secondary err code: 0
    nt OS err code: 0


***********************************************************************
Fatal NI connect error 12560, connecting to:
 (DESCRIPTION=(ADDRESS=(PROTOCOL=BEQ)(PROGRAM=oracle)(ARGV0=oracleORCL)(ARGS='(DESCRIPTION=(LOCAL=YES)(ADDRESS=(PROTOCOL=beq)))'))(CONNECT_DATA=(SID=ORCL)(CID=(PROGRAM=C:\Arquivos de programas\Borland\Delphi5\Bin\delphi32.exe)(HOST=DESENV0004)(USER=desenv0004))))

  VERSION INFORMATION:
	TNS for 32-bit Windows: Version 8.1.7.0.0 - Production
	Oracle Bequeath NT Protocol Adapter for 32-bit Windows: Version 8.1.7.0.0 - Production
  Time: 02-ABR-2002 17:09:37
  Tracing not turned on.
  Tns error struct:
    nr err code: 0
    ns main err code: 12560
    TNS-12560: TNS:erro de adaptador de protocolo
    ns secondary err code: 0
    nt main err code: 530
    TNS-00530: Erro do adaptador de protocolo
    nt secondary err code: 126
    nt OS err code: 0


***********************************************************************
Fatal NI connect error 12505, connecting to:
 (DESCRIPTION=(ADDRESS=(PROTOCOL=TCP)(HOST=CMBD1)(PORT=1521))(CONNECT_DATA=(SID=SUPR)(CID=(PROGRAM=C:\Arquivos de programas\Borland\Delphi5\Bin\delphi32.exe)(HOST=DESENV0004)(USER=desenv0004))))

  VERSION INFORMATION:
	TNS for 32-bit Windows: Version 8.1.7.0.0 - Production
	Windows NT TCP/IP NT Protocol Adapter for 32-bit Windows: Version 8.1.7.0.0 - Production
  Time: 02-ABR-2002 17:09:37
  Tracing not turned on.
  Tns error struct:
    nr err code: 0
    ns main err code: 12564
    TNS-12564: TNS:conexão recusada
    ns secondary err code: 0
    nt main err code: 0
    nt secondary err code: 0
    nt OS err code: 0


***********************************************************************
Fatal NI connect error 12560, connecting to:
 (DESCRIPTION=(ADDRESS=(PROTOCOL=BEQ)(PROGRAM=oracle)(ARGV0=oracleORCL)(ARGS='(DESCRIPTION=(LOCAL=YES)(ADDRESS=(PROTOCOL=beq)))'))(CONNECT_DATA=(SID=ORCL)(CID=(PROGRAM=C:\Arquivos de programas\Borland\Delphi5\Bin\delphi32.exe)(HOST=DESENV0004)(USER=desenv0004))))

  VERSION INFORMATION:
	TNS for 32-bit Windows: Version 8.1.7.0.0 - Production
	Oracle Bequeath NT Protocol Adapter for 32-bit Windows: Version 8.1.7.0.0 - Production
  Time: 02-ABR-2002 17:09:37
  Tracing not turned on.
  Tns error struct:
    nr err code: 0
    ns main err code: 12560
    TNS-12560: TNS:erro de adaptador de protocolo
    ns secondary err code: 0
    nt main err code: 530
    TNS-00530: Erro do adaptador de protocolo
    nt secondary err code: 126
    nt OS err code: 0


***********************************************************************
Fatal NI connect error 12560, connecting to:
 (DESCRIPTION=(ADDRESS=(PROTOCOL=BEQ)(PROGRAM=oracle)(ARGV0=oracleORCL)(ARGS='(DESCRIPTION=(LOCAL=YES)(ADDRESS=(PROTOCOL=beq)))'))(CONNECT_DATA=(SID=ORCL)(CID=(PROGRAM=C:\Arquivos de programas\Borland\Delphi5\Bin\delphi32.exe)(HOST=DESENV0004)(USER=desenv0004))))

  VERSION INFORMATION:
	TNS for 32-bit Windows: Version 8.1.7.0.0 - Production
	Oracle Bequeath NT Protocol Adapter for 32-bit Windows: Version 8.1.7.0.0 - Production
  Time: 02-ABR-2002 17:11:01
  Tracing not turned on.
  Tns error struct:
    nr err code: 0
    ns main err code: 12560
    TNS-12560: TNS:erro de adaptador de protocolo
    ns secondary err code: 0
    nt main err code: 530
    TNS-00530: Erro do adaptador de protocolo
    nt secondary err code: 126
    nt OS err code: 0


***********************************************************************
Fatal NI connect error 12560, connecting to:
 (DESCRIPTION=(ADDRESS=(PROTOCOL=BEQ)(PROGRAM=oracle)(ARGV0=oracleORCL)(ARGS='(DESCRIPTION=(LOCAL=YES)(ADDRESS=(PROTOCOL=beq)))'))(CONNECT_DATA=(SID=ORCL)(CID=(PROGRAM=C:\Arquivos de programas\Borland\Delphi5\Bin\delphi32.exe)(HOST=DESENV0004)(USER=desenv0004))))

  VERSION INFORMATION:
	TNS for 32-bit Windows: Version 8.1.7.0.0 - Production
	Oracle Bequeath NT Protocol Adapter for 32-bit Windows: Version 8.1.7.0.0 - Production
  Time: 02-ABR-2002 17:11:02
  Tracing not turned on.
  Tns error struct:
    nr err code: 0
    ns main err code: 12560
    TNS-12560: TNS:erro de adaptador de protocolo
    ns secondary err code: 0
    nt main err code: 530
    TNS-00530: Erro do adaptador de protocolo
    nt secondary err code: 126
    nt OS err code: 0


***********************************************************************
Fatal NI connect error 12505, connecting to:
 (DESCRIPTION=(ADDRESS=(PROTOCOL=TCP)(HOST=CMBD1)(PORT=1521))(CONNECT_DATA=(SID=DES)(CID=(PROGRAM=C:\Arquivos de programas\Borland\Delphi5\Bin\delphi32.exe)(HOST=DESENV0004)(USER=desenv0004))))

  VERSION INFORMATION:
	TNS for 32-bit Windows: Version 8.1.7.0.0 - Production
	Windows NT TCP/IP NT Protocol Adapter for 32-bit Windows: Version 8.1.7.0.0 - Production
  Time: 03-ABR-2002 11:14:38
  Tracing not turned on.
  Tns error struct:
    nr err code: 0
    ns main err code: 12564
    TNS-12564: TNS:conexão recusada
    ns secondary err code: 0
    nt main err code: 0
    nt secondary err code: 0
    nt OS err code: 0


***********************************************************************
Fatal NI connect error 12560, connecting to:
 (DESCRIPTION=(ADDRESS=(PROTOCOL=BEQ)(PROGRAM=oracle)(ARGV0=oracleORCL)(ARGS='(DESCRIPTION=(LOCAL=YES)(ADDRESS=(PROTOCOL=beq)))'))(CONNECT_DATA=(SID=ORCL)(CID=(PROGRAM=C:\Arquivos de programas\Borland\Delphi5\Bin\delphi32.exe)(HOST=DESENV0004)(USER=desenv0004))))

  VERSION INFORMATION:
	TNS for 32-bit Windows: Version 8.1.7.0.0 - Production
	Oracle Bequeath NT Protocol Adapter for 32-bit Windows: Version 8.1.7.0.0 - Production
  Time: 03-ABR-2002 11:14:38
  Tracing not turned on.
  Tns error struct:
    nr err code: 0
    ns main err code: 12560
    TNS-12560: TNS:erro de adaptador de protocolo
    ns secondary err code: 0
    nt main err code: 530
    TNS-00530: Erro do adaptador de protocolo
    nt secondary err code: 126
    nt OS err code: 0


***********************************************************************
Fatal NI connect error 12505, connecting to:
 (DESCRIPTION=(ADDRESS=(PROTOCOL=TCP)(HOST=CMBD1)(PORT=1521))(CONNECT_DATA=(SID=DES)(CID=(PROGRAM=C:\Arquivos de programas\Borland\Delphi5\Bin\delphi32.exe)(HOST=DESENV0004)(USER=desenv0004))))

  VERSION INFORMATION:
	TNS for 32-bit Windows: Version 8.1.7.0.0 - Production
	Windows NT TCP/IP NT Protocol Adapter for 32-bit Windows: Version 8.1.7.0.0 - Production
  Time: 12-MAI-2002 11:59:59
  Tracing not turned on.
  Tns error struct:
    nr err code: 0
    ns main err code: 12564
    TNS-12564: TNS:conexão recusada
    ns secondary err code: 0
    nt main err code: 0
    nt secondary err code: 0
    nt OS err code: 0


***********************************************************************
Fatal NI connect error 12560, connecting to:
 (DESCRIPTION=(ADDRESS=(PROTOCOL=BEQ)(PROGRAM=oracle)(ARGV0=oracleORCL)(ARGS='(DESCRIPTION=(LOCAL=YES)(ADDRESS=(PROTOCOL=beq)))'))(CONNECT_DATA=(SID=ORCL)(CID=(PROGRAM=C:\Arquivos de programas\Borland\Delphi5\Bin\delphi32.exe)(HOST=DESENV0004)(USER=desenv0004))))

  VERSION INFORMATION:
	TNS for 32-bit Windows: Version 8.1.7.0.0 - Production
	Oracle Bequeath NT Protocol Adapter for 32-bit Windows: Version 8.1.7.0.0 - Production
  Time: 12-MAI-2002 11:59:59
  Tracing not turned on.
  Tns error struct:
    nr err code: 0
    ns main err code: 12560
    TNS-12560: TNS:erro de adaptador de protocolo
    ns secondary err code: 0
    nt main err code: 530
    TNS-00530: Erro do adaptador de protocolo
    nt secondary err code: 126
    nt OS err code: 0


***********************************************************************
Fatal NI connect error 12545, connecting to:
 (DESCRIPTION=(ADDRESS=(PROTOCOL=TCP)(HOST=CMBD1)(PORT=1521))(CONNECT_DATA=(SID=DES)(CID=(PROGRAM=C:\Arquivos de programas\Borland\Delphi5\Bin\delphi32.exe)(HOST=DESENV0004)(USER=desenv0004))))

  VERSION INFORMATION:
	TNS for 32-bit Windows: Version 8.1.7.0.0 - Production
	Windows NT TCP/IP NT Protocol Adapter for 32-bit Windows: Version 8.1.7.0.0 - Production
  Time: 03-AGO-2002 13:07:36
  Tracing not turned on.
  Tns error struct:
    nr err code: 0
    ns main err code: 12545
    TNS-12545: A conexão falhou porque o objeto ou host de destino não existe
    ns secondary err code: 12560
    nt main err code: 515
    TNS-00515: A conexão falhou porque o objeto ou host de destino não existe
    nt secondary err code: 1001
    nt OS err code: 0


***********************************************************************
Fatal NI connect error 12560, connecting to:
 (DESCRIPTION=(ADDRESS=(PROTOCOL=BEQ)(PROGRAM=oracle)(ARGV0=oracleORCL)(ARGS='(DESCRIPTION=(LOCAL=YES)(ADDRESS=(PROTOCOL=beq)))'))(CONNECT_DATA=(SID=ORCL)(CID=(PROGRAM=C:\Arquivos de programas\Borland\Delphi5\Bin\delphi32.exe)(HOST=DESENV0004)(USER=desenv0004))))

  VERSION INFORMATION:
	TNS for 32-bit Windows: Version 8.1.7.0.0 - Production
	Oracle Bequeath NT Protocol Adapter for 32-bit Windows: Version 8.1.7.0.0 - Production
  Time: 03-AGO-2002 13:07:36
  Tracing not turned on.
  Tns error struct:
    nr err code: 0
    ns main err code: 12560
    TNS-12560: TNS:erro de adaptador de protocolo
    ns secondary err code: 0
    nt main err code: 530
    TNS-00530: Erro do adaptador de protocolo
    nt secondary err code: 126
    nt OS err code: 0


***********************************************************************
Fatal NI connect error 12545, connecting to:
 (DESCRIPTION=(ADDRESS=(PROTOCOL=TCP)(HOST=CMBD1)(PORT=1521))(CONNECT_DATA=(SID=DES)(CID=(PROGRAM=C:\Arquivos de programas\Borland\Delphi5\Bin\delphi32.exe)(HOST=DESENV0004)(USER=desenv0004))))

  VERSION INFORMATION:
	TNS for 32-bit Windows: Version 8.1.7.0.0 - Production
	Windows NT TCP/IP NT Protocol Adapter for 32-bit Windows: Version 8.1.7.0.0 - Production
  Time: 03-AGO-2002 13:07:39
  Tracing not turned on.
  Tns error struct:
    nr err code: 0
    ns main err code: 12545
    TNS-12545: A conexão falhou porque o objeto ou host de destino não existe
    ns secondary err code: 12560
    nt main err code: 515
    TNS-00515: A conexão falhou porque o objeto ou host de destino não existe
    nt secondary err code: 1001
    nt OS err code: 0


***********************************************************************
Fatal NI connect error 12560, connecting to:
 (DESCRIPTION=(ADDRESS=(PROTOCOL=BEQ)(PROGRAM=oracle)(ARGV0=oracleORCL)(ARGS='(DESCRIPTION=(LOCAL=YES)(ADDRESS=(PROTOCOL=beq)))'))(CONNECT_DATA=(SID=ORCL)(CID=(PROGRAM=C:\Arquivos de programas\Borland\Delphi5\Bin\delphi32.exe)(HOST=DESENV0004)(USER=desenv0004))))

  VERSION INFORMATION:
	TNS for 32-bit Windows: Version 8.1.7.0.0 - Production
	Oracle Bequeath NT Protocol Adapter for 32-bit Windows: Version 8.1.7.0.0 - Production
  Time: 03-AGO-2002 13:07:39
  Tracing not turned on.
  Tns error struct:
    nr err code: 0
    ns main err code: 12560
    TNS-12560: TNS:erro de adaptador de protocolo
    ns secondary err code: 0
    nt main err code: 530
    TNS-00530: Erro do adaptador de protocolo
    nt secondary err code: 126
    nt OS err code: 0


***********************************************************************
Fatal NI connect error 12545, connecting to:
 (DESCRIPTION=(ADDRESS=(PROTOCOL=TCP)(HOST=CMBD1)(PORT=1521))(CONNECT_DATA=(SID=DES)(CID=(PROGRAM=C:\Arquivos de programas\Borland\Delphi5\Bin\delphi32.exe)(HOST=DESENV0004)(USER=desenv0004))))

  VERSION INFORMATION:
	TNS for 32-bit Windows: Version 8.1.7.0.0 - Production
	Windows NT TCP/IP NT Protocol Adapter for 32-bit Windows: Version 8.1.7.0.0 - Production
  Time: 03-AGO-2002 13:07:41
  Tracing not turned on.
  Tns error struct:
    nr err code: 0
    ns main err code: 12545
    TNS-12545: A conexão falhou porque o objeto ou host de destino não existe
    ns secondary err code: 12560
    nt main err code: 515
    TNS-00515: A conexão falhou porque o objeto ou host de destino não existe
    nt secondary err code: 1001
    nt OS err code: 0


***********************************************************************
Fatal NI connect error 12560, connecting to:
 (DESCRIPTION=(ADDRESS=(PROTOCOL=BEQ)(PROGRAM=oracle)(ARGV0=oracleORCL)(ARGS='(DESCRIPTION=(LOCAL=YES)(ADDRESS=(PROTOCOL=beq)))'))(CONNECT_DATA=(SID=ORCL)(CID=(PROGRAM=C:\Arquivos de programas\Borland\Delphi5\Bin\delphi32.exe)(HOST=DESENV0004)(USER=desenv0004))))

  VERSION INFORMATION:
	TNS for 32-bit Windows: Version 8.1.7.0.0 - Production
	Oracle Bequeath NT Protocol Adapter for 32-bit Windows: Version 8.1.7.0.0 - Production
  Time: 03-AGO-2002 13:07:41
  Tracing not turned on.
  Tns error struct:
    nr err code: 0
    ns main err code: 12560
    TNS-12560: TNS:erro de adaptador de protocolo
    ns secondary err code: 0
    nt main err code: 530
    TNS-00530: Erro do adaptador de protocolo
    nt secondary err code: 126
    nt OS err code: 0


***********************************************************************
Fatal NI connect error 12545, connecting to:
 (DESCRIPTION=(ADDRESS=(PROTOCOL=TCP)(HOST=CMBD1)(PORT=1521))(CONNECT_DATA=(SID=DES)(CID=(PROGRAM=C:\Arquivos de programas\Borland\Delphi5\Bin\delphi32.exe)(HOST=DESENV0004)(USER=desenv0004))))

  VERSION INFORMATION:
	TNS for 32-bit Windows: Version 8.1.7.0.0 - Production
	Windows NT TCP/IP NT Protocol Adapter for 32-bit Windows: Version 8.1.7.0.0 - Production
  Time: 03-AGO-2002 13:07:43
  Tracing not turned on.
  Tns error struct:
    nr err code: 0
    ns main err code: 12545
    TNS-12545: A conexão falhou porque o objeto ou host de destino não existe
    ns secondary err code: 12560
    nt main err code: 515
    TNS-00515: A conexão falhou porque o objeto ou host de destino não existe
    nt secondary err code: 1001
    nt OS err code: 0


***********************************************************************
Fatal NI connect error 12560, connecting to:
 (DESCRIPTION=(ADDRESS=(PROTOCOL=BEQ)(PROGRAM=oracle)(ARGV0=oracleORCL)(ARGS='(DESCRIPTION=(LOCAL=YES)(ADDRESS=(PROTOCOL=beq)))'))(CONNECT_DATA=(SID=ORCL)(CID=(PROGRAM=C:\Arquivos de programas\Borland\Delphi5\Bin\delphi32.exe)(HOST=DESENV0004)(USER=desenv0004))))

  VERSION INFORMATION:
	TNS for 32-bit Windows: Version 8.1.7.0.0 - Production
	Oracle Bequeath NT Protocol Adapter for 32-bit Windows: Version 8.1.7.0.0 - Production
  Time: 03-AGO-2002 13:07:43
  Tracing not turned on.
  Tns error struct:
    nr err code: 0
    ns main err code: 12560
    TNS-12560: TNS:erro de adaptador de protocolo
    ns secondary err code: 0
    nt main err code: 530
    TNS-00530: Erro do adaptador de protocolo
    nt secondary err code: 126
    nt OS err code: 0


***********************************************************************
Fatal NI connect error 12545, connecting to:
 (DESCRIPTION=(ADDRESS=(PROTOCOL=TCP)(HOST=CMBD1)(PORT=1521))(CONNECT_DATA=(SID=DES)(CID=(PROGRAM=C:\Arquivos de programas\Borland\Delphi5\Bin\delphi32.exe)(HOST=DESENV0004)(USER=desenv0004))))

  VERSION INFORMATION:
	TNS for 32-bit Windows: Version 8.1.7.0.0 - Production
	Windows NT TCP/IP NT Protocol Adapter for 32-bit Windows: Version 8.1.7.0.0 - Production
  Time: 03-AGO-2002 13:07:46
  Tracing not turned on.
  Tns error struct:
    nr err code: 0
    ns main err code: 12545
    TNS-12545: A conexão falhou porque o objeto ou host de destino não existe
    ns secondary err code: 12560
    nt main err code: 515
    TNS-00515: A conexão falhou porque o objeto ou host de destino não existe
    nt secondary err code: 1001
    nt OS err code: 0


***********************************************************************
Fatal NI connect error 12560, connecting to:
 (DESCRIPTION=(ADDRESS=(PROTOCOL=BEQ)(PROGRAM=oracle)(ARGV0=oracleORCL)(ARGS='(DESCRIPTION=(LOCAL=YES)(ADDRESS=(PROTOCOL=beq)))'))(CONNECT_DATA=(SID=ORCL)(CID=(PROGRAM=C:\Arquivos de programas\Borland\Delphi5\Bin\delphi32.exe)(HOST=DESENV0004)(USER=desenv0004))))

  VERSION INFORMATION:
	TNS for 32-bit Windows: Version 8.1.7.0.0 - Production
	Oracle Bequeath NT Protocol Adapter for 32-bit Windows: Version 8.1.7.0.0 - Production
  Time: 03-AGO-2002 13:07:46
  Tracing not turned on.
  Tns error struct:
    nr err code: 0
    ns main err code: 12560
    TNS-12560: TNS:erro de adaptador de protocolo
    ns secondary err code: 0
    nt main err code: 530
    TNS-00530: Erro do adaptador de protocolo
    nt secondary err code: 126
    nt OS err code: 0


***********************************************************************
Fatal NI connect error 12545, connecting to:
 (DESCRIPTION=(ADDRESS=(PROTOCOL=TCP)(HOST=CMBD1)(PORT=1521))(CONNECT_DATA=(SID=DES)(CID=(PROGRAM=C:\Arquivos de programas\Borland\Delphi5\Bin\delphi32.exe)(HOST=DESENV0004)(USER=desenv0004))))

  VERSION INFORMATION:
	TNS for 32-bit Windows: Version 8.1.7.0.0 - Production
	Windows NT TCP/IP NT Protocol Adapter for 32-bit Windows: Version 8.1.7.0.0 - Production
  Time: 03-AGO-2002 13:07:48
  Tracing not turned on.
  Tns error struct:
    nr err code: 0
    ns main err code: 12545
    TNS-12545: A conexão falhou porque o objeto ou host de destino não existe
    ns secondary err code: 12560
    nt main err code: 515
    TNS-00515: A conexão falhou porque o objeto ou host de destino não existe
    nt secondary err code: 1001
    nt OS err code: 0


***********************************************************************
Fatal NI connect error 12560, connecting to:
 (DESCRIPTION=(ADDRESS=(PROTOCOL=BEQ)(PROGRAM=oracle)(ARGV0=oracleORCL)(ARGS='(DESCRIPTION=(LOCAL=YES)(ADDRESS=(PROTOCOL=beq)))'))(CONNECT_DATA=(SID=ORCL)(CID=(PROGRAM=C:\Arquivos de programas\Borland\Delphi5\Bin\delphi32.exe)(HOST=DESENV0004)(USER=desenv0004))))

  VERSION INFORMATION:
	TNS for 32-bit Windows: Version 8.1.7.0.0 - Production
	Oracle Bequeath NT Protocol Adapter for 32-bit Windows: Version 8.1.7.0.0 - Production
  Time: 03-AGO-2002 13:07:48
  Tracing not turned on.
  Tns error struct:
    nr err code: 0
    ns main err code: 12560
    TNS-12560: TNS:erro de adaptador de protocolo
    ns secondary err code: 0
    nt main err code: 530
    TNS-00530: Erro do adaptador de protocolo
    nt secondary err code: 126
    nt OS err code: 0


***********************************************************************
Fatal NI connect error 12545, connecting to:
 (DESCRIPTION=(ADDRESS=(PROTOCOL=TCP)(HOST=CMBD1)(PORT=1521))(CONNECT_DATA=(SID=DES)(CID=(PROGRAM=C:\Arquivos de programas\Borland\Delphi5\Bin\delphi32.exe)(HOST=DESENV0004)(USER=desenv0004))))

  VERSION INFORMATION:
	TNS for 32-bit Windows: Version 8.1.7.0.0 - Production
	Windows NT TCP/IP NT Protocol Adapter for 32-bit Windows: Version 8.1.7.0.0 - Production
  Time: 03-AGO-2002 13:07:50
  Tracing not turned on.
  Tns error struct:
    nr err code: 0
    ns main err code: 12545
    TNS-12545: A conexão falhou porque o objeto ou host de destino não existe
    ns secondary err code: 12560
    nt main err code: 515
    TNS-00515: A conexão falhou porque o objeto ou host de destino não existe
    nt secondary err code: 1001
    nt OS err code: 0


***********************************************************************
Fatal NI connect error 12560, connecting to:
 (DESCRIPTION=(ADDRESS=(PROTOCOL=BEQ)(PROGRAM=oracle)(ARGV0=oracleORCL)(ARGS='(DESCRIPTION=(LOCAL=YES)(ADDRESS=(PROTOCOL=beq)))'))(CONNECT_DATA=(SID=ORCL)(CID=(PROGRAM=C:\Arquivos de programas\Borland\Delphi5\Bin\delphi32.exe)(HOST=DESENV0004)(USER=desenv0004))))

  VERSION INFORMATION:
	TNS for 32-bit Windows: Version 8.1.7.0.0 - Production
	Oracle Bequeath NT Protocol Adapter for 32-bit Windows: Version 8.1.7.0.0 - Production
  Time: 03-AGO-2002 13:07:50
  Tracing not turned on.
  Tns error struct:
    nr err code: 0
    ns main err code: 12560
    TNS-12560: TNS:erro de adaptador de protocolo
    ns secondary err code: 0
    nt main err code: 530
    TNS-00530: Erro do adaptador de protocolo
    nt secondary err code: 126
    nt OS err code: 0


***********************************************************************
Fatal NI connect error 12545, connecting to:
 (DESCRIPTION=(ADDRESS=(PROTOCOL=TCP)(HOST=CMBD1)(PORT=1521))(CONNECT_DATA=(SID=DES)(CID=(PROGRAM=C:\Arquivos de programas\Borland\Delphi5\Bin\delphi32.exe)(HOST=DESENV0004)(USER=desenv0004))))

  VERSION INFORMATION:
	TNS for 32-bit Windows: Version 8.1.7.0.0 - Production
	Windows NT TCP/IP NT Protocol Adapter for 32-bit Windows: Version 8.1.7.0.0 - Production
  Time: 25-SET-2002 14:09:01
  Tracing not turned on.
  Tns error struct:
    nr err code: 0
    ns main err code: 12545
    TNS-12545: A conexão falhou porque o objeto ou host de destino não existe
    ns secondary err code: 12560
    nt main err code: 515
    TNS-00515: A conexão falhou porque o objeto ou host de destino não existe
    nt secondary err code: 1001
    nt OS err code: 0


***********************************************************************
Fatal NI connect error 12560, connecting to:
 (DESCRIPTION=(ADDRESS=(PROTOCOL=BEQ)(PROGRAM=oracle)(ARGV0=oracleORCL)(ARGS='(DESCRIPTION=(LOCAL=YES)(ADDRESS=(PROTOCOL=beq)))'))(CONNECT_DATA=(SID=ORCL)(CID=(PROGRAM=C:\Arquivos de programas\Borland\Delphi5\Bin\delphi32.exe)(HOST=DESENV0004)(USER=desenv0004))))

  VERSION INFORMATION:
	TNS for 32-bit Windows: Version 8.1.7.0.0 - Production
	Oracle Bequeath NT Protocol Adapter for 32-bit Windows: Version 8.1.7.0.0 - Production
  Time: 25-SET-2002 14:09:01
  Tracing not turned on.
  Tns error struct:
    nr err code: 0
    ns main err code: 12560
    TNS-12560: TNS:erro de adaptador de protocolo
    ns secondary err code: 0
    nt main err code: 530
    TNS-00530: Erro do adaptador de protocolo
    nt secondary err code: 126
    nt OS err code: 0


***********************************************************************
Fatal NI connect error 12545, connecting to:
 (DESCRIPTION=(ADDRESS=(PROTOCOL=TCP)(HOST=CMBD1)(PORT=1521))(CONNECT_DATA=(SID=DES)(CID=(PROGRAM=C:\Arquivos de programas\Borland\Delphi5\Bin\delphi32.exe)(HOST=DESENV0004)(USER=desenv0004))))

  VERSION INFORMATION:
	TNS for 32-bit Windows: Version 8.1.7.0.0 - Production
	Windows NT TCP/IP NT Protocol Adapter for 32-bit Windows: Version 8.1.7.0.0 - Production
  Time: 16-NOV-2002 12:08:23
  Tracing not turned on.
  Tns error struct:
    nr err code: 0
    ns main err code: 12545
    TNS-12545: A conexão falhou porque o objeto ou host de destino não existe
    ns secondary err code: 12560
    nt main err code: 515
    TNS-00515: A conexão falhou porque o objeto ou host de destino não existe
    nt secondary err code: 1001
    nt OS err code: 0


***********************************************************************
Fatal NI connect error 12560, connecting to:
 (DESCRIPTION=(ADDRESS=(PROTOCOL=BEQ)(PROGRAM=oracle)(ARGV0=oracleORCL)(ARGS='(DESCRIPTION=(LOCAL=YES)(ADDRESS=(PROTOCOL=beq)))'))(CONNECT_DATA=(SID=ORCL)(CID=(PROGRAM=C:\Arquivos de programas\Borland\Delphi5\Bin\delphi32.exe)(HOST=DESENV0004)(USER=desenv0004))))

  VERSION INFORMATION:
	TNS for 32-bit Windows: Version 8.1.7.0.0 - Production
	Oracle Bequeath NT Protocol Adapter for 32-bit Windows: Version 8.1.7.0.0 - Production
  Time: 16-NOV-2002 12:08:27
  Tracing not turned on.
  Tns error struct:
    nr err code: 0
    ns main err code: 12560
    TNS-12560: TNS:erro de adaptador de protocolo
    ns secondary err code: 0
    nt main err code: 530
    TNS-00530: Erro do adaptador de protocolo
    nt secondary err code: 126
    nt OS err code: 0


***********************************************************************
Fatal NI connect error 12203, connecting to:
 (DESCRIPTION=(ADDRESS_LIST=(ADDRESS=(PROTOCOL=BEQ)(PROGRAM=oracle80)(ARGV0=oracle80ORCL)(ARGS='(DESCRIPTION=(LOCAL=YES)(ADDRESS=(PROTOCOL=beq)))')))(CONNECT_DATA=(SID=ORCL)(CID=(PROGRAM=C:\Arquivos de programas\Borland\Delphi5\Bin\delphi32.exe)(HOST=CBS102)(USER=CM))))

  VERSION INFORMATION:
	TNS for 32-bit Windows: Version 8.0.5.0.0 - Production
	Oracle Bequeath NT Protocol Adapter for 32-bit Windows: Version 8.0.5.0.0 - Production
  Time: 19-NOV-02 09:56:13
  Tracing not turned on.
  Tns error struct:
    nr err code: 12203
    TNS-12203: TNS:não é possível estabelecer conexão com o destino
    ns main err code: 12560
    TNS-12560: TNS:erro do adaptador de protocolo
    ns secondary err code: 0
    nt main err code: 530
    TNS-00530: Erro do adaptador de protocolo
    nt secondary err code: 0
    nt OS err code: 0


***********************************************************************
Fatal NI connect error 12203, connecting to:
 (DESCRIPTION=(ADDRESS_LIST=(ADDRESS=(PROTOCOL=BEQ)(PROGRAM=oracle80)(ARGV0=oracle80ORCL)(ARGS='(DESCRIPTION=(LOCAL=YES)(ADDRESS=(PROTOCOL=beq)))')))(CONNECT_DATA=(SID=ORCL)(CID=(PROGRAM=C:\Arquivos de programas\Borland\Delphi5\Bin\delphi32.exe)(HOST=CBS102)(USER=CM))))

  VERSION INFORMATION:
	TNS for 32-bit Windows: Version 8.0.5.0.0 - Production
	Oracle Bequeath NT Protocol Adapter for 32-bit Windows: Version 8.0.5.0.0 - Production
  Time: 19-NOV-02 10:02:11
  Tracing not turned on.
  Tns error struct:
    nr err code: 12203
    TNS-12203: TNS:não é possível estabelecer conexão com o destino
    ns main err code: 12560
    TNS-12560: TNS:erro do adaptador de protocolo
    ns secondary err code: 0
    nt main err code: 530
    TNS-00530: Erro do adaptador de protocolo
    nt secondary err code: 0
    nt OS err code: 0


***********************************************************************
Fatal NI connect error 12203, connecting to:
 (DESCRIPTION=(ADDRESS_LIST=(ADDRESS=(PROTOCOL=BEQ)(PROGRAM=oracle80)(ARGV0=oracle80ORCL)(ARGS='(DESCRIPTION=(LOCAL=YES)(ADDRESS=(PROTOCOL=beq)))')))(CONNECT_DATA=(SID=ORCL)(CID=(PROGRAM=C:\Arquivos de programas\Borland\Delphi5\Bin\delphi32.exe)(HOST=CBS102)(USER=CM))))

  VERSION INFORMATION:
	TNS for 32-bit Windows: Version 8.0.5.0.0 - Production
	Oracle Bequeath NT Protocol Adapter for 32-bit Windows: Version 8.0.5.0.0 - Production
  Time: 19-NOV-02 10:26:52
  Tracing not turned on.
  Tns error struct:
    nr err code: 12203
    TNS-12203: TNS:não é possível estabelecer conexão com o destino
    ns main err code: 12560
    TNS-12560: TNS:erro do adaptador de protocolo
    ns secondary err code: 0
    nt main err code: 530
    TNS-00530: Erro do adaptador de protocolo
    nt secondary err code: 0
    nt OS err code: 0


***********************************************************************
Fatal NI connect error 12545, connecting to:
 (DESCRIPTION=(ADDRESS=(PROTOCOL=TCP)(HOST=CMBD1)(PORT=1521))(CONNECT_DATA=(SID=DES)(CID=(PROGRAM=C:\Arquivos de programas\Borland\Delphi5\Bin\delphi32.exe)(HOST=DESENV0004)(USER=desenv0004))))

  VERSION INFORMATION:
	TNS for 32-bit Windows: Version 8.1.7.0.0 - Production
	Windows NT TCP/IP NT Protocol Adapter for 32-bit Windows: Version 8.1.7.0.0 - Production
  Time: 03-DEZ-2002 17:18:59
  Tracing not turned on.
  Tns error struct:
    nr err code: 0
    ns main err code: 12545
    TNS-12545: A conexão falhou porque o objeto ou host de destino não existe
    ns secondary err code: 12560
    nt main err code: 515
    TNS-00515: A conexão falhou porque o objeto ou host de destino não existe
    nt secondary err code: 1001
    nt OS err code: 0


***********************************************************************
Fatal NI connect error 12560, connecting to:
 (DESCRIPTION=(ADDRESS=(PROTOCOL=BEQ)(PROGRAM=oracle)(ARGV0=oracleORCL)(ARGS='(DESCRIPTION=(LOCAL=YES)(ADDRESS=(PROTOCOL=beq)))'))(CONNECT_DATA=(SID=ORCL)(CID=(PROGRAM=C:\Arquivos de programas\Borland\Delphi5\Bin\delphi32.exe)(HOST=DESENV0004)(USER=desenv0004))))

  VERSION INFORMATION:
	TNS for 32-bit Windows: Version 8.1.7.0.0 - Production
	Oracle Bequeath NT Protocol Adapter for 32-bit Windows: Version 8.1.7.0.0 - Production
  Time: 03-DEZ-2002 17:19:01
  Tracing not turned on.
  Tns error struct:
    nr err code: 0
    ns main err code: 12560
    TNS-12560: TNS:erro de adaptador de protocolo
    ns secondary err code: 0
    nt main err code: 530
    TNS-00530: Erro do adaptador de protocolo
    nt secondary err code: 126
    nt OS err code: 0


***********************************************************************
Fatal NI connect error 12545, connecting to:
 (DESCRIPTION=(ADDRESS=(PROTOCOL=TCP)(HOST=CMBD1)(PORT=1521))(CONNECT_DATA=(SID=DES)(CID=(PROGRAM=C:\Arquivos de programas\Borland\Delphi5\Bin\delphi32.exe)(HOST=DESENV0004)(USER=desenv0004))))

  VERSION INFORMATION:
	TNS for 32-bit Windows: Version 8.1.7.0.0 - Production
	Windows NT TCP/IP NT Protocol Adapter for 32-bit Windows: Version 8.1.7.0.0 - Production
  Time: 06-DEZ-2002 14:22:15
  Tracing not turned on.
  Tns error struct:
    nr err code: 0
    ns main err code: 12545
    TNS-12545: A conexão falhou porque o objeto ou host de destino não existe
    ns secondary err code: 12560
    nt main err code: 515
    TNS-00515: A conexão falhou porque o objeto ou host de destino não existe
    nt secondary err code: 1001
    nt OS err code: 0


***********************************************************************
Fatal NI connect error 12560, connecting to:
 (DESCRIPTION=(ADDRESS=(PROTOCOL=BEQ)(PROGRAM=oracle)(ARGV0=oracleORCL)(ARGS='(DESCRIPTION=(LOCAL=YES)(ADDRESS=(PROTOCOL=beq)))'))(CONNECT_DATA=(SID=ORCL)(CID=(PROGRAM=C:\Arquivos de programas\Borland\Delphi5\Bin\delphi32.exe)(HOST=DESENV0004)(USER=desenv0004))))

  VERSION INFORMATION:
	TNS for 32-bit Windows: Version 8.1.7.0.0 - Production
	Oracle Bequeath NT Protocol Adapter for 32-bit Windows: Version 8.1.7.0.0 - Production
  Time: 06-DEZ-2002 14:22:17
  Tracing not turned on.
  Tns error struct:
    nr err code: 0
    ns main err code: 12560
    TNS-12560: TNS:erro de adaptador de protocolo
    ns secondary err code: 0
    nt main err code: 530
    TNS-00530: Erro do adaptador de protocolo
    nt secondary err code: 126
    nt OS err code: 0


***********************************************************************
Fatal NI connect error 12203, connecting to:
 (DESCRIPTION=(ADDRESS_LIST=(ADDRESS=(PROTOCOL=BEQ)(PROGRAM=oracle80)(ARGV0=oracle80ORCL)(ARGS='(DESCRIPTION=(LOCAL=YES)(ADDRESS=(PROTOCOL=beq)))')))(CONNECT_DATA=(SID=ORCL)(CID=(PROGRAM=C:\Arquivos de programas\Borland\Delphi5\Bin\delphi32.exe)(HOST=CBS102)(USER=CM))))

  VERSION INFORMATION:
	TNS for 32-bit Windows: Version 8.0.5.0.0 - Production
	Oracle Bequeath NT Protocol Adapter for 32-bit Windows: Version 8.0.5.0.0 - Production
  Time: 09-DEZ-02 19:17:32
  Tracing not turned on.
  Tns error struct:
    nr err code: 12203
    TNS-12203: TNS:não é possível estabelecer conexão com o destino
    ns main err code: 12560
    TNS-12560: TNS:erro do adaptador de protocolo
    ns secondary err code: 0
    nt main err code: 530
    TNS-00530: Erro do adaptador de protocolo
    nt secondary err code: 0
    nt OS err code: 0


***********************************************************************
Fatal NI connect error 12203, connecting to:
 (DESCRIPTION=(ADDRESS_LIST=(ADDRESS=(PROTOCOL=BEQ)(PROGRAM=oracle80)(ARGV0=oracle80ORCL)(ARGS='(DESCRIPTION=(LOCAL=YES)(ADDRESS=(PROTOCOL=beq)))')))(CONNECT_DATA=(SID=ORCL)(CID=(PROGRAM=C:\Arquivos de programas\Borland\Delphi5\Bin\delphi32.exe)(HOST=CBS102)(USER=CM))))

  VERSION INFORMATION:
	TNS for 32-bit Windows: Version 8.0.5.0.0 - Production
	Oracle Bequeath NT Protocol Adapter for 32-bit Windows: Version 8.0.5.0.0 - Production
  Time: 12-DEZ-02 08:55:18
  Tracing not turned on.
  Tns error struct:
    nr err code: 12203
    TNS-12203: TNS:não é possível estabelecer conexão com o destino
    ns main err code: 12560
    TNS-12560: TNS:erro do adaptador de protocolo
    ns secondary err code: 0
    nt main err code: 530
    TNS-00530: Erro do adaptador de protocolo
    nt secondary err code: 0
    nt OS err code: 0


***********************************************************************
Fatal NI connect error 12203, connecting to:
 (DESCRIPTION=(ADDRESS_LIST=(ADDRESS=(PROTOCOL=BEQ)(PROGRAM=oracle80)(ARGV0=oracle80ORCL)(ARGS='(DESCRIPTION=(LOCAL=YES)(ADDRESS=(PROTOCOL=beq)))')))(CONNECT_DATA=(SID=ORCL)(CID=(PROGRAM=C:\Arquivos de programas\Borland\Delphi5\Bin\delphi32.exe)(HOST=CBS102)(USER=CM))))

  VERSION INFORMATION:
	TNS for 32-bit Windows: Version 8.0.5.0.0 - Production
	Oracle Bequeath NT Protocol Adapter for 32-bit Windows: Version 8.0.5.0.0 - Production
  Time: 11-FEV-03 16:36:04
  Tracing not turned on.
  Tns error struct:
    nr err code: 12203
    TNS-12203: TNS:não é possível estabelecer conexão com o destino
    ns main err code: 12560
    TNS-12560: TNS:erro do adaptador de protocolo
    ns secondary err code: 0
    nt main err code: 530
    TNS-00530: Erro do adaptador de protocolo
    nt secondary err code: 0
    nt OS err code: 0


***********************************************************************
Fatal NI connect error 12545, connecting to:
 (DESCRIPTION=(ADDRESS=(PROTOCOL=TCP)(HOST=CMBD1)(PORT=1521))(CONNECT_DATA=(SID=DES)(CID=(PROGRAM=C:\Arquivos de programas\Borland\Delphi5\Bin\delphi32.exe)(HOST=DESENV0004)(USER=desenv0004))))

  VERSION INFORMATION:
	TNS for 32-bit Windows: Version 8.1.7.0.0 - Production
	Windows NT TCP/IP NT Protocol Adapter for 32-bit Windows: Version 8.1.7.0.0 - Production
  Time: 17-FEV-2003 18:20:06
  Tracing not turned on.
  Tns error struct:
    nr err code: 0
    ns main err code: 12545
    TNS-12545: A conexão falhou porque o objeto ou host de destino não existe
    ns secondary err code: 12560
    nt main err code: 515
    TNS-00515: A conexão falhou porque o objeto ou host de destino não existe
    nt secondary err code: 1001
    nt OS err code: 0


***********************************************************************
Fatal NI connect error 12560, connecting to:
 (DESCRIPTION=(ADDRESS=(PROTOCOL=BEQ)(PROGRAM=oracle)(ARGV0=oracleORCL)(ARGS='(DESCRIPTION=(LOCAL=YES)(ADDRESS=(PROTOCOL=beq)))'))(CONNECT_DATA=(SID=ORCL)(CID=(PROGRAM=C:\Arquivos de programas\Borland\Delphi5\Bin\delphi32.exe)(HOST=DESENV0004)(USER=desenv0004))))

  VERSION INFORMATION:
	TNS for 32-bit Windows: Version 8.1.7.0.0 - Production
	Oracle Bequeath NT Protocol Adapter for 32-bit Windows: Version 8.1.7.0.0 - Production
  Time: 17-FEV-2003 18:20:07
  Tracing not turned on.
  Tns error struct:
    nr err code: 0
    ns main err code: 12560
    TNS-12560: TNS:erro de adaptador de protocolo
    ns secondary err code: 0
    nt main err code: 530
    TNS-00530: Erro do adaptador de protocolo
    nt secondary err code: 126
    nt OS err code: 0


***********************************************************************
Fatal NI connect error 12545, connecting to:
 (DESCRIPTION=(ADDRESS=(PROTOCOL=TCP)(HOST=CMBD1)(PORT=1521))(CONNECT_DATA=(SID=DES)(CID=(PROGRAM=C:\Arquivos de programas\Borland\Delphi5\Bin\delphi32.exe)(HOST=DESENV0004)(USER=desenv0004))))

  VERSION INFORMATION:
	TNS for 32-bit Windows: Version 8.1.7.0.0 - Production
	Windows NT TCP/IP NT Protocol Adapter for 32-bit Windows: Version 8.1.7.0.0 - Production
  Time: 25-FEV-2003 16:30:17
  Tracing not turned on.
  Tns error struct:
    nr err code: 0
    ns main err code: 12545
    TNS-12545: A conexão falhou porque o objeto ou host de destino não existe
    ns secondary err code: 12560
    nt main err code: 515
    TNS-00515: A conexão falhou porque o objeto ou host de destino não existe
    nt secondary err code: 1001
    nt OS err code: 0


***********************************************************************
Fatal NI connect error 12560, connecting to:
 (DESCRIPTION=(ADDRESS=(PROTOCOL=BEQ)(PROGRAM=oracle)(ARGV0=oracleORCL)(ARGS='(DESCRIPTION=(LOCAL=YES)(ADDRESS=(PROTOCOL=beq)))'))(CONNECT_DATA=(SID=ORCL)(CID=(PROGRAM=C:\Arquivos de programas\Borland\Delphi5\Bin\delphi32.exe)(HOST=DESENV0004)(USER=desenv0004))))

  VERSION INFORMATION:
	TNS for 32-bit Windows: Version 8.1.7.0.0 - Production
	Oracle Bequeath NT Protocol Adapter for 32-bit Windows: Version 8.1.7.0.0 - Production
  Time: 25-FEV-2003 16:30:19
  Tracing not turned on.
  Tns error struct:
    nr err code: 0
    ns main err code: 12560
    TNS-12560: TNS:erro de adaptador de protocolo
    ns secondary err code: 0
    nt main err code: 530
    TNS-00530: Erro do adaptador de protocolo
    nt secondary err code: 126
    nt OS err code: 0


***********************************************************************
Fatal NI connect error 12560, connecting to:
 (DESCRIPTION=(ADDRESS=(PROTOCOL=BEQ)(PROGRAM=oracle)(ARGV0=oracleORCL)(ARGS='(DESCRIPTION=(LOCAL=YES)(ADDRESS=(PROTOCOL=beq)))'))(CONNECT_DATA=(SID=ORCL)(CID=(PROGRAM=C:\Arquivos de programas\Borland\Delphi5\Bin\delphi32.exe)(HOST=DESENV0004)(USER=desenv0004))))

  VERSION INFORMATION:
	TNS for 32-bit Windows: Version 8.1.7.0.0 - Production
	Oracle Bequeath NT Protocol Adapter for 32-bit Windows: Version 8.1.7.0.0 - Production
  Time: 27-FEV-2003 09:12:31
  Tracing not turned on.
  Tns error struct:
    nr err code: 0
    ns main err code: 12560
    TNS-12560: TNS:erro de adaptador de protocolo
    ns secondary err code: 0
    nt main err code: 530
    TNS-00530: Erro do adaptador de protocolo
    nt secondary err code: 126
    nt OS err code: 0


***********************************************************************
Fatal NI connect error 12560, connecting to:
 (DESCRIPTION=(ADDRESS=(PROTOCOL=BEQ)(PROGRAM=oracle)(ARGV0=oracleORCL)(ARGS='(DESCRIPTION=(LOCAL=YES)(ADDRESS=(PROTOCOL=beq)))'))(CONNECT_DATA=(SID=ORCL)(CID=(PROGRAM=C:\Arquivos de programas\Borland\Delphi5\Bin\delphi32.exe)(HOST=DESENV0004)(USER=desenv0004))))

  VERSION INFORMATION:
	TNS for 32-bit Windows: Version 8.1.7.0.0 - Production
	Oracle Bequeath NT Protocol Adapter for 32-bit Windows: Version 8.1.7.0.0 - Production
  Time: 14-MAR-2003 15:00:25
  Tracing not turned on.
  Tns error struct:
    nr err code: 0
    ns main err code: 12560
    TNS-12560: TNS:erro de adaptador de protocolo
    ns secondary err code: 0
    nt main err code: 530
    TNS-00530: Erro do adaptador de protocolo
    nt secondary err code: 126
    nt OS err code: 0


***********************************************************************
Fatal NI connect error 12560, connecting to:
 (DESCRIPTION=(ADDRESS=(PROTOCOL=BEQ)(PROGRAM=oracle)(ARGV0=oracleORCL)(ARGS='(DESCRIPTION=(LOCAL=YES)(ADDRESS=(PROTOCOL=beq)))'))(CONNECT_DATA=(SID=ORCL)(CID=(PROGRAM=C:\Arquivos de programas\Borland\Delphi5\Bin\delphi32.exe)(HOST=DESENV0004)(USER=desenv0004))))

  VERSION INFORMATION:
	TNS for 32-bit Windows: Version 8.1.7.0.0 - Production
	Oracle Bequeath NT Protocol Adapter for 32-bit Windows: Version 8.1.7.0.0 - Production
  Time: 14-MAR-2003 15:02:49
  Tracing not turned on.
  Tns error struct:
    nr err code: 0
    ns main err code: 12560
    TNS-12560: TNS:erro de adaptador de protocolo
    ns secondary err code: 0
    nt main err code: 530
    TNS-00530: Erro do adaptador de protocolo
    nt secondary err code: 126
    nt OS err code: 0


***********************************************************************
Fatal NI connect error 12560, connecting to:
 (DESCRIPTION=(ADDRESS=(PROTOCOL=BEQ)(PROGRAM=oracle)(ARGV0=oracleORCL)(ARGS='(DESCRIPTION=(LOCAL=YES)(ADDRESS=(PROTOCOL=beq)))'))(CONNECT_DATA=(SID=ORCL)(CID=(PROGRAM=C:\Arquivos de programas\Borland\Delphi5\Bin\delphi32.exe)(HOST=DESENV0004)(USER=desenv0004))))

  VERSION INFORMATION:
	TNS for 32-bit Windows: Version 8.1.7.0.0 - Production
	Oracle Bequeath NT Protocol Adapter for 32-bit Windows: Version 8.1.7.0.0 - Production
  Time: 14-MAR-2003 15:02:49
  Tracing not turned on.
  Tns error struct:
    nr err code: 0
    ns main err code: 12560
    TNS-12560: TNS:erro de adaptador de protocolo
    ns secondary err code: 0
    nt main err code: 530
    TNS-00530: Erro do adaptador de protocolo
    nt secondary err code: 126
    nt OS err code: 0


***********************************************************************
Fatal NI connect error 12545, connecting to:
 (DESCRIPTION=(ADDRESS=(PROTOCOL=TCP)(HOST=CMBD1)(PORT=1521))(CONNECT_DATA=(SID=DES)(CID=(PROGRAM=C:\Arquivos de programas\Borland\Delphi5\Bin\delphi32.exe)(HOST=DESENV0004)(USER=desenv0004))))

  VERSION INFORMATION:
	TNS for 32-bit Windows: Version 8.1.7.0.0 - Production
	Windows NT TCP/IP NT Protocol Adapter for 32-bit Windows: Version 8.1.7.0.0 - Production
  Time: 20-MAR-2003 16:48:58
  Tracing not turned on.
  Tns error struct:
    nr err code: 0
    ns main err code: 12545
    TNS-12545: A conexão falhou porque o objeto ou host de destino não existe
    ns secondary err code: 12560
    nt main err code: 515
    TNS-00515: A conexão falhou porque o objeto ou host de destino não existe
    nt secondary err code: 1001
    nt OS err code: 0


***********************************************************************
Fatal NI connect error 12560, connecting to:
 (DESCRIPTION=(ADDRESS=(PROTOCOL=BEQ)(PROGRAM=oracle)(ARGV0=oracleORCL)(ARGS='(DESCRIPTION=(LOCAL=YES)(ADDRESS=(PROTOCOL=beq)))'))(CONNECT_DATA=(SID=ORCL)(CID=(PROGRAM=C:\Arquivos de programas\Borland\Delphi5\Bin\delphi32.exe)(HOST=DESENV0004)(USER=desenv0004))))

  VERSION INFORMATION:
	TNS for 32-bit Windows: Version 8.1.7.0.0 - Production
	Oracle Bequeath NT Protocol Adapter for 32-bit Windows: Version 8.1.7.0.0 - Production
  Time: 20-MAR-2003 16:48:58
  Tracing not turned on.
  Tns error struct:
    nr err code: 0
    ns main err code: 12560
    TNS-12560: TNS:erro de adaptador de protocolo
    ns secondary err code: 0
    nt main err code: 530
    TNS-00530: Erro do adaptador de protocolo
    nt secondary err code: 126
    nt OS err code: 0


***********************************************************************
Fatal NI connect error 12545, connecting to:
 (DESCRIPTION=(ADDRESS=(PROTOCOL=TCP)(HOST=CMBD1)(PORT=1521))(CONNECT_DATA=(SID=DES)(CID=(PROGRAM=C:\Arquivos de programas\Borland\Delphi5\Bin\delphi32.exe)(HOST=DESENV0004)(USER=desenv0004))))

  VERSION INFORMATION:
	TNS for 32-bit Windows: Version 8.1.7.0.0 - Production
	Windows NT TCP/IP NT Protocol Adapter for 32-bit Windows: Version 8.1.7.0.0 - Production
  Time: 20-MAR-2003 16:49:02
  Tracing not turned on.
  Tns error struct:
    nr err code: 0
    ns main err code: 12545
    TNS-12545: A conexão falhou porque o objeto ou host de destino não existe
    ns secondary err code: 12560
    nt main err code: 515
    TNS-00515: A conexão falhou porque o objeto ou host de destino não existe
    nt secondary err code: 1001
    nt OS err code: 0


***********************************************************************
Fatal NI connect error 12560, connecting to:
 (DESCRIPTION=(ADDRESS=(PROTOCOL=BEQ)(PROGRAM=oracle)(ARGV0=oracleORCL)(ARGS='(DESCRIPTION=(LOCAL=YES)(ADDRESS=(PROTOCOL=beq)))'))(CONNECT_DATA=(SID=ORCL)(CID=(PROGRAM=C:\Arquivos de programas\Borland\Delphi5\Bin\delphi32.exe)(HOST=DESENV0004)(USER=desenv0004))))

  VERSION INFORMATION:
	TNS for 32-bit Windows: Version 8.1.7.0.0 - Production
	Oracle Bequeath NT Protocol Adapter for 32-bit Windows: Version 8.1.7.0.0 - Production
  Time: 20-MAR-2003 16:49:02
  Tracing not turned on.
  Tns error struct:
    nr err code: 0
    ns main err code: 12560
    TNS-12560: TNS:erro de adaptador de protocolo
    ns secondary err code: 0
    nt main err code: 530
    TNS-00530: Erro do adaptador de protocolo
    nt secondary err code: 126
    nt OS err code: 0


***********************************************************************
Fatal NI connect error 12545, connecting to:
 (DESCRIPTION=(ADDRESS=(PROTOCOL=TCP)(HOST=CMBD1)(PORT=1521))(CONNECT_DATA=(SID=DES)(CID=(PROGRAM=C:\Arquivos de programas\Borland\Delphi5\Bin\delphi32.exe)(HOST=DESENV0004)(USER=desenv0004))))

  VERSION INFORMATION:
	TNS for 32-bit Windows: Version 8.1.7.0.0 - Production
	Windows NT TCP/IP NT Protocol Adapter for 32-bit Windows: Version 8.1.7.0.0 - Production
  Time: 20-MAR-2003 16:49:06
  Tracing not turned on.
  Tns error struct:
    nr err code: 0
    ns main err code: 12545
    TNS-12545: A conexão falhou porque o objeto ou host de destino não existe
    ns secondary err code: 12560
    nt main err code: 515
    TNS-00515: A conexão falhou porque o objeto ou host de destino não existe
    nt secondary err code: 1001
    nt OS err code: 0


***********************************************************************
Fatal NI connect error 12560, connecting to:
 (DESCRIPTION=(ADDRESS=(PROTOCOL=BEQ)(PROGRAM=oracle)(ARGV0=oracleORCL)(ARGS='(DESCRIPTION=(LOCAL=YES)(ADDRESS=(PROTOCOL=beq)))'))(CONNECT_DATA=(SID=ORCL)(CID=(PROGRAM=C:\Arquivos de programas\Borland\Delphi5\Bin\delphi32.exe)(HOST=DESENV0004)(USER=desenv0004))))

  VERSION INFORMATION:
	TNS for 32-bit Windows: Version 8.1.7.0.0 - Production
	Oracle Bequeath NT Protocol Adapter for 32-bit Windows: Version 8.1.7.0.0 - Production
  Time: 20-MAR-2003 16:49:06
  Tracing not turned on.
  Tns error struct:
    nr err code: 0
    ns main err code: 12560
    TNS-12560: TNS:erro de adaptador de protocolo
    ns secondary err code: 0
    nt main err code: 530
    TNS-00530: Erro do adaptador de protocolo
    nt secondary err code: 126
    nt OS err code: 0


***********************************************************************
Fatal NI connect error 12545, connecting to:
 (DESCRIPTION=(ADDRESS=(PROTOCOL=TCP)(HOST=CMBD1)(PORT=1521))(CONNECT_DATA=(SID=DES)(CID=(PROGRAM=C:\Arquivos de programas\Borland\Delphi5\Bin\delphi32.exe)(HOST=DESENV0004)(USER=desenv0004))))

  VERSION INFORMATION:
	TNS for 32-bit Windows: Version 8.1.7.0.0 - Production
	Windows NT TCP/IP NT Protocol Adapter for 32-bit Windows: Version 8.1.7.0.0 - Production
  Time: 20-MAR-2003 16:49:09
  Tracing not turned on.
  Tns error struct:
    nr err code: 0
    ns main err code: 12545
    TNS-12545: A conexão falhou porque o objeto ou host de destino não existe
    ns secondary err code: 12560
    nt main err code: 515
    TNS-00515: A conexão falhou porque o objeto ou host de destino não existe
    nt secondary err code: 1001
    nt OS err code: 0


***********************************************************************
Fatal NI connect error 12560, connecting to:
 (DESCRIPTION=(ADDRESS=(PROTOCOL=BEQ)(PROGRAM=oracle)(ARGV0=oracleORCL)(ARGS='(DESCRIPTION=(LOCAL=YES)(ADDRESS=(PROTOCOL=beq)))'))(CONNECT_DATA=(SID=ORCL)(CID=(PROGRAM=C:\Arquivos de programas\Borland\Delphi5\Bin\delphi32.exe)(HOST=DESENV0004)(USER=desenv0004))))

  VERSION INFORMATION:
	TNS for 32-bit Windows: Version 8.1.7.0.0 - Production
	Oracle Bequeath NT Protocol Adapter for 32-bit Windows: Version 8.1.7.0.0 - Production
  Time: 20-MAR-2003 16:49:09
  Tracing not turned on.
  Tns error struct:
    nr err code: 0
    ns main err code: 12560
    TNS-12560: TNS:erro de adaptador de protocolo
    ns secondary err code: 0
    nt main err code: 530
    TNS-00530: Erro do adaptador de protocolo
    nt secondary err code: 126
    nt OS err code: 0


***********************************************************************
Fatal NI connect error 12545, connecting to:
 (DESCRIPTION=(ADDRESS=(PROTOCOL=TCP)(HOST=CMBD1)(PORT=1521))(CONNECT_DATA=(SID=DES)(CID=(PROGRAM=C:\Arquivos de programas\Borland\Delphi5\Bin\delphi32.exe)(HOST=DESENV0004)(USER=desenv0004))))

  VERSION INFORMATION:
	TNS for 32-bit Windows: Version 8.1.7.0.0 - Production
	Windows NT TCP/IP NT Protocol Adapter for 32-bit Windows: Version 8.1.7.0.0 - Production
  Time: 20-MAR-2003 16:49:13
  Tracing not turned on.
  Tns error struct:
    nr err code: 0
    ns main err code: 12545
    TNS-12545: A conexão falhou porque o objeto ou host de destino não existe
    ns secondary err code: 12560
    nt main err code: 515
    TNS-00515: A conexão falhou porque o objeto ou host de destino não existe
    nt secondary err code: 1001
    nt OS err code: 0


***********************************************************************
Fatal NI connect error 12560, connecting to:
 (DESCRIPTION=(ADDRESS=(PROTOCOL=BEQ)(PROGRAM=oracle)(ARGV0=oracleORCL)(ARGS='(DESCRIPTION=(LOCAL=YES)(ADDRESS=(PROTOCOL=beq)))'))(CONNECT_DATA=(SID=ORCL)(CID=(PROGRAM=C:\Arquivos de programas\Borland\Delphi5\Bin\delphi32.exe)(HOST=DESENV0004)(USER=desenv0004))))

  VERSION INFORMATION:
	TNS for 32-bit Windows: Version 8.1.7.0.0 - Production
	Oracle Bequeath NT Protocol Adapter for 32-bit Windows: Version 8.1.7.0.0 - Production
  Time: 20-MAR-2003 16:49:13
  Tracing not turned on.
  Tns error struct:
    nr err code: 0
    ns main err code: 12560
    TNS-12560: TNS:erro de adaptador de protocolo
    ns secondary err code: 0
    nt main err code: 530
    TNS-00530: Erro do adaptador de protocolo
    nt secondary err code: 126
    nt OS err code: 0


***********************************************************************
Fatal NI connect error 12545, connecting to:
 (DESCRIPTION=(ADDRESS=(PROTOCOL=TCP)(HOST=CMBD1)(PORT=1521))(CONNECT_DATA=(SID=DES)(CID=(PROGRAM=C:\Arquivos de programas\Borland\Delphi5\Bin\delphi32.exe)(HOST=DESENV0004)(USER=desenv0004))))

  VERSION INFORMATION:
	TNS for 32-bit Windows: Version 8.1.7.0.0 - Production
	Windows NT TCP/IP NT Protocol Adapter for 32-bit Windows: Version 8.1.7.0.0 - Production
  Time: 20-MAR-2003 16:49:17
  Tracing not turned on.
  Tns error struct:
    nr err code: 0
    ns main err code: 12545
    TNS-12545: A conexão falhou porque o objeto ou host de destino não existe
    ns secondary err code: 12560
    nt main err code: 515
    TNS-00515: A conexão falhou porque o objeto ou host de destino não existe
    nt secondary err code: 1001
    nt OS err code: 0


***********************************************************************
Fatal NI connect error 12560, connecting to:
 (DESCRIPTION=(ADDRESS=(PROTOCOL=BEQ)(PROGRAM=oracle)(ARGV0=oracleORCL)(ARGS='(DESCRIPTION=(LOCAL=YES)(ADDRESS=(PROTOCOL=beq)))'))(CONNECT_DATA=(SID=ORCL)(CID=(PROGRAM=C:\Arquivos de programas\Borland\Delphi5\Bin\delphi32.exe)(HOST=DESENV0004)(USER=desenv0004))))

  VERSION INFORMATION:
	TNS for 32-bit Windows: Version 8.1.7.0.0 - Production
	Oracle Bequeath NT Protocol Adapter for 32-bit Windows: Version 8.1.7.0.0 - Production
  Time: 20-MAR-2003 16:49:17
  Tracing not turned on.
  Tns error struct:
    nr err code: 0
    ns main err code: 12560
    TNS-12560: TNS:erro de adaptador de protocolo
    ns secondary err code: 0
    nt main err code: 530
    TNS-00530: Erro do adaptador de protocolo
    nt secondary err code: 126
    nt OS err code: 0


***********************************************************************
Fatal NI connect error 12545, connecting to:
 (DESCRIPTION=(ADDRESS=(PROTOCOL=TCP)(HOST=CMBD1)(PORT=1521))(CONNECT_DATA=(SID=DES)(CID=(PROGRAM=C:\Arquivos de programas\Borland\Delphi5\Bin\delphi32.exe)(HOST=DESENV0004)(USER=desenv0004))))

  VERSION INFORMATION:
	TNS for 32-bit Windows: Version 8.1.7.0.0 - Production
	Windows NT TCP/IP NT Protocol Adapter for 32-bit Windows: Version 8.1.7.0.0 - Production
  Time: 20-MAR-2003 16:49:20
  Tracing not turned on.
  Tns error struct:
    nr err code: 0
    ns main err code: 12545
    TNS-12545: A conexão falhou porque o objeto ou host de destino não existe
    ns secondary err code: 12560
    nt main err code: 515
    TNS-00515: A conexão falhou porque o objeto ou host de destino não existe
    nt secondary err code: 1001
    nt OS err code: 0


***********************************************************************
Fatal NI connect error 12560, connecting to:
 (DESCRIPTION=(ADDRESS=(PROTOCOL=BEQ)(PROGRAM=oracle)(ARGV0=oracleORCL)(ARGS='(DESCRIPTION=(LOCAL=YES)(ADDRESS=(PROTOCOL=beq)))'))(CONNECT_DATA=(SID=ORCL)(CID=(PROGRAM=C:\Arquivos de programas\Borland\Delphi5\Bin\delphi32.exe)(HOST=DESENV0004)(USER=desenv0004))))

  VERSION INFORMATION:
	TNS for 32-bit Windows: Version 8.1.7.0.0 - Production
	Oracle Bequeath NT Protocol Adapter for 32-bit Windows: Version 8.1.7.0.0 - Production
  Time: 20-MAR-2003 16:49:20
  Tracing not turned on.
  Tns error struct:
    nr err code: 0
    ns main err code: 12560
    TNS-12560: TNS:erro de adaptador de protocolo
    ns secondary err code: 0
    nt main err code: 530
    TNS-00530: Erro do adaptador de protocolo
    nt secondary err code: 126
    nt OS err code: 0


***********************************************************************
Fatal NI connect error 12545, connecting to:
 (DESCRIPTION=(ADDRESS=(PROTOCOL=TCP)(HOST=CMBD1)(PORT=1521))(CONNECT_DATA=(SID=DES)(CID=(PROGRAM=C:\Arquivos de programas\Borland\Delphi5\Bin\delphi32.exe)(HOST=DESENV0004)(USER=desenv0004))))

  VERSION INFORMATION:
	TNS for 32-bit Windows: Version 8.1.7.0.0 - Production
	Windows NT TCP/IP NT Protocol Adapter for 32-bit Windows: Version 8.1.7.0.0 - Production
  Time: 20-MAR-2003 16:49:22
  Tracing not turned on.
  Tns error struct:
    nr err code: 0
    ns main err code: 12545
    TNS-12545: A conexão falhou porque o objeto ou host de destino não existe
    ns secondary err code: 12560
    nt main err code: 515
    TNS-00515: A conexão falhou porque o objeto ou host de destino não existe
    nt secondary err code: 1001
    nt OS err code: 0


***********************************************************************
Fatal NI connect error 12560, connecting to:
 (DESCRIPTION=(ADDRESS=(PROTOCOL=BEQ)(PROGRAM=oracle)(ARGV0=oracleORCL)(ARGS='(DESCRIPTION=(LOCAL=YES)(ADDRESS=(PROTOCOL=beq)))'))(CONNECT_DATA=(SID=ORCL)(CID=(PROGRAM=C:\Arquivos de programas\Borland\Delphi5\Bin\delphi32.exe)(HOST=DESENV0004)(USER=desenv0004))))

  VERSION INFORMATION:
	TNS for 32-bit Windows: Version 8.1.7.0.0 - Production
	Oracle Bequeath NT Protocol Adapter for 32-bit Windows: Version 8.1.7.0.0 - Production
  Time: 20-MAR-2003 16:49:22
  Tracing not turned on.
  Tns error struct:
    nr err code: 0
    ns main err code: 12560
    TNS-12560: TNS:erro de adaptador de protocolo
    ns secondary err code: 0
    nt main err code: 530
    TNS-00530: Erro do adaptador de protocolo
    nt secondary err code: 126
    nt OS err code: 0


***********************************************************************
Fatal NI connect error 12545, connecting to:
 (DESCRIPTION=(ADDRESS=(PROTOCOL=TCP)(HOST=CMBD1)(PORT=1521))(CONNECT_DATA=(SID=DES)(CID=(PROGRAM=C:\Arquivos de programas\Borland\Delphi5\Bin\delphi32.exe)(HOST=DESENV0004)(USER=desenv0004))))

  VERSION INFORMATION:
	TNS for 32-bit Windows: Version 8.1.7.0.0 - Production
	Windows NT TCP/IP NT Protocol Adapter for 32-bit Windows: Version 8.1.7.0.0 - Production
  Time: 20-MAR-2003 16:49:26
  Tracing not turned on.
  Tns error struct:
    nr err code: 0
    ns main err code: 12545
    TNS-12545: A conexão falhou porque o objeto ou host de destino não existe
    ns secondary err code: 12560
    nt main err code: 515
    TNS-00515: A conexão falhou porque o objeto ou host de destino não existe
    nt secondary err code: 1001
    nt OS err code: 0


***********************************************************************
Fatal NI connect error 12560, connecting to:
 (DESCRIPTION=(ADDRESS=(PROTOCOL=BEQ)(PROGRAM=oracle)(ARGV0=oracleORCL)(ARGS='(DESCRIPTION=(LOCAL=YES)(ADDRESS=(PROTOCOL=beq)))'))(CONNECT_DATA=(SID=ORCL)(CID=(PROGRAM=C:\Arquivos de programas\Borland\Delphi5\Bin\delphi32.exe)(HOST=DESENV0004)(USER=desenv0004))))

  VERSION INFORMATION:
	TNS for 32-bit Windows: Version 8.1.7.0.0 - Production
	Oracle Bequeath NT Protocol Adapter for 32-bit Windows: Version 8.1.7.0.0 - Production
  Time: 20-MAR-2003 16:49:26
  Tracing not turned on.
  Tns error struct:
    nr err code: 0
    ns main err code: 12560
    TNS-12560: TNS:erro de adaptador de protocolo
    ns secondary err code: 0
    nt main err code: 530
    TNS-00530: Erro do adaptador de protocolo
    nt secondary err code: 126
    nt OS err code: 0


***********************************************************************
Fatal NI connect error 12545, connecting to:
 (DESCRIPTION=(ADDRESS=(PROTOCOL=TCP)(HOST=CMBD1)(PORT=1521))(CONNECT_DATA=(SID=DES)(CID=(PROGRAM=C:\Arquivos de programas\Borland\Delphi5\Bin\delphi32.exe)(HOST=DESENV0004)(USER=desenv0004))))

  VERSION INFORMATION:
	TNS for 32-bit Windows: Version 8.1.7.0.0 - Production
	Windows NT TCP/IP NT Protocol Adapter for 32-bit Windows: Version 8.1.7.0.0 - Production
  Time: 20-MAR-2003 16:49:29
  Tracing not turned on.
  Tns error struct:
    nr err code: 0
    ns main err code: 12545
    TNS-12545: A conexão falhou porque o objeto ou host de destino não existe
    ns secondary err code: 12560
    nt main err code: 515
    TNS-00515: A conexão falhou porque o objeto ou host de destino não existe
    nt secondary err code: 1001
    nt OS err code: 0


***********************************************************************
Fatal NI connect error 12560, connecting to:
 (DESCRIPTION=(ADDRESS=(PROTOCOL=BEQ)(PROGRAM=oracle)(ARGV0=oracleORCL)(ARGS='(DESCRIPTION=(LOCAL=YES)(ADDRESS=(PROTOCOL=beq)))'))(CONNECT_DATA=(SID=ORCL)(CID=(PROGRAM=C:\Arquivos de programas\Borland\Delphi5\Bin\delphi32.exe)(HOST=DESENV0004)(USER=desenv0004))))

  VERSION INFORMATION:
	TNS for 32-bit Windows: Version 8.1.7.0.0 - Production
	Oracle Bequeath NT Protocol Adapter for 32-bit Windows: Version 8.1.7.0.0 - Production
  Time: 20-MAR-2003 16:49:29
  Tracing not turned on.
  Tns error struct:
    nr err code: 0
    ns main err code: 12560
    TNS-12560: TNS:erro de adaptador de protocolo
    ns secondary err code: 0
    nt main err code: 530
    TNS-00530: Erro do adaptador de protocolo
    nt secondary err code: 126
    nt OS err code: 0


***********************************************************************
Fatal NI connect error 12545, connecting to:
 (DESCRIPTION=(ADDRESS=(PROTOCOL=TCP)(HOST=CMBD1)(PORT=1521))(CONNECT_DATA=(SID=DES)(CID=(PROGRAM=C:\Arquivos de programas\Borland\Delphi5\Bin\delphi32.exe)(HOST=DESENV0004)(USER=desenv0004))))

  VERSION INFORMATION:
	TNS for 32-bit Windows: Version 8.1.7.0.0 - Production
	Windows NT TCP/IP NT Protocol Adapter for 32-bit Windows: Version 8.1.7.0.0 - Production
  Time: 20-MAR-2003 16:49:32
  Tracing not turned on.
  Tns error struct:
    nr err code: 0
    ns main err code: 12545
    TNS-12545: A conexão falhou porque o objeto ou host de destino não existe
    ns secondary err code: 12560
    nt main err code: 515
    TNS-00515: A conexão falhou porque o objeto ou host de destino não existe
    nt secondary err code: 1001
    nt OS err code: 0


***********************************************************************
Fatal NI connect error 12560, connecting to:
 (DESCRIPTION=(ADDRESS=(PROTOCOL=BEQ)(PROGRAM=oracle)(ARGV0=oracleORCL)(ARGS='(DESCRIPTION=(LOCAL=YES)(ADDRESS=(PROTOCOL=beq)))'))(CONNECT_DATA=(SID=ORCL)(CID=(PROGRAM=C:\Arquivos de programas\Borland\Delphi5\Bin\delphi32.exe)(HOST=DESENV0004)(USER=desenv0004))))

  VERSION INFORMATION:
	TNS for 32-bit Windows: Version 8.1.7.0.0 - Production
	Oracle Bequeath NT Protocol Adapter for 32-bit Windows: Version 8.1.7.0.0 - Production
  Time: 20-MAR-2003 16:49:32
  Tracing not turned on.
  Tns error struct:
    nr err code: 0
    ns main err code: 12560
    TNS-12560: TNS:erro de adaptador de protocolo
    ns secondary err code: 0
    nt main err code: 530
    TNS-00530: Erro do adaptador de protocolo
    nt secondary err code: 126
    nt OS err code: 0


***********************************************************************
Fatal NI connect error 12545, connecting to:
 (DESCRIPTION=(ADDRESS=(PROTOCOL=TCP)(HOST=CMBD1)(PORT=1521))(CONNECT_DATA=(SID=DES)(CID=(PROGRAM=C:\Arquivos de programas\Borland\Delphi5\Bin\delphi32.exe)(HOST=DESENV0004)(USER=desenv0004))))

  VERSION INFORMATION:
	TNS for 32-bit Windows: Version 8.1.7.0.0 - Production
	Windows NT TCP/IP NT Protocol Adapter for 32-bit Windows: Version 8.1.7.0.0 - Production
  Time: 20-MAR-2003 16:49:41
  Tracing not turned on.
  Tns error struct:
    nr err code: 0
    ns main err code: 12545
    TNS-12545: A conexão falhou porque o objeto ou host de destino não existe
    ns secondary err code: 12560
    nt main err code: 515
    TNS-00515: A conexão falhou porque o objeto ou host de destino não existe
    nt secondary err code: 1001
    nt OS err code: 0


***********************************************************************
Fatal NI connect error 12560, connecting to:
 (DESCRIPTION=(ADDRESS=(PROTOCOL=BEQ)(PROGRAM=oracle)(ARGV0=oracleORCL)(ARGS='(DESCRIPTION=(LOCAL=YES)(ADDRESS=(PROTOCOL=beq)))'))(CONNECT_DATA=(SID=ORCL)(CID=(PROGRAM=C:\Arquivos de programas\Borland\Delphi5\Bin\delphi32.exe)(HOST=DESENV0004)(USER=desenv0004))))

  VERSION INFORMATION:
	TNS for 32-bit Windows: Version 8.1.7.0.0 - Production
	Oracle Bequeath NT Protocol Adapter for 32-bit Windows: Version 8.1.7.0.0 - Production
  Time: 20-MAR-2003 16:49:41
  Tracing not turned on.
  Tns error struct:
    nr err code: 0
    ns main err code: 12560
    TNS-12560: TNS:erro de adaptador de protocolo
    ns secondary err code: 0
    nt main err code: 530
    TNS-00530: Erro do adaptador de protocolo
    nt secondary err code: 126
    nt OS err code: 0


***********************************************************************
Fatal NI connect error 12545, connecting to:
 (DESCRIPTION=(ADDRESS=(PROTOCOL=TCP)(HOST=CMBD1)(PORT=1521))(CONNECT_DATA=(SID=DES)(CID=(PROGRAM=C:\Arquivos de programas\Borland\Delphi5\Bin\delphi32.exe)(HOST=DESENV0004)(USER=desenv0004))))

  VERSION INFORMATION:
	TNS for 32-bit Windows: Version 8.1.7.0.0 - Production
	Windows NT TCP/IP NT Protocol Adapter for 32-bit Windows: Version 8.1.7.0.0 - Production
  Time: 20-MAR-2003 16:49:46
  Tracing not turned on.
  Tns error struct:
    nr err code: 0
    ns main err code: 12545
    TNS-12545: A conexão falhou porque o objeto ou host de destino não existe
    ns secondary err code: 12560
    nt main err code: 515
    TNS-00515: A conexão falhou porque o objeto ou host de destino não existe
    nt secondary err code: 1001
    nt OS err code: 0


***********************************************************************
Fatal NI connect error 12560, connecting to:
 (DESCRIPTION=(ADDRESS=(PROTOCOL=BEQ)(PROGRAM=oracle)(ARGV0=oracleORCL)(ARGS='(DESCRIPTION=(LOCAL=YES)(ADDRESS=(PROTOCOL=beq)))'))(CONNECT_DATA=(SID=ORCL)(CID=(PROGRAM=C:\Arquivos de programas\Borland\Delphi5\Bin\delphi32.exe)(HOST=DESENV0004)(USER=desenv0004))))

  VERSION INFORMATION:
	TNS for 32-bit Windows: Version 8.1.7.0.0 - Production
	Oracle Bequeath NT Protocol Adapter for 32-bit Windows: Version 8.1.7.0.0 - Production
  Time: 20-MAR-2003 16:49:46
  Tracing not turned on.
  Tns error struct:
    nr err code: 0
    ns main err code: 12560
    TNS-12560: TNS:erro de adaptador de protocolo
    ns secondary err code: 0
    nt main err code: 530
    TNS-00530: Erro do adaptador de protocolo
    nt secondary err code: 126
    nt OS err code: 0


***********************************************************************
Fatal NI connect error 12545, connecting to:
 (DESCRIPTION=(ADDRESS=(PROTOCOL=TCP)(HOST=CMBD1)(PORT=1521))(CONNECT_DATA=(SID=DES)(CID=(PROGRAM=C:\Arquivos de programas\Borland\Delphi5\Bin\delphi32.exe)(HOST=DESENV0004)(USER=desenv0004))))

  VERSION INFORMATION:
	TNS for 32-bit Windows: Version 8.1.7.0.0 - Production
	Windows NT TCP/IP NT Protocol Adapter for 32-bit Windows: Version 8.1.7.0.0 - Production
  Time: 20-MAR-2003 16:49:49
  Tracing not turned on.
  Tns error struct:
    nr err code: 0
    ns main err code: 12545
    TNS-12545: A conexão falhou porque o objeto ou host de destino não existe
    ns secondary err code: 12560
    nt main err code: 515
    TNS-00515: A conexão falhou porque o objeto ou host de destino não existe
    nt secondary err code: 1001
    nt OS err code: 0


***********************************************************************
Fatal NI connect error 12560, connecting to:
 (DESCRIPTION=(ADDRESS=(PROTOCOL=BEQ)(PROGRAM=oracle)(ARGV0=oracleORCL)(ARGS='(DESCRIPTION=(LOCAL=YES)(ADDRESS=(PROTOCOL=beq)))'))(CONNECT_DATA=(SID=ORCL)(CID=(PROGRAM=C:\Arquivos de programas\Borland\Delphi5\Bin\delphi32.exe)(HOST=DESENV0004)(USER=desenv0004))))

  VERSION INFORMATION:
	TNS for 32-bit Windows: Version 8.1.7.0.0 - Production
	Oracle Bequeath NT Protocol Adapter for 32-bit Windows: Version 8.1.7.0.0 - Production
  Time: 20-MAR-2003 16:49:49
  Tracing not turned on.
  Tns error struct:
    nr err code: 0
    ns main err code: 12560
    TNS-12560: TNS:erro de adaptador de protocolo
    ns secondary err code: 0
    nt main err code: 530
    TNS-00530: Erro do adaptador de protocolo
    nt secondary err code: 126
    nt OS err code: 0


***********************************************************************
Fatal NI connect error 12545, connecting to:
 (DESCRIPTION=(ADDRESS=(PROTOCOL=TCP)(HOST=CMBD1)(PORT=1521))(CONNECT_DATA=(SID=DES)(CID=(PROGRAM=C:\Arquivos de programas\Borland\Delphi5\Bin\delphi32.exe)(HOST=DESENV0004)(USER=desenv0004))))

  VERSION INFORMATION:
	TNS for 32-bit Windows: Version 8.1.7.0.0 - Production
	Windows NT TCP/IP NT Protocol Adapter for 32-bit Windows: Version 8.1.7.0.0 - Production
  Time: 20-MAR-2003 16:50:21
  Tracing not turned on.
  Tns error struct:
    nr err code: 0
    ns main err code: 12545
    TNS-12545: A conexão falhou porque o objeto ou host de destino não existe
    ns secondary err code: 12560
    nt main err code: 515
    TNS-00515: A conexão falhou porque o objeto ou host de destino não existe
    nt secondary err code: 1001
    nt OS err code: 0


***********************************************************************
Fatal NI connect error 12560, connecting to:
 (DESCRIPTION=(ADDRESS=(PROTOCOL=BEQ)(PROGRAM=oracle)(ARGV0=oracleORCL)(ARGS='(DESCRIPTION=(LOCAL=YES)(ADDRESS=(PROTOCOL=beq)))'))(CONNECT_DATA=(SID=ORCL)(CID=(PROGRAM=C:\Arquivos de programas\Borland\Delphi5\Bin\delphi32.exe)(HOST=DESENV0004)(USER=desenv0004))))

  VERSION INFORMATION:
	TNS for 32-bit Windows: Version 8.1.7.0.0 - Production
	Oracle Bequeath NT Protocol Adapter for 32-bit Windows: Version 8.1.7.0.0 - Production
  Time: 20-MAR-2003 16:50:21
  Tracing not turned on.
  Tns error struct:
    nr err code: 0
    ns main err code: 12560
    TNS-12560: TNS:erro de adaptador de protocolo
    ns secondary err code: 0
    nt main err code: 530
    TNS-00530: Erro do adaptador de protocolo
    nt secondary err code: 126
    nt OS err code: 0


***********************************************************************
Fatal NI connect error 12545, connecting to:
 (DESCRIPTION=(ADDRESS=(PROTOCOL=TCP)(HOST=CMBD1)(PORT=1521))(CONNECT_DATA=(SID=DES)(CID=(PROGRAM=C:\Arquivos de programas\Borland\Delphi5\Bin\delphi32.exe)(HOST=DESENV0004)(USER=desenv0004))))

  VERSION INFORMATION:
	TNS for 32-bit Windows: Version 8.1.7.0.0 - Production
	Windows NT TCP/IP NT Protocol Adapter for 32-bit Windows: Version 8.1.7.0.0 - Production
  Time: 20-MAR-2003 16:50:24
  Tracing not turned on.
  Tns error struct:
    nr err code: 0
    ns main err code: 12545
    TNS-12545: A conexão falhou porque o objeto ou host de destino não existe
    ns secondary err code: 12560
    nt main err code: 515
    TNS-00515: A conexão falhou porque o objeto ou host de destino não existe
    nt secondary err code: 1001
    nt OS err code: 0


***********************************************************************
Fatal NI connect error 12560, connecting to:
 (DESCRIPTION=(ADDRESS=(PROTOCOL=BEQ)(PROGRAM=oracle)(ARGV0=oracleORCL)(ARGS='(DESCRIPTION=(LOCAL=YES)(ADDRESS=(PROTOCOL=beq)))'))(CONNECT_DATA=(SID=ORCL)(CID=(PROGRAM=C:\Arquivos de programas\Borland\Delphi5\Bin\delphi32.exe)(HOST=DESENV0004)(USER=desenv0004))))

  VERSION INFORMATION:
	TNS for 32-bit Windows: Version 8.1.7.0.0 - Production
	Oracle Bequeath NT Protocol Adapter for 32-bit Windows: Version 8.1.7.0.0 - Production
  Time: 20-MAR-2003 16:50:24
  Tracing not turned on.
  Tns error struct:
    nr err code: 0
    ns main err code: 12560
    TNS-12560: TNS:erro de adaptador de protocolo
    ns secondary err code: 0
    nt main err code: 530
    TNS-00530: Erro do adaptador de protocolo
    nt secondary err code: 126
    nt OS err code: 0


***********************************************************************
Fatal NI connect error 12545, connecting to:
 (DESCRIPTION=(ADDRESS=(PROTOCOL=TCP)(HOST=CMBD1)(PORT=1521))(CONNECT_DATA=(SID=DES)(CID=(PROGRAM=C:\Arquivos de programas\Borland\Delphi5\Bin\delphi32.exe)(HOST=DESENV0004)(USER=desenv0004))))

  VERSION INFORMATION:
	TNS for 32-bit Windows: Version 8.1.7.0.0 - Production
	Windows NT TCP/IP NT Protocol Adapter for 32-bit Windows: Version 8.1.7.0.0 - Production
  Time: 20-MAR-2003 16:50:26
  Tracing not turned on.
  Tns error struct:
    nr err code: 0
    ns main err code: 12545
    TNS-12545: A conexão falhou porque o objeto ou host de destino não existe
    ns secondary err code: 12560
    nt main err code: 515
    TNS-00515: A conexão falhou porque o objeto ou host de destino não existe
    nt secondary err code: 1001
    nt OS err code: 0


***********************************************************************
Fatal NI connect error 12560, connecting to:
 (DESCRIPTION=(ADDRESS=(PROTOCOL=BEQ)(PROGRAM=oracle)(ARGV0=oracleORCL)(ARGS='(DESCRIPTION=(LOCAL=YES)(ADDRESS=(PROTOCOL=beq)))'))(CONNECT_DATA=(SID=ORCL)(CID=(PROGRAM=C:\Arquivos de programas\Borland\Delphi5\Bin\delphi32.exe)(HOST=DESENV0004)(USER=desenv0004))))

  VERSION INFORMATION:
	TNS for 32-bit Windows: Version 8.1.7.0.0 - Production
	Oracle Bequeath NT Protocol Adapter for 32-bit Windows: Version 8.1.7.0.0 - Production
  Time: 20-MAR-2003 16:50:26
  Tracing not turned on.
  Tns error struct:
    nr err code: 0
    ns main err code: 12560
    TNS-12560: TNS:erro de adaptador de protocolo
    ns secondary err code: 0
    nt main err code: 530
    TNS-00530: Erro do adaptador de protocolo
    nt secondary err code: 126
    nt OS err code: 0


***********************************************************************
Fatal NI connect error 12545, connecting to:
 (DESCRIPTION=(ADDRESS=(PROTOCOL=TCP)(HOST=CMBD1)(PORT=1521))(CONNECT_DATA=(SID=DES)(CID=(PROGRAM=C:\Arquivos de programas\Borland\Delphi5\Bin\delphi32.exe)(HOST=DESENV0004)(USER=desenv0004))))

  VERSION INFORMATION:
	TNS for 32-bit Windows: Version 8.1.7.0.0 - Production
	Windows NT TCP/IP NT Protocol Adapter for 32-bit Windows: Version 8.1.7.0.0 - Production
  Time: 20-MAR-2003 16:50:28
  Tracing not turned on.
  Tns error struct:
    nr err code: 0
    ns main err code: 12545
    TNS-12545: A conexão falhou porque o objeto ou host de destino não existe
    ns secondary err code: 12560
    nt main err code: 515
    TNS-00515: A conexão falhou porque o objeto ou host de destino não existe
    nt secondary err code: 1001
    nt OS err code: 0


***********************************************************************
Fatal NI connect error 12560, connecting to:
 (DESCRIPTION=(ADDRESS=(PROTOCOL=BEQ)(PROGRAM=oracle)(ARGV0=oracleORCL)(ARGS='(DESCRIPTION=(LOCAL=YES)(ADDRESS=(PROTOCOL=beq)))'))(CONNECT_DATA=(SID=ORCL)(CID=(PROGRAM=C:\Arquivos de programas\Borland\Delphi5\Bin\delphi32.exe)(HOST=DESENV0004)(USER=desenv0004))))

  VERSION INFORMATION:
	TNS for 32-bit Windows: Version 8.1.7.0.0 - Production
	Oracle Bequeath NT Protocol Adapter for 32-bit Windows: Version 8.1.7.0.0 - Production
  Time: 20-MAR-2003 16:50:28
  Tracing not turned on.
  Tns error struct:
    nr err code: 0
    ns main err code: 12560
    TNS-12560: TNS:erro de adaptador de protocolo
    ns secondary err code: 0
    nt main err code: 530
    TNS-00530: Erro do adaptador de protocolo
    nt secondary err code: 126
    nt OS err code: 0


***********************************************************************
Fatal NI connect error 12545, connecting to:
 (DESCRIPTION=(ADDRESS=(PROTOCOL=TCP)(HOST=CMBD1)(PORT=1521))(CONNECT_DATA=(SID=DES)(CID=(PROGRAM=C:\Arquivos de programas\Borland\Delphi5\Bin\delphi32.exe)(HOST=DESENV0004)(USER=desenv0004))))

  VERSION INFORMATION:
	TNS for 32-bit Windows: Version 8.1.7.0.0 - Production
	Windows NT TCP/IP NT Protocol Adapter for 32-bit Windows: Version 8.1.7.0.0 - Production
  Time: 20-MAR-2003 16:50:31
  Tracing not turned on.
  Tns error struct:
    nr err code: 0
    ns main err code: 12545
    TNS-12545: A conexão falhou porque o objeto ou host de destino não existe
    ns secondary err code: 12560
    nt main err code: 515
    TNS-00515: A conexão falhou porque o objeto ou host de destino não existe
    nt secondary err code: 1001
    nt OS err code: 0


***********************************************************************
Fatal NI connect error 12560, connecting to:
 (DESCRIPTION=(ADDRESS=(PROTOCOL=BEQ)(PROGRAM=oracle)(ARGV0=oracleORCL)(ARGS='(DESCRIPTION=(LOCAL=YES)(ADDRESS=(PROTOCOL=beq)))'))(CONNECT_DATA=(SID=ORCL)(CID=(PROGRAM=C:\Arquivos de programas\Borland\Delphi5\Bin\delphi32.exe)(HOST=DESENV0004)(USER=desenv0004))))

  VERSION INFORMATION:
	TNS for 32-bit Windows: Version 8.1.7.0.0 - Production
	Oracle Bequeath NT Protocol Adapter for 32-bit Windows: Version 8.1.7.0.0 - Production
  Time: 20-MAR-2003 16:50:31
  Tracing not turned on.
  Tns error struct:
    nr err code: 0
    ns main err code: 12560
    TNS-12560: TNS:erro de adaptador de protocolo
    ns secondary err code: 0
    nt main err code: 530
    TNS-00530: Erro do adaptador de protocolo
    nt secondary err code: 126
    nt OS err code: 0


***********************************************************************
Fatal NI connect error 12545, connecting to:
 (DESCRIPTION=(ADDRESS=(PROTOCOL=TCP)(HOST=CMBD1)(PORT=1521))(CONNECT_DATA=(SID=DES)(CID=(PROGRAM=C:\Arquivos de programas\Borland\Delphi5\Bin\delphi32.exe)(HOST=DESENV0004)(USER=desenv0004))))

  VERSION INFORMATION:
	TNS for 32-bit Windows: Version 8.1.7.0.0 - Production
	Windows NT TCP/IP NT Protocol Adapter for 32-bit Windows: Version 8.1.7.0.0 - Production
  Time: 20-MAR-2003 16:50:33
  Tracing not turned on.
  Tns error struct:
    nr err code: 0
    ns main err code: 12545
    TNS-12545: A conexão falhou porque o objeto ou host de destino não existe
    ns secondary err code: 12560
    nt main err code: 515
    TNS-00515: A conexão falhou porque o objeto ou host de destino não existe
    nt secondary err code: 1001
    nt OS err code: 0


***********************************************************************
Fatal NI connect error 12560, connecting to:
 (DESCRIPTION=(ADDRESS=(PROTOCOL=BEQ)(PROGRAM=oracle)(ARGV0=oracleORCL)(ARGS='(DESCRIPTION=(LOCAL=YES)(ADDRESS=(PROTOCOL=beq)))'))(CONNECT_DATA=(SID=ORCL)(CID=(PROGRAM=C:\Arquivos de programas\Borland\Delphi5\Bin\delphi32.exe)(HOST=DESENV0004)(USER=desenv0004))))

  VERSION INFORMATION:
	TNS for 32-bit Windows: Version 8.1.7.0.0 - Production
	Oracle Bequeath NT Protocol Adapter for 32-bit Windows: Version 8.1.7.0.0 - Production
  Time: 20-MAR-2003 16:50:33
  Tracing not turned on.
  Tns error struct:
    nr err code: 0
    ns main err code: 12560
    TNS-12560: TNS:erro de adaptador de protocolo
    ns secondary err code: 0
    nt main err code: 530
    TNS-00530: Erro do adaptador de protocolo
    nt secondary err code: 126
    nt OS err code: 0


***********************************************************************
Fatal NI connect error 12545, connecting to:
 (DESCRIPTION=(ADDRESS=(PROTOCOL=TCP)(HOST=CMBD1)(PORT=1521))(CONNECT_DATA=(SID=DES)(CID=(PROGRAM=C:\Arquivos de programas\Borland\Delphi5\Bin\delphi32.exe)(HOST=DESENV0004)(USER=desenv0004))))

  VERSION INFORMATION:
	TNS for 32-bit Windows: Version 8.1.7.0.0 - Production
	Windows NT TCP/IP NT Protocol Adapter for 32-bit Windows: Version 8.1.7.0.0 - Production
  Time: 20-MAR-2003 16:50:35
  Tracing not turned on.
  Tns error struct:
    nr err code: 0
    ns main err code: 12545
    TNS-12545: A conexão falhou porque o objeto ou host de destino não existe
    ns secondary err code: 12560
    nt main err code: 515
    TNS-00515: A conexão falhou porque o objeto ou host de destino não existe
    nt secondary err code: 1001
    nt OS err code: 0


***********************************************************************
Fatal NI connect error 12560, connecting to:
 (DESCRIPTION=(ADDRESS=(PROTOCOL=BEQ)(PROGRAM=oracle)(ARGV0=oracleORCL)(ARGS='(DESCRIPTION=(LOCAL=YES)(ADDRESS=(PROTOCOL=beq)))'))(CONNECT_DATA=(SID=ORCL)(CID=(PROGRAM=C:\Arquivos de programas\Borland\Delphi5\Bin\delphi32.exe)(HOST=DESENV0004)(USER=desenv0004))))

  VERSION INFORMATION:
	TNS for 32-bit Windows: Version 8.1.7.0.0 - Production
	Oracle Bequeath NT Protocol Adapter for 32-bit Windows: Version 8.1.7.0.0 - Production
  Time: 20-MAR-2003 16:50:35
  Tracing not turned on.
  Tns error struct:
    nr err code: 0
    ns main err code: 12560
    TNS-12560: TNS:erro de adaptador de protocolo
    ns secondary err code: 0
    nt main err code: 530
    TNS-00530: Erro do adaptador de protocolo
    nt secondary err code: 126
    nt OS err code: 0


***********************************************************************
Fatal NI connect error 12545, connecting to:
 (DESCRIPTION=(ADDRESS=(PROTOCOL=TCP)(HOST=CMBD1)(PORT=1521))(CONNECT_DATA=(SID=DES)(CID=(PROGRAM=C:\Arquivos de programas\Borland\Delphi5\Bin\delphi32.exe)(HOST=DESENV0004)(USER=desenv0004))))

  VERSION INFORMATION:
	TNS for 32-bit Windows: Version 8.1.7.0.0 - Production
	Windows NT TCP/IP NT Protocol Adapter for 32-bit Windows: Version 8.1.7.0.0 - Production
  Time: 20-MAR-2003 16:54:07
  Tracing not turned on.
  Tns error struct:
    nr err code: 0
    ns main err code: 12545
    TNS-12545: A conexão falhou porque o objeto ou host de destino não existe
    ns secondary err code: 12560
    nt main err code: 515
    TNS-00515: A conexão falhou porque o objeto ou host de destino não existe
    nt secondary err code: 1001
    nt OS err code: 0


***********************************************************************
Fatal NI connect error 12560, connecting to:
 (DESCRIPTION=(ADDRESS=(PROTOCOL=BEQ)(PROGRAM=oracle)(ARGV0=oracleORCL)(ARGS='(DESCRIPTION=(LOCAL=YES)(ADDRESS=(PROTOCOL=beq)))'))(CONNECT_DATA=(SID=ORCL)(CID=(PROGRAM=C:\Arquivos de programas\Borland\Delphi5\Bin\delphi32.exe)(HOST=DESENV0004)(USER=desenv0004))))

  VERSION INFORMATION:
	TNS for 32-bit Windows: Version 8.1.7.0.0 - Production
	Oracle Bequeath NT Protocol Adapter for 32-bit Windows: Version 8.1.7.0.0 - Production
  Time: 20-MAR-2003 16:54:07
  Tracing not turned on.
  Tns error struct:
    nr err code: 0
    ns main err code: 12560
    TNS-12560: TNS:erro de adaptador de protocolo
    ns secondary err code: 0
    nt main err code: 530
    TNS-00530: Erro do adaptador de protocolo
    nt secondary err code: 126
    nt OS err code: 0


***********************************************************************
Fatal NI connect error 12560, connecting to:
 (DESCRIPTION=(ADDRESS=(PROTOCOL=BEQ)(PROGRAM=oracle)(ARGV0=oracleORCL)(ARGS='(DESCRIPTION=(LOCAL=YES)(ADDRESS=(PROTOCOL=beq)))'))(CONNECT_DATA=(SID=ORCL)(CID=(PROGRAM=C:\Arquivos de programas\Borland\Delphi5\Bin\delphi32.exe)(HOST=DESENV0004)(USER=desenv0004))))

  VERSION INFORMATION:
	TNS for 32-bit Windows: Version 8.1.7.0.0 - Production
	Oracle Bequeath NT Protocol Adapter for 32-bit Windows: Version 8.1.7.0.0 - Production
  Time: 21-MAR-2003 12:41:04
  Tracing not turned on.
  Tns error struct:
    nr err code: 0
    ns main err code: 12560
    TNS-12560: TNS:erro de adaptador de protocolo
    ns secondary err code: 0
    nt main err code: 530
    TNS-00530: Erro do adaptador de protocolo
    nt secondary err code: 126
    nt OS err code: 0


***********************************************************************
Fatal NI connect error 12560, connecting to:
 (DESCRIPTION=(ADDRESS=(PROTOCOL=BEQ)(PROGRAM=oracle)(ARGV0=oracleORCL)(ARGS='(DESCRIPTION=(LOCAL=YES)(ADDRESS=(PROTOCOL=beq)))'))(CONNECT_DATA=(SID=ORCL)(CID=(PROGRAM=C:\Arquivos de programas\Borland\Delphi5\Bin\delphi32.exe)(HOST=DESENV0004)(USER=desenv0004))))

  VERSION INFORMATION:
	TNS for 32-bit Windows: Version 8.1.7.0.0 - Production
	Oracle Bequeath NT Protocol Adapter for 32-bit Windows: Version 8.1.7.0.0 - Production
  Time: 21-MAR-2003 12:41:10
  Tracing not turned on.
  Tns error struct:
    nr err code: 0
    ns main err code: 12560
    TNS-12560: TNS:erro de adaptador de protocolo
    ns secondary err code: 0
    nt main err code: 530
    TNS-00530: Erro do adaptador de protocolo
    nt secondary err code: 126
    nt OS err code: 0


***********************************************************************
Fatal NI connect error 12560, connecting to:
 (DESCRIPTION=(ADDRESS=(PROTOCOL=BEQ)(PROGRAM=oracle)(ARGV0=oracleORCL)(ARGS='(DESCRIPTION=(LOCAL=YES)(ADDRESS=(PROTOCOL=beq)))'))(CONNECT_DATA=(SID=ORCL)(CID=(PROGRAM=C:\Arquivos de programas\Borland\Delphi5\Bin\delphi32.exe)(HOST=DESENV0004)(USER=desenv0004))))

  VERSION INFORMATION:
	TNS for 32-bit Windows: Version 8.1.7.0.0 - Production
	Oracle Bequeath NT Protocol Adapter for 32-bit Windows: Version 8.1.7.0.0 - Production
  Time: 21-MAR-2003 12:41:10
  Tracing not turned on.
  Tns error struct:
    nr err code: 0
    ns main err code: 12560
    TNS-12560: TNS:erro de adaptador de protocolo
    ns secondary err code: 0
    nt main err code: 530
    TNS-00530: Erro do adaptador de protocolo
    nt secondary err code: 126
    nt OS err code: 0


***********************************************************************
Fatal NI connect error 12545, connecting to:
 (DESCRIPTION=(ADDRESS=(PROTOCOL=TCP)(HOST=CMBD1)(PORT=1521))(CONNECT_DATA=(SID=DES)(CID=(PROGRAM=C:\Arquivos de programas\Borland\Delphi5\Bin\delphi32.exe)(HOST=DESENV0004)(USER=desenv0004))))

  VERSION INFORMATION:
	TNS for 32-bit Windows: Version 8.1.7.0.0 - Production
	Windows NT TCP/IP NT Protocol Adapter for 32-bit Windows: Version 8.1.7.0.0 - Production
  Time: 04-ABR-2003 10:04:48
  Tracing not turned on.
  Tns error struct:
    nr err code: 0
    ns main err code: 12545
    TNS-12545: A conexão falhou porque o objeto ou host de destino não existe
    ns secondary err code: 12560
    nt main err code: 515
    TNS-00515: A conexão falhou porque o objeto ou host de destino não existe
    nt secondary err code: 1001
    nt OS err code: 0


***********************************************************************
Fatal NI connect error 12560, connecting to:
 (DESCRIPTION=(ADDRESS=(PROTOCOL=BEQ)(PROGRAM=oracle)(ARGV0=oracleORCL)(ARGS='(DESCRIPTION=(LOCAL=YES)(ADDRESS=(PROTOCOL=beq)))'))(CONNECT_DATA=(SID=ORCL)(CID=(PROGRAM=C:\Arquivos de programas\Borland\Delphi5\Bin\delphi32.exe)(HOST=DESENV0004)(USER=desenv0004))))

  VERSION INFORMATION:
	TNS for 32-bit Windows: Version 8.1.7.0.0 - Production
	Oracle Bequeath NT Protocol Adapter for 32-bit Windows: Version 8.1.7.0.0 - Production
  Time: 04-ABR-2003 10:04:52
  Tracing not turned on.
  Tns error struct:
    nr err code: 0
    ns main err code: 12560
    TNS-12560: TNS:erro de adaptador de protocolo
    ns secondary err code: 0
    nt main err code: 530
    TNS-00530: Erro do adaptador de protocolo
    nt secondary err code: 126
    nt OS err code: 0


***********************************************************************
Fatal NI connect error 12545, connecting to:
 (DESCRIPTION=(ADDRESS=(PROTOCOL=TCP)(HOST=CMBD1)(PORT=1521))(CONNECT_DATA=(SID=DES)(CID=(PROGRAM=C:\Arquivos de programas\Borland\Delphi5\Bin\delphi32.exe)(HOST=DESENV0004)(USER=desenv0004))))

  VERSION INFORMATION:
	TNS for 32-bit Windows: Version 8.1.7.0.0 - Production
	Windows NT TCP/IP NT Protocol Adapter for 32-bit Windows: Version 8.1.7.0.0 - Production
  Time: 11-ABR-2003 10:12:09
  Tracing not turned on.
  Tns error struct:
    nr err code: 0
    ns main err code: 12545
    TNS-12545: A conexão falhou porque o objeto ou host de destino não existe
    ns secondary err code: 12560
    nt main err code: 515
    TNS-00515: A conexão falhou porque o objeto ou host de destino não existe
    nt secondary err code: 1001
    nt OS err code: 0


***********************************************************************
Fatal NI connect error 12560, connecting to:
 (DESCRIPTION=(ADDRESS=(PROTOCOL=BEQ)(PROGRAM=oracle)(ARGV0=oracleORCL)(ARGS='(DESCRIPTION=(LOCAL=YES)(ADDRESS=(PROTOCOL=beq)))'))(CONNECT_DATA=(SID=ORCL)(CID=(PROGRAM=C:\Arquivos de programas\Borland\Delphi5\Bin\delphi32.exe)(HOST=DESENV0004)(USER=desenv0004))))

  VERSION INFORMATION:
	TNS for 32-bit Windows: Version 8.1.7.0.0 - Production
	Oracle Bequeath NT Protocol Adapter for 32-bit Windows: Version 8.1.7.0.0 - Production
  Time: 11-ABR-2003 10:12:09
  Tracing not turned on.
  Tns error struct:
    nr err code: 0
    ns main err code: 12560
    TNS-12560: TNS:erro de adaptador de protocolo
    ns secondary err code: 0
    nt main err code: 530
    TNS-00530: Erro do adaptador de protocolo
    nt secondary err code: 126
    nt OS err code: 0


***********************************************************************
Fatal NI connect error 12545, connecting to:
 (DESCRIPTION=(ADDRESS=(PROTOCOL=TCP)(HOST=CMBD1)(PORT=1521))(CONNECT_DATA=(SID=DES)(CID=(PROGRAM=C:\Arquivos de programas\Borland\Delphi5\Bin\delphi32.exe)(HOST=DESENV0004)(USER=desenv0004))))

  VERSION INFORMATION:
	TNS for 32-bit Windows: Version 8.1.7.0.0 - Production
	Windows NT TCP/IP NT Protocol Adapter for 32-bit Windows: Version 8.1.7.0.0 - Production
  Time: 11-ABR-2003 10:12:12
  Tracing not turned on.
  Tns error struct:
    nr err code: 0
    ns main err code: 12545
    TNS-12545: A conexão falhou porque o objeto ou host de destino não existe
    ns secondary err code: 12560
    nt main err code: 515
    TNS-00515: A conexão falhou porque o objeto ou host de destino não existe
    nt secondary err code: 1001
    nt OS err code: 0


***********************************************************************
Fatal NI connect error 12560, connecting to:
 (DESCRIPTION=(ADDRESS=(PROTOCOL=BEQ)(PROGRAM=oracle)(ARGV0=oracleORCL)(ARGS='(DESCRIPTION=(LOCAL=YES)(ADDRESS=(PROTOCOL=beq)))'))(CONNECT_DATA=(SID=ORCL)(CID=(PROGRAM=C:\Arquivos de programas\Borland\Delphi5\Bin\delphi32.exe)(HOST=DESENV0004)(USER=desenv0004))))

  VERSION INFORMATION:
	TNS for 32-bit Windows: Version 8.1.7.0.0 - Production
	Oracle Bequeath NT Protocol Adapter for 32-bit Windows: Version 8.1.7.0.0 - Production
  Time: 11-ABR-2003 10:12:12
  Tracing not turned on.
  Tns error struct:
    nr err code: 0
    ns main err code: 12560
    TNS-12560: TNS:erro de adaptador de protocolo
    ns secondary err code: 0
    nt main err code: 530
    TNS-00530: Erro do adaptador de protocolo
    nt secondary err code: 126
    nt OS err code: 0


***********************************************************************
Fatal NI connect error 12545, connecting to:
 (DESCRIPTION=(ADDRESS=(PROTOCOL=TCP)(HOST=CMBD1)(PORT=1521))(CONNECT_DATA=(SID=DES)(CID=(PROGRAM=C:\Arquivos de programas\Borland\Delphi5\Bin\delphi32.exe)(HOST=DESENV0004)(USER=desenv0004))))

  VERSION INFORMATION:
	TNS for 32-bit Windows: Version 8.1.7.0.0 - Production
	Windows NT TCP/IP NT Protocol Adapter for 32-bit Windows: Version 8.1.7.0.0 - Production
  Time: 11-ABR-2003 10:12:14
  Tracing not turned on.
  Tns error struct:
    nr err code: 0
    ns main err code: 12545
    TNS-12545: A conexão falhou porque o objeto ou host de destino não existe
    ns secondary err code: 12560
    nt main err code: 515
    TNS-00515: A conexão falhou porque o objeto ou host de destino não existe
    nt secondary err code: 1001
    nt OS err code: 0


***********************************************************************
Fatal NI connect error 12560, connecting to:
 (DESCRIPTION=(ADDRESS=(PROTOCOL=BEQ)(PROGRAM=oracle)(ARGV0=oracleORCL)(ARGS='(DESCRIPTION=(LOCAL=YES)(ADDRESS=(PROTOCOL=beq)))'))(CONNECT_DATA=(SID=ORCL)(CID=(PROGRAM=C:\Arquivos de programas\Borland\Delphi5\Bin\delphi32.exe)(HOST=DESENV0004)(USER=desenv0004))))

  VERSION INFORMATION:
	TNS for 32-bit Windows: Version 8.1.7.0.0 - Production
	Oracle Bequeath NT Protocol Adapter for 32-bit Windows: Version 8.1.7.0.0 - Production
  Time: 11-ABR-2003 10:12:14
  Tracing not turned on.
  Tns error struct:
    nr err code: 0
    ns main err code: 12560
    TNS-12560: TNS:erro de adaptador de protocolo
    ns secondary err code: 0
    nt main err code: 530
    TNS-00530: Erro do adaptador de protocolo
    nt secondary err code: 126
    nt OS err code: 0


***********************************************************************
Fatal NI connect error 12545, connecting to:
 (DESCRIPTION=(ADDRESS=(PROTOCOL=TCP)(HOST=CMBD1)(PORT=1521))(CONNECT_DATA=(SID=DES)(CID=(PROGRAM=C:\Arquivos de programas\Borland\Delphi5\Bin\delphi32.exe)(HOST=DESENV0004)(USER=desenv0004))))

  VERSION INFORMATION:
	TNS for 32-bit Windows: Version 8.1.7.0.0 - Production
	Windows NT TCP/IP NT Protocol Adapter for 32-bit Windows: Version 8.1.7.0.0 - Production
  Time: 11-ABR-2003 10:12:16
  Tracing not turned on.
  Tns error struct:
    nr err code: 0
    ns main err code: 12545
    TNS-12545: A conexão falhou porque o objeto ou host de destino não existe
    ns secondary err code: 12560
    nt main err code: 515
    TNS-00515: A conexão falhou porque o objeto ou host de destino não existe
    nt secondary err code: 1001
    nt OS err code: 0


***********************************************************************
Fatal NI connect error 12560, connecting to:
 (DESCRIPTION=(ADDRESS=(PROTOCOL=BEQ)(PROGRAM=oracle)(ARGV0=oracleORCL)(ARGS='(DESCRIPTION=(LOCAL=YES)(ADDRESS=(PROTOCOL=beq)))'))(CONNECT_DATA=(SID=ORCL)(CID=(PROGRAM=C:\Arquivos de programas\Borland\Delphi5\Bin\delphi32.exe)(HOST=DESENV0004)(USER=desenv0004))))

  VERSION INFORMATION:
	TNS for 32-bit Windows: Version 8.1.7.0.0 - Production
	Oracle Bequeath NT Protocol Adapter for 32-bit Windows: Version 8.1.7.0.0 - Production
  Time: 11-ABR-2003 10:12:16
  Tracing not turned on.
  Tns error struct:
    nr err code: 0
    ns main err code: 12560
    TNS-12560: TNS:erro de adaptador de protocolo
    ns secondary err code: 0
    nt main err code: 530
    TNS-00530: Erro do adaptador de protocolo
    nt secondary err code: 126
    nt OS err code: 0


***********************************************************************
Fatal NI connect error 12545, connecting to:
 (DESCRIPTION=(ADDRESS=(PROTOCOL=TCP)(HOST=CMBD1)(PORT=1521))(CONNECT_DATA=(SID=DES)(CID=(PROGRAM=C:\Arquivos de programas\Borland\Delphi5\Bin\delphi32.exe)(HOST=DESENV0004)(USER=desenv0004))))

  VERSION INFORMATION:
	TNS for 32-bit Windows: Version 8.1.7.0.0 - Production
	Windows NT TCP/IP NT Protocol Adapter for 32-bit Windows: Version 8.1.7.0.0 - Production
  Time: 11-ABR-2003 10:12:19
  Tracing not turned on.
  Tns error struct:
    nr err code: 0
    ns main err code: 12545
    TNS-12545: A conexão falhou porque o objeto ou host de destino não existe
    ns secondary err code: 12560
    nt main err code: 515
    TNS-00515: A conexão falhou porque o objeto ou host de destino não existe
    nt secondary err code: 1001
    nt OS err code: 0


***********************************************************************
Fatal NI connect error 12560, connecting to:
 (DESCRIPTION=(ADDRESS=(PROTOCOL=BEQ)(PROGRAM=oracle)(ARGV0=oracleORCL)(ARGS='(DESCRIPTION=(LOCAL=YES)(ADDRESS=(PROTOCOL=beq)))'))(CONNECT_DATA=(SID=ORCL)(CID=(PROGRAM=C:\Arquivos de programas\Borland\Delphi5\Bin\delphi32.exe)(HOST=DESENV0004)(USER=desenv0004))))

  VERSION INFORMATION:
	TNS for 32-bit Windows: Version 8.1.7.0.0 - Production
	Oracle Bequeath NT Protocol Adapter for 32-bit Windows: Version 8.1.7.0.0 - Production
  Time: 11-ABR-2003 10:12:19
  Tracing not turned on.
  Tns error struct:
    nr err code: 0
    ns main err code: 12560
    TNS-12560: TNS:erro de adaptador de protocolo
    ns secondary err code: 0
    nt main err code: 530
    TNS-00530: Erro do adaptador de protocolo
    nt secondary err code: 126
    nt OS err code: 0


***********************************************************************
Fatal NI connect error 12545, connecting to:
 (DESCRIPTION=(ADDRESS=(PROTOCOL=TCP)(HOST=CMBD1)(PORT=1521))(CONNECT_DATA=(SID=DES)(CID=(PROGRAM=C:\Arquivos de programas\Borland\Delphi5\Bin\delphi32.exe)(HOST=DESENV0004)(USER=desenv0004))))

  VERSION INFORMATION:
	TNS for 32-bit Windows: Version 8.1.7.0.0 - Production
	Windows NT TCP/IP NT Protocol Adapter for 32-bit Windows: Version 8.1.7.0.0 - Production
  Time: 11-ABR-2003 10:12:21
  Tracing not turned on.
  Tns error struct:
    nr err code: 0
    ns main err code: 12545
    TNS-12545: A conexão falhou porque o objeto ou host de destino não existe
    ns secondary err code: 12560
    nt main err code: 515
    TNS-00515: A conexão falhou porque o objeto ou host de destino não existe
    nt secondary err code: 1001
    nt OS err code: 0


***********************************************************************
Fatal NI connect error 12560, connecting to:
 (DESCRIPTION=(ADDRESS=(PROTOCOL=BEQ)(PROGRAM=oracle)(ARGV0=oracleORCL)(ARGS='(DESCRIPTION=(LOCAL=YES)(ADDRESS=(PROTOCOL=beq)))'))(CONNECT_DATA=(SID=ORCL)(CID=(PROGRAM=C:\Arquivos de programas\Borland\Delphi5\Bin\delphi32.exe)(HOST=DESENV0004)(USER=desenv0004))))

  VERSION INFORMATION:
	TNS for 32-bit Windows: Version 8.1.7.0.0 - Production
	Oracle Bequeath NT Protocol Adapter for 32-bit Windows: Version 8.1.7.0.0 - Production
  Time: 11-ABR-2003 10:12:21
  Tracing not turned on.
  Tns error struct:
    nr err code: 0
    ns main err code: 12560
    TNS-12560: TNS:erro de adaptador de protocolo
    ns secondary err code: 0
    nt main err code: 530
    TNS-00530: Erro do adaptador de protocolo
    nt secondary err code: 126
    nt OS err code: 0


***********************************************************************
Fatal NI connect error 12545, connecting to:
 (DESCRIPTION=(ADDRESS=(PROTOCOL=TCP)(HOST=CMBD1)(PORT=1521))(CONNECT_DATA=(SID=DES)(CID=(PROGRAM=C:\Arquivos de programas\Borland\Delphi5\Bin\delphi32.exe)(HOST=DESENV0004)(USER=desenv0004))))

  VERSION INFORMATION:
	TNS for 32-bit Windows: Version 8.1.7.0.0 - Production
	Windows NT TCP/IP NT Protocol Adapter for 32-bit Windows: Version 8.1.7.0.0 - Production
  Time: 11-ABR-2003 10:12:23
  Tracing not turned on.
  Tns error struct:
    nr err code: 0
    ns main err code: 12545
    TNS-12545: A conexão falhou porque o objeto ou host de destino não existe
    ns secondary err code: 12560
    nt main err code: 515
    TNS-00515: A conexão falhou porque o objeto ou host de destino não existe
    nt secondary err code: 1001
    nt OS err code: 0


***********************************************************************
Fatal NI connect error 12560, connecting to:
 (DESCRIPTION=(ADDRESS=(PROTOCOL=BEQ)(PROGRAM=oracle)(ARGV0=oracleORCL)(ARGS='(DESCRIPTION=(LOCAL=YES)(ADDRESS=(PROTOCOL=beq)))'))(CONNECT_DATA=(SID=ORCL)(CID=(PROGRAM=C:\Arquivos de programas\Borland\Delphi5\Bin\delphi32.exe)(HOST=DESENV0004)(USER=desenv0004))))

  VERSION INFORMATION:
	TNS for 32-bit Windows: Version 8.1.7.0.0 - Production
	Oracle Bequeath NT Protocol Adapter for 32-bit Windows: Version 8.1.7.0.0 - Production
  Time: 11-ABR-2003 10:12:23
  Tracing not turned on.
  Tns error struct:
    nr err code: 0
    ns main err code: 12560
    TNS-12560: TNS:erro de adaptador de protocolo
    ns secondary err code: 0
    nt main err code: 530
    TNS-00530: Erro do adaptador de protocolo
    nt secondary err code: 126
    nt OS err code: 0


***********************************************************************
Fatal NI connect error 12545, connecting to:
 (DESCRIPTION=(ADDRESS=(PROTOCOL=TCP)(HOST=CMBD1)(PORT=1521))(CONNECT_DATA=(SID=DES)(CID=(PROGRAM=C:\Arquivos de programas\Borland\Delphi5\Bin\delphi32.exe)(HOST=DESENV0004)(USER=desenv0004))))

  VERSION INFORMATION:
	TNS for 32-bit Windows: Version 8.1.7.0.0 - Production
	Windows NT TCP/IP NT Protocol Adapter for 32-bit Windows: Version 8.1.7.0.0 - Production
  Time: 11-ABR-2003 10:12:26
  Tracing not turned on.
  Tns error struct:
    nr err code: 0
    ns main err code: 12545
    TNS-12545: A conexão falhou porque o objeto ou host de destino não existe
    ns secondary err code: 12560
    nt main err code: 515
    TNS-00515: A conexão falhou porque o objeto ou host de destino não existe
    nt secondary err code: 1001
    nt OS err code: 0


***********************************************************************
Fatal NI connect error 12560, connecting to:
 (DESCRIPTION=(ADDRESS=(PROTOCOL=BEQ)(PROGRAM=oracle)(ARGV0=oracleORCL)(ARGS='(DESCRIPTION=(LOCAL=YES)(ADDRESS=(PROTOCOL=beq)))'))(CONNECT_DATA=(SID=ORCL)(CID=(PROGRAM=C:\Arquivos de programas\Borland\Delphi5\Bin\delphi32.exe)(HOST=DESENV0004)(USER=desenv0004))))

  VERSION INFORMATION:
	TNS for 32-bit Windows: Version 8.1.7.0.0 - Production
	Oracle Bequeath NT Protocol Adapter for 32-bit Windows: Version 8.1.7.0.0 - Production
  Time: 11-ABR-2003 10:12:26
  Tracing not turned on.
  Tns error struct:
    nr err code: 0
    ns main err code: 12560
    TNS-12560: TNS:erro de adaptador de protocolo
    ns secondary err code: 0
    nt main err code: 530
    TNS-00530: Erro do adaptador de protocolo
    nt secondary err code: 126
    nt OS err code: 0


***********************************************************************
Fatal NI connect error 12545, connecting to:
 (DESCRIPTION=(ADDRESS=(PROTOCOL=TCP)(HOST=CMBD1)(PORT=1521))(CONNECT_DATA=(SID=DES)(CID=(PROGRAM=C:\Arquivos de programas\Borland\Delphi5\Bin\delphi32.exe)(HOST=DESENV0004)(USER=desenv0004))))

  VERSION INFORMATION:
	TNS for 32-bit Windows: Version 8.1.7.0.0 - Production
	Windows NT TCP/IP NT Protocol Adapter for 32-bit Windows: Version 8.1.7.0.0 - Production
  Time: 11-ABR-2003 10:12:28
  Tracing not turned on.
  Tns error struct:
    nr err code: 0
    ns main err code: 12545
    TNS-12545: A conexão falhou porque o objeto ou host de destino não existe
    ns secondary err code: 12560
    nt main err code: 515
    TNS-00515: A conexão falhou porque o objeto ou host de destino não existe
    nt secondary err code: 1001
    nt OS err code: 0


***********************************************************************
Fatal NI connect error 12560, connecting to:
 (DESCRIPTION=(ADDRESS=(PROTOCOL=BEQ)(PROGRAM=oracle)(ARGV0=oracleORCL)(ARGS='(DESCRIPTION=(LOCAL=YES)(ADDRESS=(PROTOCOL=beq)))'))(CONNECT_DATA=(SID=ORCL)(CID=(PROGRAM=C:\Arquivos de programas\Borland\Delphi5\Bin\delphi32.exe)(HOST=DESENV0004)(USER=desenv0004))))

  VERSION INFORMATION:
	TNS for 32-bit Windows: Version 8.1.7.0.0 - Production
	Oracle Bequeath NT Protocol Adapter for 32-bit Windows: Version 8.1.7.0.0 - Production
  Time: 11-ABR-2003 10:12:28
  Tracing not turned on.
  Tns error struct:
    nr err code: 0
    ns main err code: 12560
    TNS-12560: TNS:erro de adaptador de protocolo
    ns secondary err code: 0
    nt main err code: 530
    TNS-00530: Erro do adaptador de protocolo
    nt secondary err code: 126
    nt OS err code: 0


***********************************************************************
Fatal NI connect error 12545, connecting to:
 (DESCRIPTION=(ADDRESS=(PROTOCOL=TCP)(HOST=CMBD1)(PORT=1521))(CONNECT_DATA=(SID=DES)(CID=(PROGRAM=C:\Arquivos de programas\Borland\Delphi5\Bin\delphi32.exe)(HOST=DESENV0004)(USER=desenv0004))))

  VERSION INFORMATION:
	TNS for 32-bit Windows: Version 8.1.7.0.0 - Production
	Windows NT TCP/IP NT Protocol Adapter for 32-bit Windows: Version 8.1.7.0.0 - Production
  Time: 11-ABR-2003 10:12:30
  Tracing not turned on.
  Tns error struct:
    nr err code: 0
    ns main err code: 12545
    TNS-12545: A conexão falhou porque o objeto ou host de destino não existe
    ns secondary err code: 12560
    nt main err code: 515
    TNS-00515: A conexão falhou porque o objeto ou host de destino não existe
    nt secondary err code: 1001
    nt OS err code: 0


***********************************************************************
Fatal NI connect error 12560, connecting to:
 (DESCRIPTION=(ADDRESS=(PROTOCOL=BEQ)(PROGRAM=oracle)(ARGV0=oracleORCL)(ARGS='(DESCRIPTION=(LOCAL=YES)(ADDRESS=(PROTOCOL=beq)))'))(CONNECT_DATA=(SID=ORCL)(CID=(PROGRAM=C:\Arquivos de programas\Borland\Delphi5\Bin\delphi32.exe)(HOST=DESENV0004)(USER=desenv0004))))

  VERSION INFORMATION:
	TNS for 32-bit Windows: Version 8.1.7.0.0 - Production
	Oracle Bequeath NT Protocol Adapter for 32-bit Windows: Version 8.1.7.0.0 - Production
  Time: 11-ABR-2003 10:12:30
  Tracing not turned on.
  Tns error struct:
    nr err code: 0
    ns main err code: 12560
    TNS-12560: TNS:erro de adaptador de protocolo
    ns secondary err code: 0
    nt main err code: 530
    TNS-00530: Erro do adaptador de protocolo
    nt secondary err code: 126
    nt OS err code: 0


***********************************************************************
Fatal NI connect error 12545, connecting to:
 (DESCRIPTION=(ADDRESS=(PROTOCOL=TCP)(HOST=CMBD1)(PORT=1521))(CONNECT_DATA=(SID=DES)(CID=(PROGRAM=C:\Arquivos de programas\Borland\Delphi5\Bin\delphi32.exe)(HOST=DESENV0004)(USER=desenv0004))))

  VERSION INFORMATION:
	TNS for 32-bit Windows: Version 8.1.7.0.0 - Production
	Windows NT TCP/IP NT Protocol Adapter for 32-bit Windows: Version 8.1.7.0.0 - Production
  Time: 11-ABR-2003 10:12:33
  Tracing not turned on.
  Tns error struct:
    nr err code: 0
    ns main err code: 12545
    TNS-12545: A conexão falhou porque o objeto ou host de destino não existe
    ns secondary err code: 12560
    nt main err code: 515
    TNS-00515: A conexão falhou porque o objeto ou host de destino não existe
    nt secondary err code: 1001
    nt OS err code: 0


***********************************************************************
Fatal NI connect error 12560, connecting to:
 (DESCRIPTION=(ADDRESS=(PROTOCOL=BEQ)(PROGRAM=oracle)(ARGV0=oracleORCL)(ARGS='(DESCRIPTION=(LOCAL=YES)(ADDRESS=(PROTOCOL=beq)))'))(CONNECT_DATA=(SID=ORCL)(CID=(PROGRAM=C:\Arquivos de programas\Borland\Delphi5\Bin\delphi32.exe)(HOST=DESENV0004)(USER=desenv0004))))

  VERSION INFORMATION:
	TNS for 32-bit Windows: Version 8.1.7.0.0 - Production
	Oracle Bequeath NT Protocol Adapter for 32-bit Windows: Version 8.1.7.0.0 - Production
  Time: 11-ABR-2003 10:12:33
  Tracing not turned on.
  Tns error struct:
    nr err code: 0
    ns main err code: 12560
    TNS-12560: TNS:erro de adaptador de protocolo
    ns secondary err code: 0
    nt main err code: 530
    TNS-00530: Erro do adaptador de protocolo
    nt secondary err code: 126
    nt OS err code: 0


***********************************************************************
Fatal NI connect error 12545, connecting to:
 (DESCRIPTION=(ADDRESS=(PROTOCOL=TCP)(HOST=CMBD1)(PORT=1521))(CONNECT_DATA=(SID=DES)(CID=(PROGRAM=C:\Arquivos de programas\Borland\Delphi5\Bin\delphi32.exe)(HOST=DESENV0004)(USER=desenv0004))))

  VERSION INFORMATION:
	TNS for 32-bit Windows: Version 8.1.7.0.0 - Production
	Windows NT TCP/IP NT Protocol Adapter for 32-bit Windows: Version 8.1.7.0.0 - Production
  Time: 11-ABR-2003 10:12:35
  Tracing not turned on.
  Tns error struct:
    nr err code: 0
    ns main err code: 12545
    TNS-12545: A conexão falhou porque o objeto ou host de destino não existe
    ns secondary err code: 12560
    nt main err code: 515
    TNS-00515: A conexão falhou porque o objeto ou host de destino não existe
    nt secondary err code: 1001
    nt OS err code: 0


***********************************************************************
Fatal NI connect error 12560, connecting to:
 (DESCRIPTION=(ADDRESS=(PROTOCOL=BEQ)(PROGRAM=oracle)(ARGV0=oracleORCL)(ARGS='(DESCRIPTION=(LOCAL=YES)(ADDRESS=(PROTOCOL=beq)))'))(CONNECT_DATA=(SID=ORCL)(CID=(PROGRAM=C:\Arquivos de programas\Borland\Delphi5\Bin\delphi32.exe)(HOST=DESENV0004)(USER=desenv0004))))

  VERSION INFORMATION:
	TNS for 32-bit Windows: Version 8.1.7.0.0 - Production
	Oracle Bequeath NT Protocol Adapter for 32-bit Windows: Version 8.1.7.0.0 - Production
  Time: 11-ABR-2003 10:12:35
  Tracing not turned on.
  Tns error struct:
    nr err code: 0
    ns main err code: 12560
    TNS-12560: TNS:erro de adaptador de protocolo
    ns secondary err code: 0
    nt main err code: 530
    TNS-00530: Erro do adaptador de protocolo
    nt secondary err code: 126
    nt OS err code: 0


***********************************************************************
Fatal NI connect error 12545, connecting to:
 (DESCRIPTION=(ADDRESS=(PROTOCOL=TCP)(HOST=CMBD1)(PORT=1521))(CONNECT_DATA=(SID=DES)(CID=(PROGRAM=C:\Arquivos de programas\Borland\Delphi5\Bin\delphi32.exe)(HOST=DESENV0004)(USER=desenv0004))))

  VERSION INFORMATION:
	TNS for 32-bit Windows: Version 8.1.7.0.0 - Production
	Windows NT TCP/IP NT Protocol Adapter for 32-bit Windows: Version 8.1.7.0.0 - Production
  Time: 11-ABR-2003 10:12:37
  Tracing not turned on.
  Tns error struct:
    nr err code: 0
    ns main err code: 12545
    TNS-12545: A conexão falhou porque o objeto ou host de destino não existe
    ns secondary err code: 12560
    nt main err code: 515
    TNS-00515: A conexão falhou porque o objeto ou host de destino não existe
    nt secondary err code: 1001
    nt OS err code: 0


***********************************************************************
Fatal NI connect error 12560, connecting to:
 (DESCRIPTION=(ADDRESS=(PROTOCOL=BEQ)(PROGRAM=oracle)(ARGV0=oracleORCL)(ARGS='(DESCRIPTION=(LOCAL=YES)(ADDRESS=(PROTOCOL=beq)))'))(CONNECT_DATA=(SID=ORCL)(CID=(PROGRAM=C:\Arquivos de programas\Borland\Delphi5\Bin\delphi32.exe)(HOST=DESENV0004)(USER=desenv0004))))

  VERSION INFORMATION:
	TNS for 32-bit Windows: Version 8.1.7.0.0 - Production
	Oracle Bequeath NT Protocol Adapter for 32-bit Windows: Version 8.1.7.0.0 - Production
  Time: 11-ABR-2003 10:12:37
  Tracing not turned on.
  Tns error struct:
    nr err code: 0
    ns main err code: 12560
    TNS-12560: TNS:erro de adaptador de protocolo
    ns secondary err code: 0
    nt main err code: 530
    TNS-00530: Erro do adaptador de protocolo
    nt secondary err code: 126
    nt OS err code: 0


***********************************************************************
Fatal NI connect error 12545, connecting to:
 (DESCRIPTION=(ADDRESS=(PROTOCOL=TCP)(HOST=CMBD1)(PORT=1521))(CONNECT_DATA=(SID=DES)(CID=(PROGRAM=C:\Arquivos de programas\Borland\Delphi5\Bin\delphi32.exe)(HOST=DESENV0004)(USER=desenv0004))))

  VERSION INFORMATION:
	TNS for 32-bit Windows: Version 8.1.7.0.0 - Production
	Windows NT TCP/IP NT Protocol Adapter for 32-bit Windows: Version 8.1.7.0.0 - Production
  Time: 11-ABR-2003 10:12:40
  Tracing not turned on.
  Tns error struct:
    nr err code: 0
    ns main err code: 12545
    TNS-12545: A conexão falhou porque o objeto ou host de destino não existe
    ns secondary err code: 12560
    nt main err code: 515
    TNS-00515: A conexão falhou porque o objeto ou host de destino não existe
    nt secondary err code: 1001
    nt OS err code: 0


***********************************************************************
Fatal NI connect error 12560, connecting to:
 (DESCRIPTION=(ADDRESS=(PROTOCOL=BEQ)(PROGRAM=oracle)(ARGV0=oracleORCL)(ARGS='(DESCRIPTION=(LOCAL=YES)(ADDRESS=(PROTOCOL=beq)))'))(CONNECT_DATA=(SID=ORCL)(CID=(PROGRAM=C:\Arquivos de programas\Borland\Delphi5\Bin\delphi32.exe)(HOST=DESENV0004)(USER=desenv0004))))

  VERSION INFORMATION:
	TNS for 32-bit Windows: Version 8.1.7.0.0 - Production
	Oracle Bequeath NT Protocol Adapter for 32-bit Windows: Version 8.1.7.0.0 - Production
  Time: 11-ABR-2003 10:12:40
  Tracing not turned on.
  Tns error struct:
    nr err code: 0
    ns main err code: 12560
    TNS-12560: TNS:erro de adaptador de protocolo
    ns secondary err code: 0
    nt main err code: 530
    TNS-00530: Erro do adaptador de protocolo
    nt secondary err code: 126
    nt OS err code: 0


***********************************************************************
Fatal NI connect error 12545, connecting to:
 (DESCRIPTION=(ADDRESS=(PROTOCOL=TCP)(HOST=CMBD1)(PORT=1521))(CONNECT_DATA=(SID=DES)(CID=(PROGRAM=C:\Arquivos de programas\Borland\Delphi5\Bin\delphi32.exe)(HOST=DESENV0004)(USER=desenv0004))))

  VERSION INFORMATION:
	TNS for 32-bit Windows: Version 8.1.7.0.0 - Production
	Windows NT TCP/IP NT Protocol Adapter for 32-bit Windows: Version 8.1.7.0.0 - Production
  Time: 11-ABR-2003 10:12:42
  Tracing not turned on.
  Tns error struct:
    nr err code: 0
    ns main err code: 12545
    TNS-12545: A conexão falhou porque o objeto ou host de destino não existe
    ns secondary err code: 12560
    nt main err code: 515
    TNS-00515: A conexão falhou porque o objeto ou host de destino não existe
    nt secondary err code: 1001
    nt OS err code: 0


***********************************************************************
Fatal NI connect error 12560, connecting to:
 (DESCRIPTION=(ADDRESS=(PROTOCOL=BEQ)(PROGRAM=oracle)(ARGV0=oracleORCL)(ARGS='(DESCRIPTION=(LOCAL=YES)(ADDRESS=(PROTOCOL=beq)))'))(CONNECT_DATA=(SID=ORCL)(CID=(PROGRAM=C:\Arquivos de programas\Borland\Delphi5\Bin\delphi32.exe)(HOST=DESENV0004)(USER=desenv0004))))

  VERSION INFORMATION:
	TNS for 32-bit Windows: Version 8.1.7.0.0 - Production
	Oracle Bequeath NT Protocol Adapter for 32-bit Windows: Version 8.1.7.0.0 - Production
  Time: 11-ABR-2003 10:12:42
  Tracing not turned on.
  Tns error struct:
    nr err code: 0
    ns main err code: 12560
    TNS-12560: TNS:erro de adaptador de protocolo
    ns secondary err code: 0
    nt main err code: 530
    TNS-00530: Erro do adaptador de protocolo
    nt secondary err code: 126
    nt OS err code: 0


***********************************************************************
Fatal NI connect error 12545, connecting to:
 (DESCRIPTION=(ADDRESS=(PROTOCOL=TCP)(HOST=CMBD1)(PORT=1521))(CONNECT_DATA=(SID=DES)(CID=(PROGRAM=C:\Arquivos de programas\Borland\Delphi5\Bin\delphi32.exe)(HOST=DESENV0004)(USER=desenv0004))))

  VERSION INFORMATION:
	TNS for 32-bit Windows: Version 8.1.7.0.0 - Production
	Windows NT TCP/IP NT Protocol Adapter for 32-bit Windows: Version 8.1.7.0.0 - Production
  Time: 11-ABR-2003 10:12:44
  Tracing not turned on.
  Tns error struct:
    nr err code: 0
    ns main err code: 12545
    TNS-12545: A conexão falhou porque o objeto ou host de destino não existe
    ns secondary err code: 12560
    nt main err code: 515
    TNS-00515: A conexão falhou porque o objeto ou host de destino não existe
    nt secondary err code: 1001
    nt OS err code: 0


***********************************************************************
Fatal NI connect error 12560, connecting to:
 (DESCRIPTION=(ADDRESS=(PROTOCOL=BEQ)(PROGRAM=oracle)(ARGV0=oracleORCL)(ARGS='(DESCRIPTION=(LOCAL=YES)(ADDRESS=(PROTOCOL=beq)))'))(CONNECT_DATA=(SID=ORCL)(CID=(PROGRAM=C:\Arquivos de programas\Borland\Delphi5\Bin\delphi32.exe)(HOST=DESENV0004)(USER=desenv0004))))

  VERSION INFORMATION:
	TNS for 32-bit Windows: Version 8.1.7.0.0 - Production
	Oracle Bequeath NT Protocol Adapter for 32-bit Windows: Version 8.1.7.0.0 - Production
  Time: 11-ABR-2003 10:12:44
  Tracing not turned on.
  Tns error struct:
    nr err code: 0
    ns main err code: 12560
    TNS-12560: TNS:erro de adaptador de protocolo
    ns secondary err code: 0
    nt main err code: 530
    TNS-00530: Erro do adaptador de protocolo
    nt secondary err code: 126
    nt OS err code: 0


***********************************************************************
Fatal NI connect error 12545, connecting to:
 (DESCRIPTION=(ADDRESS=(PROTOCOL=TCP)(HOST=CMBD1)(PORT=1521))(CONNECT_DATA=(SID=DES)(CID=(PROGRAM=C:\Arquivos de programas\Borland\Delphi5\Bin\delphi32.exe)(HOST=DESENV0004)(USER=desenv0004))))

  VERSION INFORMATION:
	TNS for 32-bit Windows: Version 8.1.7.0.0 - Production
	Windows NT TCP/IP NT Protocol Adapter for 32-bit Windows: Version 8.1.7.0.0 - Production
  Time: 11-ABR-2003 10:12:47
  Tracing not turned on.
  Tns error struct:
    nr err code: 0
    ns main err code: 12545
    TNS-12545: A conexão falhou porque o objeto ou host de destino não existe
    ns secondary err code: 12560
    nt main err code: 515
    TNS-00515: A conexão falhou porque o objeto ou host de destino não existe
    nt secondary err code: 1001
    nt OS err code: 0


***********************************************************************
Fatal NI connect error 12560, connecting to:
 (DESCRIPTION=(ADDRESS=(PROTOCOL=BEQ)(PROGRAM=oracle)(ARGV0=oracleORCL)(ARGS='(DESCRIPTION=(LOCAL=YES)(ADDRESS=(PROTOCOL=beq)))'))(CONNECT_DATA=(SID=ORCL)(CID=(PROGRAM=C:\Arquivos de programas\Borland\Delphi5\Bin\delphi32.exe)(HOST=DESENV0004)(USER=desenv0004))))

  VERSION INFORMATION:
	TNS for 32-bit Windows: Version 8.1.7.0.0 - Production
	Oracle Bequeath NT Protocol Adapter for 32-bit Windows: Version 8.1.7.0.0 - Production
  Time: 11-ABR-2003 10:12:47
  Tracing not turned on.
  Tns error struct:
    nr err code: 0
    ns main err code: 12560
    TNS-12560: TNS:erro de adaptador de protocolo
    ns secondary err code: 0
    nt main err code: 530
    TNS-00530: Erro do adaptador de protocolo
    nt secondary err code: 126
    nt OS err code: 0


***********************************************************************
Fatal NI connect error 12545, connecting to:
 (DESCRIPTION=(ADDRESS=(PROTOCOL=TCP)(HOST=CMBD1)(PORT=1521))(CONNECT_DATA=(SID=DES)(CID=(PROGRAM=C:\Arquivos de programas\Borland\Delphi5\Bin\delphi32.exe)(HOST=DESENV0004)(USER=desenv0004))))

  VERSION INFORMATION:
	TNS for 32-bit Windows: Version 8.1.7.0.0 - Production
	Windows NT TCP/IP NT Protocol Adapter for 32-bit Windows: Version 8.1.7.0.0 - Production
  Time: 11-ABR-2003 10:14:40
  Tracing not turned on.
  Tns error struct:
    nr err code: 0
    ns main err code: 12545
    TNS-12545: A conexão falhou porque o objeto ou host de destino não existe
    ns secondary err code: 12560
    nt main err code: 515
    TNS-00515: A conexão falhou porque o objeto ou host de destino não existe
    nt secondary err code: 1001
    nt OS err code: 0


***********************************************************************
Fatal NI connect error 12560, connecting to:
 (DESCRIPTION=(ADDRESS=(PROTOCOL=BEQ)(PROGRAM=oracle)(ARGV0=oracleORCL)(ARGS='(DESCRIPTION=(LOCAL=YES)(ADDRESS=(PROTOCOL=beq)))'))(CONNECT_DATA=(SID=ORCL)(CID=(PROGRAM=C:\Arquivos de programas\Borland\Delphi5\Bin\delphi32.exe)(HOST=DESENV0004)(USER=desenv0004))))

  VERSION INFORMATION:
	TNS for 32-bit Windows: Version 8.1.7.0.0 - Production
	Oracle Bequeath NT Protocol Adapter for 32-bit Windows: Version 8.1.7.0.0 - Production
  Time: 11-ABR-2003 10:14:40
  Tracing not turned on.
  Tns error struct:
    nr err code: 0
    ns main err code: 12560
    TNS-12560: TNS:erro de adaptador de protocolo
    ns secondary err code: 0
    nt main err code: 530
    TNS-00530: Erro do adaptador de protocolo
    nt secondary err code: 126
    nt OS err code: 0


***********************************************************************
Fatal NI connect error 12545, connecting to:
 (DESCRIPTION=(ADDRESS=(PROTOCOL=TCP)(HOST=CMBD1)(PORT=1521))(CONNECT_DATA=(SID=DES)(CID=(PROGRAM=C:\Arquivos de programas\Borland\Delphi5\Bin\delphi32.exe)(HOST=DESENV0004)(USER=desenv0004))))

  VERSION INFORMATION:
	TNS for 32-bit Windows: Version 8.1.7.0.0 - Production
	Windows NT TCP/IP NT Protocol Adapter for 32-bit Windows: Version 8.1.7.0.0 - Production
  Time: 11-ABR-2003 10:24:53
  Tracing not turned on.
  Tns error struct:
    nr err code: 0
    ns main err code: 12545
    TNS-12545: A conexão falhou porque o objeto ou host de destino não existe
    ns secondary err code: 12560
    nt main err code: 515
    TNS-00515: A conexão falhou porque o objeto ou host de destino não existe
    nt secondary err code: 1001
    nt OS err code: 0


***********************************************************************
Fatal NI connect error 12560, connecting to:
 (DESCRIPTION=(ADDRESS=(PROTOCOL=BEQ)(PROGRAM=oracle)(ARGV0=oracleORCL)(ARGS='(DESCRIPTION=(LOCAL=YES)(ADDRESS=(PROTOCOL=beq)))'))(CONNECT_DATA=(SID=ORCL)(CID=(PROGRAM=C:\Arquivos de programas\Borland\Delphi5\Bin\delphi32.exe)(HOST=DESENV0004)(USER=desenv0004))))

  VERSION INFORMATION:
	TNS for 32-bit Windows: Version 8.1.7.0.0 - Production
	Oracle Bequeath NT Protocol Adapter for 32-bit Windows: Version 8.1.7.0.0 - Production
  Time: 11-ABR-2003 10:24:53
  Tracing not turned on.
  Tns error struct:
    nr err code: 0
    ns main err code: 12560
    TNS-12560: TNS:erro de adaptador de protocolo
    ns secondary err code: 0
    nt main err code: 530
    TNS-00530: Erro do adaptador de protocolo
    nt secondary err code: 126
    nt OS err code: 0


***********************************************************************
Fatal NI connect error 12203, connecting to:
 (DESCRIPTION=(ADDRESS_LIST=(ADDRESS=(PROTOCOL=BEQ)(PROGRAM=oracle80)(ARGV0=oracle80ORCL)(ARGS='(DESCRIPTION=(LOCAL=YES)(ADDRESS=(PROTOCOL=beq)))')))(CONNECT_DATA=(SID=ORCL)(CID=(PROGRAM=C:\Arquivos de programas\Borland\Delphi5\Bin\delphi32.exe)(HOST=CBS102)(USER=CM))))

  VERSION INFORMATION:
	TNS for 32-bit Windows: Version 8.0.5.0.0 - Production
	Oracle Bequeath NT Protocol Adapter for 32-bit Windows: Version 8.0.5.0.0 - Production
  Time: 23-ABR-03 10:41:41
  Tracing not turned on.
  Tns error struct:
    nr err code: 12203
    TNS-12203: TNS:não é possível estabelecer conexão com o destino
    ns main err code: 12560
    TNS-12560: TNS:erro do adaptador de protocolo
    ns secondary err code: 0
    nt main err code: 530
    TNS-00530: Erro do adaptador de protocolo
    nt secondary err code: 0
    nt OS err code: 0


***********************************************************************
Fatal NI connect error 12560, connecting to:
 (DESCRIPTION=(ADDRESS=(PROTOCOL=BEQ)(PROGRAM=oracle)(ARGV0=oracleORCL)(ARGS='(DESCRIPTION=(LOCAL=YES)(ADDRESS=(PROTOCOL=beq)))'))(CONNECT_DATA=(SID=ORCL)(CID=(PROGRAM=C:\Arquivos de programas\Borland\Delphi5\Bin\delphi32.exe)(HOST=DESENV0004)(USER=desenv0004))))

  VERSION INFORMATION:
	TNS for 32-bit Windows: Version 8.1.7.0.0 - Production
	Oracle Bequeath NT Protocol Adapter for 32-bit Windows: Version 8.1.7.0.0 - Production
  Time: 30-ABR-2003 15:55:43
  Tracing not turned on.
  Tns error struct:
    nr err code: 0
    ns main err code: 12560
    TNS-12560: TNS:erro de adaptador de protocolo
    ns secondary err code: 0
    nt main err code: 530
    TNS-00530: Erro do adaptador de protocolo
    nt secondary err code: 126
    nt OS err code: 0


***********************************************************************
Fatal NI connect error 12560, connecting to:
 (DESCRIPTION=(ADDRESS=(PROTOCOL=BEQ)(PROGRAM=oracle)(ARGV0=oracleORCL)(ARGS='(DESCRIPTION=(LOCAL=YES)(ADDRESS=(PROTOCOL=beq)))'))(CONNECT_DATA=(SID=ORCL)(CID=(PROGRAM=C:\Arquivos de programas\Borland\Delphi5\Bin\delphi32.exe)(HOST=DESENV0004)(USER=desenv0004))))

  VERSION INFORMATION:
	TNS for 32-bit Windows: Version 8.1.7.0.0 - Production
	Oracle Bequeath NT Protocol Adapter for 32-bit Windows: Version 8.1.7.0.0 - Production
  Time: 30-ABR-2003 15:55:44
  Tracing not turned on.
  Tns error struct:
    nr err code: 0
    ns main err code: 12560
    TNS-12560: TNS:erro de adaptador de protocolo
    ns secondary err code: 0
    nt main err code: 530
    TNS-00530: Erro do adaptador de protocolo
    nt secondary err code: 126
    nt OS err code: 0


***********************************************************************
Fatal NI connect error 12560, connecting to:
 (DESCRIPTION=(ADDRESS=(PROTOCOL=BEQ)(PROGRAM=oracle)(ARGV0=oracleORCL)(ARGS='(DESCRIPTION=(LOCAL=YES)(ADDRESS=(PROTOCOL=beq)))'))(CONNECT_DATA=(SID=ORCL)(CID=(PROGRAM=C:\Arquivos de programas\Borland\Delphi5\Bin\delphi32.exe)(HOST=DESENV0004)(USER=desenv0004))))

  VERSION INFORMATION:
	TNS for 32-bit Windows: Version 8.1.7.0.0 - Production
	Oracle Bequeath NT Protocol Adapter for 32-bit Windows: Version 8.1.7.0.0 - Production
  Time: 30-ABR-2003 16:03:32
  Tracing not turned on.
  Tns error struct:
    nr err code: 0
    ns main err code: 12560
    TNS-12560: TNS:erro de adaptador de protocolo
    ns secondary err code: 0
    nt main err code: 530
    TNS-00530: Erro do adaptador de protocolo
    nt secondary err code: 126
    nt OS err code: 0


***********************************************************************
Fatal NI connect error 12560, connecting to:
 (DESCRIPTION=(ADDRESS=(PROTOCOL=BEQ)(PROGRAM=oracle)(ARGV0=oracleORCL)(ARGS='(DESCRIPTION=(LOCAL=YES)(ADDRESS=(PROTOCOL=beq)))'))(CONNECT_DATA=(SID=ORCL)(CID=(PROGRAM=C:\Arquivos de programas\Borland\Delphi5\Bin\delphi32.exe)(HOST=DESENV0004)(USER=desenv0004))))

  VERSION INFORMATION:
	TNS for 32-bit Windows: Version 8.1.7.0.0 - Production
	Oracle Bequeath NT Protocol Adapter for 32-bit Windows: Version 8.1.7.0.0 - Production
  Time: 30-ABR-2003 16:03:32
  Tracing not turned on.
  Tns error struct:
    nr err code: 0
    ns main err code: 12560
    TNS-12560: TNS:erro de adaptador de protocolo
    ns secondary err code: 0
    nt main err code: 530
    TNS-00530: Erro do adaptador de protocolo
    nt secondary err code: 126
    nt OS err code: 0


***********************************************************************
Fatal NI connect error 12560, connecting to:
 (DESCRIPTION=(ADDRESS=(PROTOCOL=BEQ)(PROGRAM=oracle)(ARGV0=oracleORCL)(ARGS='(DESCRIPTION=(LOCAL=YES)(ADDRESS=(PROTOCOL=beq)))'))(CONNECT_DATA=(SID=ORCL)(CID=(PROGRAM=C:\Arquivos de programas\Borland\Delphi5\Bin\delphi32.exe)(HOST=DESENV0004)(USER=desenv0004))))

  VERSION INFORMATION:
	TNS for 32-bit Windows: Version 8.1.7.0.0 - Production
	Oracle Bequeath NT Protocol Adapter for 32-bit Windows: Version 8.1.7.0.0 - Production
  Time: 30-ABR-2003 16:03:36
  Tracing not turned on.
  Tns error struct:
    nr err code: 0
    ns main err code: 12560
    TNS-12560: TNS:erro de adaptador de protocolo
    ns secondary err code: 0
    nt main err code: 530
    TNS-00530: Erro do adaptador de protocolo
    nt secondary err code: 126
    nt OS err code: 0


***********************************************************************
Fatal NI connect error 12560, connecting to:
 (DESCRIPTION=(ADDRESS=(PROTOCOL=BEQ)(PROGRAM=oracle)(ARGV0=oracleORCL)(ARGS='(DESCRIPTION=(LOCAL=YES)(ADDRESS=(PROTOCOL=beq)))'))(CONNECT_DATA=(SID=ORCL)(CID=(PROGRAM=C:\Arquivos de programas\Borland\Delphi5\Bin\delphi32.exe)(HOST=DESENV0004)(USER=desenv0004))))

  VERSION INFORMATION:
	TNS for 32-bit Windows: Version 8.1.7.0.0 - Production
	Oracle Bequeath NT Protocol Adapter for 32-bit Windows: Version 8.1.7.0.0 - Production
  Time: 30-ABR-2003 16:03:36
  Tracing not turned on.
  Tns error struct:
    nr err code: 0
    ns main err code: 12560
    TNS-12560: TNS:erro de adaptador de protocolo
    ns secondary err code: 0
    nt main err code: 530
    TNS-00530: Erro do adaptador de protocolo
    nt secondary err code: 126
    nt OS err code: 0


***********************************************************************
Fatal NI connect error 12545, connecting to:
 (DESCRIPTION=(ADDRESS=(PROTOCOL=TCP)(HOST=CMBD1)(PORT=1521))(CONNECT_DATA=(SID=DES)(CID=(PROGRAM=C:\Arquivos de programas\Borland\Delphi5\Bin\delphi32.exe)(HOST=DESENV0004)(USER=desenv0004))))

  VERSION INFORMATION:
	TNS for 32-bit Windows: Version 8.1.7.0.0 - Production
	Windows NT TCP/IP NT Protocol Adapter for 32-bit Windows: Version 8.1.7.0.0 - Production
  Time: 06-MAI-2003 14:41:11
  Tracing not turned on.
  Tns error struct:
    nr err code: 0
    ns main err code: 12545
    TNS-12545: A conexão falhou porque o objeto ou host de destino não existe
    ns secondary err code: 12560
    nt main err code: 515
    TNS-00515: A conexão falhou porque o objeto ou host de destino não existe
    nt secondary err code: 1001
    nt OS err code: 0


***********************************************************************
Fatal NI connect error 12560, connecting to:
 (DESCRIPTION=(ADDRESS=(PROTOCOL=BEQ)(PROGRAM=oracle)(ARGV0=oracleORCL)(ARGS='(DESCRIPTION=(LOCAL=YES)(ADDRESS=(PROTOCOL=beq)))'))(CONNECT_DATA=(SID=ORCL)(CID=(PROGRAM=C:\Arquivos de programas\Borland\Delphi5\Bin\delphi32.exe)(HOST=DESENV0004)(USER=desenv0004))))

  VERSION INFORMATION:
	TNS for 32-bit Windows: Version 8.1.7.0.0 - Production
	Oracle Bequeath NT Protocol Adapter for 32-bit Windows: Version 8.1.7.0.0 - Production
  Time: 06-MAI-2003 14:41:15
  Tracing not turned on.
  Tns error struct:
    nr err code: 0
    ns main err code: 12560
    TNS-12560: TNS:erro de adaptador de protocolo
    ns secondary err code: 0
    nt main err code: 530
    TNS-00530: Erro do adaptador de protocolo
    nt secondary err code: 126
    nt OS err code: 0


***********************************************************************
Fatal NI connect error 12560, connecting to:
 (DESCRIPTION=(ADDRESS=(PROTOCOL=BEQ)(PROGRAM=oracle)(ARGV0=oracleORCL)(ARGS='(DESCRIPTION=(LOCAL=YES)(ADDRESS=(PROTOCOL=beq)))'))(CONNECT_DATA=(SID=ORCL)(CID=(PROGRAM=C:\Arquivos de programas\Borland\Delphi5\Bin\delphi32.exe)(HOST=DESENV0004)(USER=desenv0004))))

  VERSION INFORMATION:
	TNS for 32-bit Windows: Version 8.1.7.0.0 - Production
	Oracle Bequeath NT Protocol Adapter for 32-bit Windows: Version 8.1.7.0.0 - Production
  Time: 06-MAI-2003 15:16:43
  Tracing not turned on.
  Tns error struct:
    nr err code: 0
    ns main err code: 12560
    TNS-12560: TNS:erro de adaptador de protocolo
    ns secondary err code: 0
    nt main err code: 530
    TNS-00530: Erro do adaptador de protocolo
    nt secondary err code: 126
    nt OS err code: 0


***********************************************************************
Fatal NI connect error 12560, connecting to:
 (DESCRIPTION=(ADDRESS=(PROTOCOL=BEQ)(PROGRAM=oracle)(ARGV0=oracleORCL)(ARGS='(DESCRIPTION=(LOCAL=YES)(ADDRESS=(PROTOCOL=beq)))'))(CONNECT_DATA=(SID=ORCL)(CID=(PROGRAM=C:\Arquivos de programas\Borland\Delphi5\Bin\delphi32.exe)(HOST=DESENV0004)(USER=desenv0004))))

  VERSION INFORMATION:
	TNS for 32-bit Windows: Version 8.1.7.0.0 - Production
	Oracle Bequeath NT Protocol Adapter for 32-bit Windows: Version 8.1.7.0.0 - Production
  Time: 06-MAI-2003 15:16:50
  Tracing not turned on.
  Tns error struct:
    nr err code: 0
    ns main err code: 12560
    TNS-12560: TNS:erro de adaptador de protocolo
    ns secondary err code: 0
    nt main err code: 530
    TNS-00530: Erro do adaptador de protocolo
    nt secondary err code: 126
    nt OS err code: 0


***********************************************************************
Fatal NI connect error 12560, connecting to:
 (DESCRIPTION=(ADDRESS=(PROTOCOL=BEQ)(PROGRAM=oracle)(ARGV0=oracleORCL)(ARGS='(DESCRIPTION=(LOCAL=YES)(ADDRESS=(PROTOCOL=beq)))'))(CONNECT_DATA=(SID=ORCL)(CID=(PROGRAM=C:\Arquivos de programas\Borland\Delphi5\Bin\delphi32.exe)(HOST=DESENV0004)(USER=desenv0004))))

  VERSION INFORMATION:
	TNS for 32-bit Windows: Version 8.1.7.0.0 - Production
	Oracle Bequeath NT Protocol Adapter for 32-bit Windows: Version 8.1.7.0.0 - Production
  Time: 06-MAI-2003 15:16:50
  Tracing not turned on.
  Tns error struct:
    nr err code: 0
    ns main err code: 12560
    TNS-12560: TNS:erro de adaptador de protocolo
    ns secondary err code: 0
    nt main err code: 530
    TNS-00530: Erro do adaptador de protocolo
    nt secondary err code: 126
    nt OS err code: 0


***********************************************************************
Fatal NI connect error 12545, connecting to:
 (DESCRIPTION=(ADDRESS=(PROTOCOL=TCP)(HOST=CMBD1)(PORT=1521))(CONNECT_DATA=(SID=DES)(CID=(PROGRAM=C:\Arquivos de programas\Borland\Delphi5\Bin\delphi32.exe)(HOST=DESENV0004)(USER=desenv0004))))

  VERSION INFORMATION:
	TNS for 32-bit Windows: Version 8.1.7.0.0 - Production
	Windows NT TCP/IP NT Protocol Adapter for 32-bit Windows: Version 8.1.7.0.0 - Production
  Time: 07-MAI-2003 17:12:40
  Tracing not turned on.
  Tns error struct:
    nr err code: 0
    ns main err code: 12545
    TNS-12545: A conexão falhou porque o objeto ou host de destino não existe
    ns secondary err code: 12560
    nt main err code: 515
    TNS-00515: A conexão falhou porque o objeto ou host de destino não existe
    nt secondary err code: 1001
    nt OS err code: 0


***********************************************************************
Fatal NI connect error 12560, connecting to:
 (DESCRIPTION=(ADDRESS=(PROTOCOL=BEQ)(PROGRAM=oracle)(ARGV0=oracleORCL)(ARGS='(DESCRIPTION=(LOCAL=YES)(ADDRESS=(PROTOCOL=beq)))'))(CONNECT_DATA=(SID=ORCL)(CID=(PROGRAM=C:\Arquivos de programas\Borland\Delphi5\Bin\delphi32.exe)(HOST=DESENV0004)(USER=desenv0004))))

  VERSION INFORMATION:
	TNS for 32-bit Windows: Version 8.1.7.0.0 - Production
	Oracle Bequeath NT Protocol Adapter for 32-bit Windows: Version 8.1.7.0.0 - Production
  Time: 07-MAI-2003 17:12:42
  Tracing not turned on.
  Tns error struct:
    nr err code: 0
    ns main err code: 12560
    TNS-12560: TNS:erro de adaptador de protocolo
    ns secondary err code: 0
    nt main err code: 530
    TNS-00530: Erro do adaptador de protocolo
    nt secondary err code: 126
    nt OS err code: 0


***********************************************************************
Fatal NI connect error 12545, connecting to:
 (DESCRIPTION=(ADDRESS=(PROTOCOL=TCP)(HOST=CMBD1)(PORT=1521))(CONNECT_DATA=(SID=DES)(CID=(PROGRAM=C:\Arquivos de programas\Borland\Delphi5\Bin\delphi32.exe)(HOST=DESENV0004)(USER=desenv0004))))

  VERSION INFORMATION:
	TNS for 32-bit Windows: Version 8.1.7.0.0 - Production
	Windows NT TCP/IP NT Protocol Adapter for 32-bit Windows: Version 8.1.7.0.0 - Production
  Time: 07-MAI-2003 17:12:46
  Tracing not turned on.
  Tns error struct:
    nr err code: 0
    ns main err code: 12545
    TNS-12545: A conexão falhou porque o objeto ou host de destino não existe
    ns secondary err code: 12560
    nt main err code: 515
    TNS-00515: A conexão falhou porque o objeto ou host de destino não existe
    nt secondary err code: 1001
    nt OS err code: 0


***********************************************************************
Fatal NI connect error 12560, connecting to:
 (DESCRIPTION=(ADDRESS=(PROTOCOL=BEQ)(PROGRAM=oracle)(ARGV0=oracleORCL)(ARGS='(DESCRIPTION=(LOCAL=YES)(ADDRESS=(PROTOCOL=beq)))'))(CONNECT_DATA=(SID=ORCL)(CID=(PROGRAM=C:\Arquivos de programas\Borland\Delphi5\Bin\delphi32.exe)(HOST=DESENV0004)(USER=desenv0004))))

  VERSION INFORMATION:
	TNS for 32-bit Windows: Version 8.1.7.0.0 - Production
	Oracle Bequeath NT Protocol Adapter for 32-bit Windows: Version 8.1.7.0.0 - Production
  Time: 07-MAI-2003 17:12:46
  Tracing not turned on.
  Tns error struct:
    nr err code: 0
    ns main err code: 12560
    TNS-12560: TNS:erro de adaptador de protocolo
    ns secondary err code: 0
    nt main err code: 530
    TNS-00530: Erro do adaptador de protocolo
    nt secondary err code: 126
    nt OS err code: 0


***********************************************************************
Fatal NI connect error 12560, connecting to:
 (DESCRIPTION=(ADDRESS=(PROTOCOL=BEQ)(PROGRAM=oracle)(ARGV0=oracleORCL)(ARGS='(DESCRIPTION=(LOCAL=YES)(ADDRESS=(PROTOCOL=beq)))'))(CONNECT_DATA=(SID=ORCL)(CID=(PROGRAM=C:\Arquivos de programas\Borland\Delphi5\Bin\delphi32.exe)(HOST=DESENV0055)(USER=MARCHETTI.CM))))

  VERSION INFORMATION:
	TNS for 32-bit Windows: Version 8.1.7.0.0 - Production
	Oracle Bequeath NT Protocol Adapter for 32-bit Windows: Version 8.1.7.0.0 - Production
  Time: 21-JUL-2004 17:55:57
  Tracing not turned on.
  Tns error struct:
    nr err code: 0
    ns main err code: 12560
    TNS-12560: TNS:erro de adaptador de protocolo
    ns secondary err code: 0
    nt main err code: 530
    TNS-00530: Erro do adaptador de protocolo
    nt secondary err code: 126
    nt OS err code: 0


***********************************************************************
Fatal NI connect error 12560, connecting to:
 (DESCRIPTION=(ADDRESS=(PROTOCOL=BEQ)(PROGRAM=oracle)(ARGV0=oracleORCL)(ARGS='(DESCRIPTION=(LOCAL=YES)(ADDRESS=(PROTOCOL=beq)))'))(CONNECT_DATA=(SID=ORCL)(CID=(PROGRAM=C:\Arquivos de programas\Borland\Delphi5\Bin\delphi32.exe)(HOST=DESENV0055)(USER=MARCHETTI.CM))))

  VERSION INFORMATION:
	TNS for 32-bit Windows: Version 8.1.7.0.0 - Production
	Oracle Bequeath NT Protocol Adapter for 32-bit Windows: Version 8.1.7.0.0 - Production
  Time: 22-JUL-2004 14:12:00
  Tracing not turned on.
  Tns error struct:
    nr err code: 0
    ns main err code: 12560
    TNS-12560: TNS:erro de adaptador de protocolo
    ns secondary err code: 0
    nt main err code: 530
    TNS-00530: Erro do adaptador de protocolo
    nt secondary err code: 126
    nt OS err code: 0


***********************************************************************
Fatal NI connect error 12560, connecting to:
 (DESCRIPTION=(ADDRESS=(PROTOCOL=BEQ)(PROGRAM=oracle)(ARGV0=oracleORCL)(ARGS='(DESCRIPTION=(LOCAL=YES)(ADDRESS=(PROTOCOL=beq)))'))(CONNECT_DATA=(SID=ORCL)(CID=(PROGRAM=C:\Arquivos de programas\Borland\Delphi5\Bin\delphi32.exe)(HOST=DESENV0055)(USER=MARCHETTI.CM))))

  VERSION INFORMATION:
	TNS for 32-bit Windows: Version 8.1.7.0.0 - Production
	Oracle Bequeath NT Protocol Adapter for 32-bit Windows: Version 8.1.7.0.0 - Production
  Time: 22-JUL-2004 14:12:06
  Tracing not turned on.
  Tns error struct:
    nr err code: 0
    ns main err code: 12560
    TNS-12560: TNS:erro de adaptador de protocolo
    ns secondary err code: 0
    nt main err code: 530
    TNS-00530: Erro do adaptador de protocolo
    nt secondary err code: 126
    nt OS err code: 0


***********************************************************************
Fatal NI connect error 12560, connecting to:
 (DESCRIPTION=(ADDRESS=(PROTOCOL=BEQ)(PROGRAM=oracle)(ARGV0=oracleORCL)(ARGS='(DESCRIPTION=(LOCAL=YES)(ADDRESS=(PROTOCOL=beq)))'))(CONNECT_DATA=(SID=ORCL)(CID=(PROGRAM=C:\Arquivos de programas\Borland\Delphi5\Bin\delphi32.exe)(HOST=DESENV0055)(USER=MARCHETTI.CM))))

  VERSION INFORMATION:
	TNS for 32-bit Windows: Version 8.1.7.0.0 - Production
	Oracle Bequeath NT Protocol Adapter for 32-bit Windows: Version 8.1.7.0.0 - Production
  Time: 22-JUL-2004 14:12:06
  Tracing not turned on.
  Tns error struct:
    nr err code: 0
    ns main err code: 12560
    TNS-12560: TNS:erro de adaptador de protocolo
    ns secondary err code: 0
    nt main err code: 530
    TNS-00530: Erro do adaptador de protocolo
    nt secondary err code: 126
    nt OS err code: 0


***********************************************************************
Fatal NI connect error 12560, connecting to:
 (DESCRIPTION=(ADDRESS=(PROTOCOL=BEQ)(PROGRAM=oracle)(ARGV0=oracleORCL)(ARGS='(DESCRIPTION=(LOCAL=YES)(ADDRESS=(PROTOCOL=beq)))'))(CONNECT_DATA=(SID=ORCL)(CID=(PROGRAM=C:\Arquivos de programas\Borland\Delphi5\Bin\delphi32.exe)(HOST=DESENV0055)(USER=MARCHETTI.CM))))

  VERSION INFORMATION:
	TNS for 32-bit Windows: Version 8.1.7.0.0 - Production
	Oracle Bequeath NT Protocol Adapter for 32-bit Windows: Version 8.1.7.0.0 - Production
  Time: 26-JUL-2004 13:44:39
  Tracing not turned on.
  Tns error struct:
    nr err code: 0
    ns main err code: 12560
    TNS-12560: TNS:erro de adaptador de protocolo
    ns secondary err code: 0
    nt main err code: 530
    TNS-00530: Erro do adaptador de protocolo
    nt secondary err code: 126
    nt OS err code: 0


***********************************************************************
Fatal NI connect error 12560, connecting to:
 (DESCRIPTION=(ADDRESS=(PROTOCOL=BEQ)(PROGRAM=oracle)(ARGV0=oracleORCL)(ARGS='(DESCRIPTION=(LOCAL=YES)(ADDRESS=(PROTOCOL=beq)))'))(CONNECT_DATA=(SID=ORCL)(CID=(PROGRAM=C:\Arquivos de programas\Borland\Delphi5\Bin\delphi32.exe)(HOST=DESENV0055)(USER=MARCHETTI.CM))))

  VERSION INFORMATION:
	TNS for 32-bit Windows: Version 8.1.7.0.0 - Production
	Oracle Bequeath NT Protocol Adapter for 32-bit Windows: Version 8.1.7.0.0 - Production
  Time: 26-JUL-2004 13:44:46
  Tracing not turned on.
  Tns error struct:
    nr err code: 0
    ns main err code: 12560
    TNS-12560: TNS:erro de adaptador de protocolo
    ns secondary err code: 0
    nt main err code: 530
    TNS-00530: Erro do adaptador de protocolo
    nt secondary err code: 126
    nt OS err code: 0


***********************************************************************
Fatal NI connect error 12560, connecting to:
 (DESCRIPTION=(ADDRESS=(PROTOCOL=BEQ)(PROGRAM=oracle)(ARGV0=oracleORCL)(ARGS='(DESCRIPTION=(LOCAL=YES)(ADDRESS=(PROTOCOL=beq)))'))(CONNECT_DATA=(SID=ORCL)(CID=(PROGRAM=C:\Arquivos de programas\Borland\Delphi5\Bin\delphi32.exe)(HOST=DESENV0055)(USER=MARCHETTI.CM))))

  VERSION INFORMATION:
	TNS for 32-bit Windows: Version 8.1.7.0.0 - Production
	Oracle Bequeath NT Protocol Adapter for 32-bit Windows: Version 8.1.7.0.0 - Production
  Time: 26-JUL-2004 13:44:46
  Tracing not turned on.
  Tns error struct:
    nr err code: 0
    ns main err code: 12560
    TNS-12560: TNS:erro de adaptador de protocolo
    ns secondary err code: 0
    nt main err code: 530
    TNS-00530: Erro do adaptador de protocolo
    nt secondary err code: 126
    nt OS err code: 0


***********************************************************************
Fatal NI connect error 12560, connecting to:
 (DESCRIPTION=(ADDRESS=(PROTOCOL=BEQ)(PROGRAM=oracle)(ARGV0=oracleORCL)(ARGS='(DESCRIPTION=(LOCAL=YES)(ADDRESS=(PROTOCOL=beq)))'))(CONNECT_DATA=(SID=ORCL)(CID=(PROGRAM=C:\Arquivos de programas\Borland\Delphi5\Bin\delphi32.exe)(HOST=DESENV0055)(USER=MARCHETTI.CM))))

  VERSION INFORMATION:
	TNS for 32-bit Windows: Version 8.1.7.0.0 - Production
	Oracle Bequeath NT Protocol Adapter for 32-bit Windows: Version 8.1.7.0.0 - Production
  Time: 19-AGO-2004 16:01:43
  Tracing not turned on.
  Tns error struct:
    nr err code: 0
    ns main err code: 12560
    TNS-12560: TNS:erro de adaptador de protocolo
    ns secondary err code: 0
    nt main err code: 530
    TNS-00530: Erro do adaptador de protocolo
    nt secondary err code: 126
    nt OS err code: 0


***********************************************************************
Fatal NI connect error 12560, connecting to:
 (DESCRIPTION=(ADDRESS=(PROTOCOL=BEQ)(PROGRAM=oracle)(ARGV0=oracleORCL)(ARGS='(DESCRIPTION=(LOCAL=YES)(ADDRESS=(PROTOCOL=beq)))'))(CONNECT_DATA=(SID=ORCL)(CID=(PROGRAM=C:\Arquivos de programas\Borland\Delphi5\Bin\delphi32.exe)(HOST=DESENV0055)(USER=MARCHETTI.CM))))

  VERSION INFORMATION:
	TNS for 32-bit Windows: Version 8.1.7.0.0 - Production
	Oracle Bequeath NT Protocol Adapter for 32-bit Windows: Version 8.1.7.0.0 - Production
  Time: 24-AGO-2004 14:06:46
  Tracing not turned on.
  Tns error struct:
    nr err code: 0
    ns main err code: 12560
    TNS-12560: TNS:erro de adaptador de protocolo
    ns secondary err code: 0
    nt main err code: 530
    TNS-00530: Erro do adaptador de protocolo
    nt secondary err code: 126
    nt OS err code: 0


***********************************************************************
Fatal NI connect error 12560, connecting to:
 (DESCRIPTION=(ADDRESS=(PROTOCOL=BEQ)(PROGRAM=oracle)(ARGV0=oracleORCL)(ARGS='(DESCRIPTION=(LOCAL=YES)(ADDRESS=(PROTOCOL=beq)))'))(CONNECT_DATA=(SID=ORCL)(CID=(PROGRAM=C:\Arquivos de programas\Borland\Delphi5\Bin\delphi32.exe)(HOST=DESENV0055)(USER=MARCHETTI.CM))))

  VERSION INFORMATION:
	TNS for 32-bit Windows: Version 8.1.7.0.0 - Production
	Oracle Bequeath NT Protocol Adapter for 32-bit Windows: Version 8.1.7.0.0 - Production
  Time: 24-AGO-2004 14:06:58
  Tracing not turned on.
  Tns error struct:
    nr err code: 0
    ns main err code: 12560
    TNS-12560: TNS:erro de adaptador de protocolo
    ns secondary err code: 0
    nt main err code: 530
    TNS-00530: Erro do adaptador de protocolo
    nt secondary err code: 126
    nt OS err code: 0


***********************************************************************
Fatal NI connect error 12560, connecting to:
 (DESCRIPTION=(ADDRESS=(PROTOCOL=BEQ)(PROGRAM=oracle)(ARGV0=oracleORCL)(ARGS='(DESCRIPTION=(LOCAL=YES)(ADDRESS=(PROTOCOL=beq)))'))(CONNECT_DATA=(SID=ORCL)(CID=(PROGRAM=C:\Arquivos de programas\Borland\Delphi5\Bin\delphi32.exe)(HOST=DESENV0055)(USER=MARCHETTI.CM))))

  VERSION INFORMATION:
	TNS for 32-bit Windows: Version 8.1.7.0.0 - Production
	Oracle Bequeath NT Protocol Adapter for 32-bit Windows: Version 8.1.7.0.0 - Production
  Time: 24-AGO-2004 14:06:58
  Tracing not turned on.
  Tns error struct:
    nr err code: 0
    ns main err code: 12560
    TNS-12560: TNS:erro de adaptador de protocolo
    ns secondary err code: 0
    nt main err code: 530
    TNS-00530: Erro do adaptador de protocolo
    nt secondary err code: 126
    nt OS err code: 0


***********************************************************************
Fatal NI connect error 12560, connecting to:
 (DESCRIPTION=(ADDRESS=(PROTOCOL=BEQ)(PROGRAM=oracle)(ARGV0=oracleORCL)(ARGS='(DESCRIPTION=(LOCAL=YES)(ADDRESS=(PROTOCOL=beq)))'))(CONNECT_DATA=(SID=ORCL)(CID=(PROGRAM=C:\Arquivos de programas\Borland\Delphi5\Bin\delphi32.exe)(HOST=DESENV0055)(USER=MARCHETTI.CM))))

  VERSION INFORMATION:
	TNS for 32-bit Windows: Version 8.1.7.0.0 - Production
	Oracle Bequeath NT Protocol Adapter for 32-bit Windows: Version 8.1.7.0.0 - Production
  Time: 22-OUT-2004 12:28:44
  Tracing not turned on.
  Tns error struct:
    nr err code: 0
    ns main err code: 12560
    TNS-12560: TNS:erro de adaptador de protocolo
    ns secondary err code: 0
    nt main err code: 530
    TNS-00530: Erro do adaptador de protocolo
    nt secondary err code: 126
    nt OS err code: 0


***********************************************************************
Fatal NI connect error 12560, connecting to:
 (DESCRIPTION=(ADDRESS=(PROTOCOL=BEQ)(PROGRAM=oracle)(ARGV0=oracleORCL)(ARGS='(DESCRIPTION=(LOCAL=YES)(ADDRESS=(PROTOCOL=beq)))'))(CONNECT_DATA=(SID=ORCL)(CID=(PROGRAM=C:\Arquivos de programas\Borland\Delphi5\Bin\delphi32.exe)(HOST=DESENV0055)(USER=MARCHETTI.CM))))

  VERSION INFORMATION:
	TNS for 32-bit Windows: Version 8.1.7.0.0 - Production
	Oracle Bequeath NT Protocol Adapter for 32-bit Windows: Version 8.1.7.0.0 - Production
  Time: 22-OUT-2004 12:28:50
  Tracing not turned on.
  Tns error struct:
    nr err code: 0
    ns main err code: 12560
    TNS-12560: TNS:erro de adaptador de protocolo
    ns secondary err code: 0
    nt main err code: 530
    TNS-00530: Erro do adaptador de protocolo
    nt secondary err code: 126
    nt OS err code: 0


***********************************************************************
Fatal NI connect error 12560, connecting to:
 (DESCRIPTION=(ADDRESS=(PROTOCOL=BEQ)(PROGRAM=oracle)(ARGV0=oracleORCL)(ARGS='(DESCRIPTION=(LOCAL=YES)(ADDRESS=(PROTOCOL=beq)))'))(CONNECT_DATA=(SID=ORCL)(CID=(PROGRAM=C:\Arquivos de programas\Borland\Delphi5\Bin\delphi32.exe)(HOST=DESENV0055)(USER=MARCHETTI.CM))))

  VERSION INFORMATION:
	TNS for 32-bit Windows: Version 8.1.7.0.0 - Production
	Oracle Bequeath NT Protocol Adapter for 32-bit Windows: Version 8.1.7.0.0 - Production
  Time: 22-OUT-2004 12:28:50
  Tracing not turned on.
  Tns error struct:
    nr err code: 0
    ns main err code: 12560
    TNS-12560: TNS:erro de adaptador de protocolo
    ns secondary err code: 0
    nt main err code: 530
    TNS-00530: Erro do adaptador de protocolo
    nt secondary err code: 126
    nt OS err code: 0


***********************************************************************
Fatal NI connect error 12560, connecting to:
 (DESCRIPTION=(ADDRESS=(PROTOCOL=BEQ)(PROGRAM=oracle)(ARGV0=oracleORCL)(ARGS='(DESCRIPTION=(LOCAL=YES)(ADDRESS=(PROTOCOL=beq)))'))(CONNECT_DATA=(SID=ORCL)(CID=(PROGRAM=C:\Arquivos de programas\Borland\Delphi5\Bin\delphi32.exe)(HOST=DESENV0055)(USER=MARCHETTI.CM))))

  VERSION INFORMATION:
	TNS for 32-bit Windows: Version 8.1.7.0.0 - Production
	Oracle Bequeath NT Protocol Adapter for 32-bit Windows: Version 8.1.7.0.0 - Production
  Time: 14-DEZ-2004 12:56:20
  Tracing not turned on.
  Tns error struct:
    nr err code: 0
    ns main err code: 12560
    TNS-12560: TNS:erro de adaptador de protocolo
    ns secondary err code: 0
    nt main err code: 530
    TNS-00530: Erro do adaptador de protocolo
    nt secondary err code: 126
    nt OS err code: 0


***********************************************************************
Fatal NI connect error 12560, connecting to:
 (DESCRIPTION=(ADDRESS=(PROTOCOL=BEQ)(PROGRAM=oracle)(ARGV0=oracleORCL)(ARGS='(DESCRIPTION=(LOCAL=YES)(ADDRESS=(PROTOCOL=beq)))'))(CONNECT_DATA=(SID=ORCL)(CID=(PROGRAM=C:\Arquivos de programas\Borland\Delphi5\Bin\delphi32.exe)(HOST=DESENV0055)(USER=MARCHETTI.CM))))

  VERSION INFORMATION:
	TNS for 32-bit Windows: Version 8.1.7.0.0 - Production
	Oracle Bequeath NT Protocol Adapter for 32-bit Windows: Version 8.1.7.0.0 - Production
  Time: 15-DEZ-2004 12:36:13
  Tracing not turned on.
  Tns error struct:
    nr err code: 0
    ns main err code: 12560
    TNS-12560: TNS:erro de adaptador de protocolo
    ns secondary err code: 0
    nt main err code: 530
    TNS-00530: Erro do adaptador de protocolo
    nt secondary err code: 126
    nt OS err code: 0


***********************************************************************
Fatal NI connect error 12560, connecting to:
 (DESCRIPTION=(ADDRESS=(PROTOCOL=BEQ)(PROGRAM=oracle)(ARGV0=oracleORCL)(ARGS='(DESCRIPTION=(LOCAL=YES)(ADDRESS=(PROTOCOL=beq)))'))(CONNECT_DATA=(SID=ORCL)(CID=(PROGRAM=C:\Arquivos de programas\Borland\Delphi5\Bin\delphi32.exe)(HOST=DESENV0055)(USER=MARCHETTI.CM))))

  VERSION INFORMATION:
	TNS for 32-bit Windows: Version 8.1.7.0.0 - Production
	Oracle Bequeath NT Protocol Adapter for 32-bit Windows: Version 8.1.7.0.0 - Production
  Time: 24-JAN-2005 15:43:16
  Tracing not turned on.
  Tns error struct:
    nr err code: 0
    ns main err code: 12560
    TNS-12560: TNS:erro de adaptador de protocolo
    ns secondary err code: 0
    nt main err code: 530
    TNS-00530: Erro do adaptador de protocolo
    nt secondary err code: 126
    nt OS err code: 0
