***  Installation Started 11/28/2000 16:29  ***
Title: ReportBuilder Enterprise 5.5 for Delphi 5
Source: \\Cmbdc\Produtos\ReportBuilder\Delphi 5\rbent5.exe
Made Dir: C:\Arquivos de programas\Borland\Delphi5\RBuilder
File Copy: C:\Arquivos de programas\Borland\Delphi5\RBuilder\LICENSE.TXT
File Copy: C:\WINNT\System32\rbDB55.bpl
File Copy: C:\WINNT\System32\rbBDE55.bpl
File Copy: C:\WINNT\System32\rbRCL55.bpl
File Copy: C:\WINNT\System32\rbUSER55.bpl
Made Dir: C:\Arquivos de programas\Borland\Delphi5\RBuilder\Lib
File Copy: C:\Arquivos de programas\Borland\Delphi5\RBuilder\Lib\rbDB55.dcp
File Copy: C:\Arquivos de programas\Borland\Delphi5\RBuilder\Lib\rbBDE55.dcp
File Copy: C:\Arquivos de programas\Borland\Delphi5\RBuilder\Lib\rbRCL55.dcp
File Copy: C:\Arquivos de programas\Borland\Delphi5\RBuilder\Lib\rbUSER55.dcp
File Copy: C:\Arquivos de programas\Borland\Delphi5\RBuilder\Lib\dclRBU55.bpl
File Copy: C:\Arquivos de programas\Borland\Delphi5\RBuilder\Lib\dclRBU55.dcp
File Copy: C:\Arquivos de programas\Borland\Delphi5\RBuilder\Lib\ppAbout.dcu
File Copy: C:\Arquivos de programas\Borland\Delphi5\RBuilder\Lib\ppAbout.dfm
File Copy: C:\Arquivos de programas\Borland\Delphi5\RBuilder\Lib\ppArchiv.dcu
File Copy: C:\Arquivos de programas\Borland\Delphi5\RBuilder\Lib\ppASCtrl.dcu
File Copy: C:\Arquivos de programas\Borland\Delphi5\RBuilder\Lib\ppASDlg.dfm
File Copy: C:\Arquivos de programas\Borland\Delphi5\RBuilder\Lib\ppASDlg.dcu
File Copy: C:\Arquivos de programas\Borland\Delphi5\RBuilder\Lib\ppAvIntl.dcu
File Copy: C:\Arquivos de programas\Borland\Delphi5\RBuilder\Lib\ppAvStd.dcu
File Copy: C:\Arquivos de programas\Borland\Delphi5\RBuilder\Lib\ppBands.dcu
File Copy: C:\Arquivos de programas\Borland\Delphi5\RBuilder\Lib\ppBarCod.dcu
File Copy: C:\Arquivos de programas\Borland\Delphi5\RBuilder\Lib\ppBarDlg.dcu
File Copy: C:\Arquivos de programas\Borland\Delphi5\RBuilder\Lib\ppBarDlg.dfm
File Copy: C:\Arquivos de programas\Borland\Delphi5\RBuilder\Lib\ppBPsDlg.dcu
File Copy: C:\Arquivos de programas\Borland\Delphi5\RBuilder\Lib\ppBPsDlg.dfm
File Copy: C:\Arquivos de programas\Borland\Delphi5\RBuilder\Lib\ppCache.dcu
File Copy: C:\Arquivos de programas\Borland\Delphi5\RBuilder\Lib\ppCDlg.dcu
File Copy: C:\Arquivos de programas\Borland\Delphi5\RBuilder\Lib\ppCDlg.dfm
File Copy: C:\Arquivos de programas\Borland\Delphi5\RBuilder\Lib\ppCDShow.dcu
File Copy: C:\Arquivos de programas\Borland\Delphi5\RBuilder\Lib\ppClass.dcu
File Copy: C:\Arquivos de programas\Borland\Delphi5\RBuilder\Lib\ppClasUt.dcu
File Copy: C:\Arquivos de programas\Borland\Delphi5\RBuilder\Lib\ppClcDlg.dcu
File Copy: C:\Arquivos de programas\Borland\Delphi5\RBuilder\Lib\ppClcDlg.dfm
File Copy: C:\Arquivos de programas\Borland\Delphi5\RBuilder\Lib\ppCmpReg.dcu
File Copy: C:\Arquivos de programas\Borland\Delphi5\RBuilder\Lib\ppComm.dcu
File Copy: C:\Arquivos de programas\Borland\Delphi5\RBuilder\Lib\ppCorDlg.dcu
File Copy: C:\Arquivos de programas\Borland\Delphi5\RBuilder\Lib\ppCorDlg.dfm
File Copy: C:\Arquivos de programas\Borland\Delphi5\RBuilder\Lib\ppCtrls.dcu
File Copy: C:\Arquivos de programas\Borland\Delphi5\RBuilder\Lib\ppDatDlg.dcu
File Copy: C:\Arquivos de programas\Borland\Delphi5\RBuilder\Lib\ppDatDlg.dfm
File Copy: C:\Arquivos de programas\Borland\Delphi5\RBuilder\Lib\ppDB.dcu
File Copy: C:\Arquivos de programas\Borland\Delphi5\RBuilder\Lib\ppDBBDE.dcu
File Copy: C:\Arquivos de programas\Borland\Delphi5\RBuilder\Lib\ppDBJIT.dcu
File Copy: C:\Arquivos de programas\Borland\Delphi5\RBuilder\Lib\ppDBPipe.dcu
File Copy: C:\Arquivos de programas\Borland\Delphi5\RBuilder\Lib\ppDemo.dcu
File Copy: C:\Arquivos de programas\Borland\Delphi5\RBuilder\Lib\ppDemo.dfm
File Copy: C:\Arquivos de programas\Borland\Delphi5\RBuilder\Lib\ppDevice.dcu
File Copy: C:\Arquivos de programas\Borland\Delphi5\RBuilder\Lib\ppDrlDlg.dcu
File Copy: C:\Arquivos de programas\Borland\Delphi5\RBuilder\Lib\ppDrlDlg.dfm
File Copy: C:\Arquivos de programas\Borland\Delphi5\RBuilder\Lib\ppDrwCmd.dcu
File Copy: C:\Arquivos de programas\Borland\Delphi5\RBuilder\Lib\ppDsgnCt.dcu
File Copy: C:\Arquivos de programas\Borland\Delphi5\RBuilder\Lib\ppDsgner.dcu
File Copy: C:\Arquivos de programas\Borland\Delphi5\RBuilder\Lib\ppDsgner.dfm
File Copy: C:\Arquivos de programas\Borland\Delphi5\RBuilder\Lib\ppDsgWin.dcu
File Copy: C:\Arquivos de programas\Borland\Delphi5\RBuilder\Lib\ppDsgWin.dfm
File Copy: C:\Arquivos de programas\Borland\Delphi5\RBuilder\Lib\ppDsIntf.dcu
File Copy: C:\Arquivos de programas\Borland\Delphi5\RBuilder\Lib\ppEngine.dcu
File Copy: C:\Arquivos de programas\Borland\Delphi5\RBuilder\Lib\ppFildev.dcu
File Copy: C:\Arquivos de programas\Borland\Delphi5\RBuilder\Lib\ppFldEd.dcu
File Copy: C:\Arquivos de programas\Borland\Delphi5\RBuilder\Lib\ppFldEd.dfm
File Copy: C:\Arquivos de programas\Borland\Delphi5\RBuilder\Lib\ppFlnkEd.dcu
File Copy: C:\Arquivos de programas\Borland\Delphi5\RBuilder\Lib\ppFlnkEd.dfm
File Copy: C:\Arquivos de programas\Borland\Delphi5\RBuilder\Lib\ppFmtDlg.dcu
File Copy: C:\Arquivos de programas\Borland\Delphi5\RBuilder\Lib\ppFmtDlg.dfm
File Copy: C:\Arquivos de programas\Borland\Delphi5\RBuilder\Lib\ppForms.dcu
File Copy: C:\Arquivos de programas\Borland\Delphi5\RBuilder\Lib\GIFImage.dcu
File Copy: C:\Arquivos de programas\Borland\Delphi5\RBuilder\Lib\ppGIF.dcu
File Copy: C:\Arquivos de programas\Borland\Delphi5\RBuilder\Lib\ppGrdDlg.dcu
File Copy: C:\Arquivos de programas\Borland\Delphi5\RBuilder\Lib\ppGrdDlg.dfm
File Copy: C:\Arquivos de programas\Borland\Delphi5\RBuilder\Lib\ppGrpDlg.dcu
File Copy: C:\Arquivos de programas\Borland\Delphi5\RBuilder\Lib\ppGrpDlg.dfm
File Copy: C:\Arquivos de programas\Borland\Delphi5\RBuilder\Lib\ppIDE.dcu
File Copy: C:\Arquivos de programas\Borland\Delphi5\RBuilder\Lib\ppJPEG.dcu
File Copy: C:\Arquivos de programas\Borland\Delphi5\RBuilder\Lib\ppLabelDef.dcu
File Copy: C:\Arquivos de programas\Borland\Delphi5\RBuilder\Lib\ppLabWiz.dcu
File Copy: C:\Arquivos de programas\Borland\Delphi5\RBuilder\Lib\ppLWzDlg.dcu
File Copy: C:\Arquivos de programas\Borland\Delphi5\RBuilder\Lib\ppLWzDlg.dfm
File Copy: C:\Arquivos de programas\Borland\Delphi5\RBuilder\Lib\ppMemDlg.dcu
File Copy: C:\Arquivos de programas\Borland\Delphi5\RBuilder\Lib\ppMemDlg.dfm
File Copy: C:\Arquivos de programas\Borland\Delphi5\RBuilder\Lib\ppMemo.dcu
File Copy: C:\Arquivos de programas\Borland\Delphi5\RBuilder\Lib\ppMetaAL.dcu
File Copy: C:\Arquivos de programas\Borland\Delphi5\RBuilder\Lib\ppMetaB.dcu
File Copy: C:\Arquivos de programas\Borland\Delphi5\RBuilder\Lib\ppMetaRW.dcu
File Copy: C:\Arquivos de programas\Borland\Delphi5\RBuilder\Lib\ppMMDlg.dcu
File Copy: C:\Arquivos de programas\Borland\Delphi5\RBuilder\Lib\ppMMDlg.dfm
File Copy: C:\Arquivos de programas\Borland\Delphi5\RBuilder\Lib\ppModule.dcu
File Copy: C:\Arquivos de programas\Borland\Delphi5\RBuilder\Lib\ppNewDlg.dcu
File Copy: C:\Arquivos de programas\Borland\Delphi5\RBuilder\Lib\ppNewDlg.dfm
File Copy: C:\Arquivos de programas\Borland\Delphi5\RBuilder\Lib\ppPDlg.dcu
File Copy: C:\Arquivos de programas\Borland\Delphi5\RBuilder\Lib\ppPDlg.dfm
File Copy: C:\Arquivos de programas\Borland\Delphi5\RBuilder\Lib\ppPgNDlg.dcu
File Copy: C:\Arquivos de programas\Borland\Delphi5\RBuilder\Lib\ppPgNDlg.dfm
File Copy: C:\Arquivos de programas\Borland\Delphi5\RBuilder\Lib\ppPgSDlg.dcu
File Copy: C:\Arquivos de programas\Borland\Delphi5\RBuilder\Lib\ppPgsDlg.dfm
File Copy: C:\Arquivos de programas\Borland\Delphi5\RBuilder\Lib\ppPosDlg.dcu
File Copy: C:\Arquivos de programas\Borland\Delphi5\RBuilder\Lib\ppPosDlg.dfm
File Copy: C:\Arquivos de programas\Borland\Delphi5\RBuilder\Lib\ppPrintr.dcu
File Copy: C:\Arquivos de programas\Borland\Delphi5\RBuilder\Lib\ppPrnabl.dcu
File Copy: C:\Arquivos de programas\Borland\Delphi5\RBuilder\Lib\ppPrnDev.dcu
File Copy: C:\Arquivos de programas\Borland\Delphi5\RBuilder\Lib\ppProd.dcu
File Copy: C:\Arquivos de programas\Borland\Delphi5\RBuilder\Lib\ppPropEd.dcu
File Copy: C:\Arquivos de programas\Borland\Delphi5\RBuilder\Lib\ppPrvDlg.dcu
File Copy: C:\Arquivos de programas\Borland\Delphi5\RBuilder\Lib\ppPrvDlg.dfm
File Copy: C:\Arquivos de programas\Borland\Delphi5\RBuilder\Lib\ppRegion.dcu
File Copy: C:\Arquivos de programas\Borland\Delphi5\RBuilder\Lib\ppRelatv.dcu
File Copy: C:\Arquivos de programas\Borland\Delphi5\RBuilder\Lib\ppReport.dcu
File Copy: C:\Arquivos de programas\Borland\Delphi5\RBuilder\Lib\ppRstDlg.dcu
File Copy: C:\Arquivos de programas\Borland\Delphi5\RBuilder\Lib\ppRstDlg.dfm
File Copy: C:\Arquivos de programas\Borland\Delphi5\RBuilder\Lib\ppRichEd.dcu
File Copy: C:\Arquivos de programas\Borland\Delphi5\RBuilder\Lib\ppRichEd.dfm
File Copy: C:\Arquivos de programas\Borland\Delphi5\RBuilder\Lib\ppRichTx.dcu
File Copy: C:\Arquivos de programas\Borland\Delphi5\RBuilder\Lib\ppRptWiz.dcu
File Copy: C:\Arquivos de programas\Borland\Delphi5\RBuilder\Lib\ppRuler.dcu
File Copy: C:\Arquivos de programas\Borland\Delphi5\RBuilder\Lib\ppRWzDlg.dcu
File Copy: C:\Arquivos de programas\Borland\Delphi5\RBuilder\Lib\ppRWzDlg.dfm
File Copy: C:\Arquivos de programas\Borland\Delphi5\RBuilder\Lib\ppShfDlg.dcu
File Copy: C:\Arquivos de programas\Borland\Delphi5\RBuilder\Lib\ppShfDlg.dfm
File Copy: C:\Arquivos de programas\Borland\Delphi5\RBuilder\Lib\ppStrtch.dcu
File Copy: C:\Arquivos de programas\Borland\Delphi5\RBuilder\Lib\ppSubRpt.dcu
File Copy: C:\Arquivos de programas\Borland\Delphi5\RBuilder\Lib\ppTB97.dcu
File Copy: C:\Arquivos de programas\Borland\Delphi5\RBuilder\Lib\ppTB97x.dcu
File Copy: C:\Arquivos de programas\Borland\Delphi5\RBuilder\Lib\ppTB97Ut.dcu
File Copy: C:\Arquivos de programas\Borland\Delphi5\RBuilder\Lib\ppTmDlg.dcu
File Copy: C:\Arquivos de programas\Borland\Delphi5\RBuilder\Lib\ppTmDlg.dfm
File Copy: C:\Arquivos de programas\Borland\Delphi5\RBuilder\Lib\ppTmEDlg.dcu
File Copy: C:\Arquivos de programas\Borland\Delphi5\RBuilder\Lib\ppTmEDlg.dfm
File Copy: C:\Arquivos de programas\Borland\Delphi5\RBuilder\Lib\ppTmplat.dcu
File Copy: C:\Arquivos de programas\Borland\Delphi5\RBuilder\Lib\ppToolWn.dcu
File Copy: C:\Arquivos de programas\Borland\Delphi5\RBuilder\Lib\ppTreeVw.dcu
File Copy: C:\Arquivos de programas\Borland\Delphi5\RBuilder\Lib\ppTxPipe.dcu
File Copy: C:\Arquivos de programas\Borland\Delphi5\RBuilder\Lib\ppTxtDlg.dcu
File Copy: C:\Arquivos de programas\Borland\Delphi5\RBuilder\Lib\ppTxtDlg.dfm
File Copy: C:\Arquivos de programas\Borland\Delphi5\RBuilder\Lib\ppTypes.dcu
File Copy: C:\Arquivos de programas\Borland\Delphi5\RBuilder\Lib\ppUtils.dcu
File Copy: C:\Arquivos de programas\Borland\Delphi5\RBuilder\Lib\ppVar.dcu
File Copy: C:\Arquivos de programas\Borland\Delphi5\RBuilder\Lib\ppVarDlg.dcu
File Copy: C:\Arquivos de programas\Borland\Delphi5\RBuilder\Lib\ppVarDlg.dfm
File Copy: C:\Arquivos de programas\Borland\Delphi5\RBuilder\Lib\ppViewr.dcu
File Copy: C:\Arquivos de programas\Borland\Delphi5\RBuilder\Lib\ppWizard.dcu
File Copy: C:\Arquivos de programas\Borland\Delphi5\RBuilder\Lib\ppIDEBmp.res
File Copy: C:\Arquivos de programas\Borland\Delphi5\RBuilder\Lib\ppRTTI.dcu
File Copy: C:\Arquivos de programas\Borland\Delphi5\RBuilder\Lib\ppEnum.dcu
File Copy: C:\Arquivos de programas\Borland\Delphi5\RBuilder\Lib\MyChkBox.dcu
File Copy: C:\Arquivos de programas\Borland\Delphi5\RBuilder\Lib\MyChkBox.res
File Copy: C:\Arquivos de programas\Borland\Delphi5\RBuilder\Lib\MyChkDlg.dfm
File Copy: C:\Arquivos de programas\Borland\Delphi5\RBuilder\Lib\MyChkDlg.dcu
File Copy: C:\Arquivos de programas\Borland\Delphi5\RBuilder\Lib\dclRBE55.bpl
File Copy: C:\Arquivos de programas\Borland\Delphi5\RBuilder\Lib\dclRBE55.dcp
File Copy: C:\WINNT\System32\rbIDE55.bpl
File Copy: C:\Arquivos de programas\Borland\Delphi5\RBuilder\Lib\rbIDE55.dcp
File Copy: C:\Arquivos de programas\Borland\Delphi5\RBuilder\Lib\ppRegPro.dcr
File Copy: C:\Arquivos de programas\Borland\Delphi5\RBuilder\Lib\ppDsgnDB.dcu
File Copy: C:\Arquivos de programas\Borland\Delphi5\RBuilder\Lib\ppEndUsr.dcu
File Copy: C:\Arquivos de programas\Borland\Delphi5\RBuilder\Lib\ppExpFrm.dcu
File Copy: C:\Arquivos de programas\Borland\Delphi5\RBuilder\Lib\ppExpFrm.dfm
File Copy: C:\Arquivos de programas\Borland\Delphi5\RBuilder\Lib\ppExpDlg.dcu
File Copy: C:\Arquivos de programas\Borland\Delphi5\RBuilder\Lib\ppExpDlg.dfm
File Copy: C:\Arquivos de programas\Borland\Delphi5\RBuilder\Lib\ppRptExp.dcu
File Copy: C:\WINNT\System32\rbCIDE55.bpl
File Copy: C:\WINNT\System32\rbCT55.bpl
File Copy: C:\Arquivos de programas\Borland\Delphi5\RBuilder\Lib\rbCIDE55.dcp
File Copy: C:\Arquivos de programas\Borland\Delphi5\RBuilder\Lib\rbCT55.dcp
File Copy: C:\Arquivos de programas\Borland\Delphi5\RBuilder\Lib\ppCTCell.dcu
File Copy: C:\Arquivos de programas\Borland\Delphi5\RBuilder\Lib\ppCTCtrl.dcu
File Copy: C:\Arquivos de programas\Borland\Delphi5\RBuilder\Lib\ppCTDlg.dcu
File Copy: C:\Arquivos de programas\Borland\Delphi5\RBuilder\Lib\ppCTDlg.dfm
File Copy: C:\Arquivos de programas\Borland\Delphi5\RBuilder\Lib\ppCTDsgn.dcu
File Copy: C:\Arquivos de programas\Borland\Delphi5\RBuilder\Lib\ppCTEng.dcu
File Copy: C:\Arquivos de programas\Borland\Delphi5\RBuilder\Lib\ppCTMain.dcu
File Copy: C:\Arquivos de programas\Borland\Delphi5\RBuilder\Lib\ppCTRend.dcu
File Copy: C:\Arquivos de programas\Borland\Delphi5\RBuilder\Lib\ppCTWiz.dcu
File Copy: C:\Arquivos de programas\Borland\Delphi5\RBuilder\Lib\ppCWzDlg.dcu
File Copy: C:\Arquivos de programas\Borland\Delphi5\RBuilder\Lib\ppCWzDlg.dfm
Made Dir: C:\Arquivos de programas\Borland\Delphi5\RBuilder\TeeChart
File Copy: C:\Arquivos de programas\Borland\Delphi5\RBuilder\TeeChart\Readme.doc
Made Dir: C:\Arquivos de programas\Borland\Delphi5\RBuilder\TeeChart\Tee50
File Copy: C:\Arquivos de programas\Borland\Delphi5\RBuilder\TeeChart\Tee50\dclRBC51.bpl
File Copy: C:\Arquivos de programas\Borland\Delphi5\RBuilder\TeeChart\Tee50\dclRBC51.dcp
File Copy: C:\Arquivos de programas\Borland\Delphi5\RBuilder\TeeChart\Tee50\rbTC51.bpl
File Copy: C:\Arquivos de programas\Borland\Delphi5\RBuilder\TeeChart\Tee50\rbTC51.dcp
File Copy: C:\Arquivos de programas\Borland\Delphi5\RBuilder\TeeChart\Tee50\rbTDBC51.bpl
File Copy: C:\Arquivos de programas\Borland\Delphi5\RBuilder\TeeChart\Tee50\rbTDBC51.dcp
File Copy: C:\Arquivos de programas\Borland\Delphi5\RBuilder\TeeChart\Tee50\ppChReg.dcu
File Copy: C:\Arquivos de programas\Borland\Delphi5\RBuilder\TeeChart\Tee50\ppChrt.dcu
File Copy: C:\Arquivos de programas\Borland\Delphi5\RBuilder\TeeChart\Tee50\ppChrtDB.dcu
File Copy: C:\Arquivos de programas\Borland\Delphi5\RBuilder\TeeChart\Tee50\ppChrtDP.dcu
File Copy: C:\Arquivos de programas\Borland\Delphi5\RBuilder\TeeChart\Tee50\ppChDPEd.dcu
File Copy: C:\Arquivos de programas\Borland\Delphi5\RBuilder\TeeChart\Tee50\TeeBmps.res
Made Dir: C:\Arquivos de programas\Borland\Delphi5\RBuilder\TeeChart\Tee55
File Copy: C:\Arquivos de programas\Borland\Delphi5\RBuilder\TeeChart\Tee55\dclRBC55.bpl
File Copy: C:\Arquivos de programas\Borland\Delphi5\RBuilder\TeeChart\Tee55\dclRBC55.dcp
File Copy: C:\Arquivos de programas\Borland\Delphi5\RBuilder\TeeChart\Tee55\rbTC55.bpl
File Copy: C:\Arquivos de programas\Borland\Delphi5\RBuilder\TeeChart\Tee55\rbTC55.dcp
File Copy: C:\Arquivos de programas\Borland\Delphi5\RBuilder\TeeChart\Tee55\rbTDBC55.bpl
File Copy: C:\Arquivos de programas\Borland\Delphi5\RBuilder\TeeChart\Tee55\rbTDBC55.dcp
File Copy: C:\Arquivos de programas\Borland\Delphi5\RBuilder\TeeChart\Tee55\ppChReg.dcu
File Copy: C:\Arquivos de programas\Borland\Delphi5\RBuilder\TeeChart\Tee55\ppChrt.dcu
File Copy: C:\Arquivos de programas\Borland\Delphi5\RBuilder\TeeChart\Tee55\ppChrtDB.dcu
File Copy: C:\Arquivos de programas\Borland\Delphi5\RBuilder\TeeChart\Tee55\ppChrtDP.dcu
File Copy: C:\Arquivos de programas\Borland\Delphi5\RBuilder\TeeChart\Tee55\ppChDPEd.dcu
File Copy: C:\Arquivos de programas\Borland\Delphi5\RBuilder\TeeChart\Tee55\TeeBmps.res
File Copy: C:\Arquivos de programas\Borland\Delphi5\RBuilder\Lib\ppChDPEd.dcu
File Copy: C:\Arquivos de programas\Borland\Delphi5\RBuilder\Lib\ppChReg.dcu
File Copy: C:\Arquivos de programas\Borland\Delphi5\RBuilder\Lib\ppChrt.dcu
File Copy: C:\Arquivos de programas\Borland\Delphi5\RBuilder\Lib\ppChrtDB.dcu
File Copy: C:\Arquivos de programas\Borland\Delphi5\RBuilder\Lib\ppChrtDP.dcu
File Copy: C:\Arquivos de programas\Borland\Delphi5\RBuilder\Lib\dclRBC51.dcp
File Copy: C:\Arquivos de programas\Borland\Delphi5\RBuilder\Lib\rbTC51.dcp
File Copy: C:\Arquivos de programas\Borland\Delphi5\RBuilder\Lib\rbTDBC51.dcp
File Copy: C:\Arquivos de programas\Borland\Delphi5\RBuilder\Lib\TeeBmps.res
File Copy: C:\Arquivos de programas\Borland\Delphi5\RBuilder\Lib\dclRBC51.bpl
File Copy: C:\WINNT\System32\rbTC51.bpl
File Copy: C:\WINNT\System32\rbTDBC51.bpl
RegDB Key: Software\Borland\Delphi\5.0\Known Packages
RegDB Val: ReportBuilder TeeChart Components
RegDB Name: $(DELPHI)\RBuilder\Lib\dclRBC51.bpl
RegDB Root: 1
File Copy: C:\Arquivos de programas\Borland\Delphi5\RBuilder\LIB\dclDAD55.bpl
File Copy: C:\Arquivos de programas\Borland\Delphi5\RBuilder\LIB\dclDAD55.dcp
File Copy: C:\WINNT\System32\rbDAD55.bpl
File Copy: C:\Arquivos de programas\Borland\Delphi5\RBuilder\LIB\rbDAD55.dcp
File Copy: C:\WINNT\System32\rbDIDE55.bpl
File Copy: C:\Arquivos de programas\Borland\Delphi5\RBuilder\LIB\rbDIDE55.dcp
File Copy: C:\WINNT\System32\rbDBDE55.bpl
File Copy: C:\Arquivos de programas\Borland\Delphi5\RBuilder\LIB\rbDBDE55.dcp
File Copy: C:\WINNT\System32\rbADO55.bpl
File Copy: C:\Arquivos de programas\Borland\Delphi5\RBuilder\LIB\rbADO55.dcp
File Copy: C:\WINNT\System32\rbIBE55.bpl
File Copy: C:\Arquivos de programas\Borland\Delphi5\RBuilder\LIB\rbIBE55.dcp
File Copy: C:\Arquivos de programas\Borland\Delphi5\RBuilder\Lib\daReg.dcu
File Copy: C:\Arquivos de programas\Borland\Delphi5\RBuilder\Lib\daIDEBmp.res
File Copy: C:\Arquivos de programas\Borland\Delphi5\RBuilder\Lib\daADO.dcu
File Copy: C:\Arquivos de programas\Borland\Delphi5\RBuilder\Lib\daDataDictionaryBuilder.dcu
File Copy: C:\Arquivos de programas\Borland\Delphi5\RBuilder\Lib\daDataDictionaryBuilder.dfm
File Copy: C:\Arquivos de programas\Borland\Delphi5\RBuilder\Lib\daDataManager.dcu
File Copy: C:\Arquivos de programas\Borland\Delphi5\RBuilder\Lib\daDatMan.dcu
File Copy: C:\Arquivos de programas\Borland\Delphi5\RBuilder\Lib\daDataModule.dcu
File Copy: C:\Arquivos de programas\Borland\Delphi5\RBuilder\Lib\daDatMod.dcu
File Copy: C:\Arquivos de programas\Borland\Delphi5\RBuilder\Lib\daDataSettingDlg.dcu
File Copy: C:\Arquivos de programas\Borland\Delphi5\RBuilder\Lib\daDataSettingDlg.dfm
File Copy: C:\Arquivos de programas\Borland\Delphi5\RBuilder\Lib\daDataVw.dcu
File Copy: C:\Arquivos de programas\Borland\Delphi5\RBuilder\Lib\daDataView.dcu
File Copy: C:\Arquivos de programas\Borland\Delphi5\RBuilder\Lib\daDataViewToolWin.dcu
File Copy: C:\Arquivos de programas\Borland\Delphi5\RBuilder\Lib\daDataViewToolWin.dfm
File Copy: C:\Arquivos de programas\Borland\Delphi5\RBuilder\Lib\daDataWizard.dcu
File Copy: C:\Arquivos de programas\Borland\Delphi5\RBuilder\Lib\daDataWizardManager.dcu
File Copy: C:\Arquivos de programas\Borland\Delphi5\RBuilder\Lib\daDB.dcu
File Copy: C:\Arquivos de programas\Borland\Delphi5\RBuilder\Lib\daDBBDE.dcu
File Copy: C:\Arquivos de programas\Borland\Delphi5\RBuilder\Lib\daForms.dcu
File Copy: C:\Arquivos de programas\Borland\Delphi5\RBuilder\Lib\daIBExpress.dcu
File Copy: C:\Arquivos de programas\Borland\Delphi5\RBuilder\Lib\daIDE.dcu
File Copy: C:\Arquivos de programas\Borland\Delphi5\RBuilder\Lib\daJoinPanel.dcu
File Copy: C:\Arquivos de programas\Borland\Delphi5\RBuilder\Lib\daJoinTableDlg.dcu
File Copy: C:\Arquivos de programas\Borland\Delphi5\RBuilder\Lib\daJoinTableDlg.dfm
File Copy: C:\Arquivos de programas\Borland\Delphi5\RBuilder\Lib\daLinkBroker.dcu
File Copy: C:\Arquivos de programas\Borland\Delphi5\RBuilder\Lib\daLinkDataViewDlg.dcu
File Copy: C:\Arquivos de programas\Borland\Delphi5\RBuilder\Lib\daLinkDataViewDlg.dfm
File Copy: C:\Arquivos de programas\Borland\Delphi5\RBuilder\Lib\daLinkManager.dcu
File Copy: C:\Arquivos de programas\Borland\Delphi5\RBuilder\Lib\daMetaBitmaps.dcu
File Copy: C:\Arquivos de programas\Borland\Delphi5\RBuilder\Lib\daMetaData.dcu
File Copy: C:\Arquivos de programas\Borland\Delphi5\RBuilder\Lib\daMetaDataDlg.dcu
File Copy: C:\Arquivos de programas\Borland\Delphi5\RBuilder\Lib\daMetaDataDlg.dfm
File Copy: C:\Arquivos de programas\Borland\Delphi5\RBuilder\Lib\daPreviewDataDlg.dcu
File Copy: C:\Arquivos de programas\Borland\Delphi5\RBuilder\Lib\daPreviewDataDlg.dfm
File Copy: C:\Arquivos de programas\Borland\Delphi5\RBuilder\Lib\daQueryDataView.dcu
File Copy: C:\Arquivos de programas\Borland\Delphi5\RBuilder\Lib\daQueryDesigner.dcu
File Copy: C:\Arquivos de programas\Borland\Delphi5\RBuilder\Lib\daQueryDesigner.dfm
File Copy: C:\Arquivos de programas\Borland\Delphi5\RBuilder\Lib\daQueryWizard.dcu
File Copy: C:\Arquivos de programas\Borland\Delphi5\RBuilder\Lib\daQueryWizard.dfm
File Copy: C:\Arquivos de programas\Borland\Delphi5\RBuilder\Lib\daQueryWizardCalcDlg.dcu
File Copy: C:\Arquivos de programas\Borland\Delphi5\RBuilder\Lib\daQueryWizardCalcDlg.dfm
File Copy: C:\Arquivos de programas\Borland\Delphi5\RBuilder\Lib\daQueryWizardCriteriaDlg.dcu
File Copy: C:\Arquivos de programas\Borland\Delphi5\RBuilder\Lib\daQueryWizardCriteriaDlg.dfm
File Copy: C:\Arquivos de programas\Borland\Delphi5\RBuilder\Lib\daSQL.dcu
File Copy: C:\Arquivos de programas\Borland\Delphi5\RBuilder\Lib\daMagicSQL.dcu
File Copy: C:\Arquivos de programas\Borland\Delphi5\RBuilder\Lib\daSQLReservedWords.dcu
File Copy: C:\Arquivos de programas\Borland\Delphi5\RBuilder\Lib\daQClass.dcu
File Copy: C:\Arquivos de programas\Borland\Delphi5\RBuilder\Lib\daQuery.dcu
File Copy: C:\Arquivos de programas\Borland\Delphi5\RBuilder\Lib\daVisualLink.dcu
File Copy: C:\Arquivos de programas\Borland\Delphi5\RBuilder\Lib\daVisualLinkHint.dcu
File Copy: C:\Arquivos de programas\Borland\Delphi5\RBuilder\Lib\daVisualLinkHint.dfm
File Copy: C:\Arquivos de programas\Borland\Delphi5\RBuilder\LIB\dclRAP55.bpl
File Copy: C:\Arquivos de programas\Borland\Delphi5\RBuilder\LIB\dclRAP55.dcp
File Copy: C:\WINNT\System32\rbRAP55.bpl
File Copy: C:\Arquivos de programas\Borland\Delphi5\RBuilder\LIB\rbRAP55.dcp
File Copy: C:\WINNT\System32\rbRIDE55.bpl
File Copy: C:\Arquivos de programas\Borland\Delphi5\RBuilder\LIB\rbRIDE55.dcp
File Copy: C:\Arquivos de programas\Borland\Delphi5\RBuilder\Lib\raReg.dcu
File Copy: C:\Arquivos de programas\Borland\Delphi5\RBuilder\Lib\raClsVal.dcu
File Copy: C:\Arquivos de programas\Borland\Delphi5\RBuilder\Lib\raClcDlg.dcu
File Copy: C:\Arquivos de programas\Borland\Delphi5\RBuilder\Lib\raClcDlg.dfm
File Copy: C:\Arquivos de programas\Borland\Delphi5\RBuilder\Lib\raClsMan.dcu
File Copy: C:\Arquivos de programas\Borland\Delphi5\RBuilder\Lib\raClass.dcu
File Copy: C:\Arquivos de programas\Borland\Delphi5\RBuilder\Lib\raCodMod.dcu
File Copy: C:\Arquivos de programas\Borland\Delphi5\RBuilder\Lib\raComm.dcu
File Copy: C:\Arquivos de programas\Borland\Delphi5\RBuilder\Lib\raConst.dcu
File Copy: C:\Arquivos de programas\Borland\Delphi5\RBuilder\Lib\raEdit.dcu
File Copy: C:\Arquivos de programas\Borland\Delphi5\RBuilder\Lib\raEvent.dcu
File Copy: C:\Arquivos de programas\Borland\Delphi5\RBuilder\Lib\raExpr.dcu
File Copy: C:\Arquivos de programas\Borland\Delphi5\RBuilder\Lib\raFunc.dcu
File Copy: C:\Arquivos de programas\Borland\Delphi5\RBuilder\Lib\raIDE.dcu
File Copy: C:\Arquivos de programas\Borland\Delphi5\RBuilder\Lib\raLngInf.dcu
File Copy: C:\Arquivos de programas\Borland\Delphi5\RBuilder\Lib\raObjectRTTI.dcu
File Copy: C:\Arquivos de programas\Borland\Delphi5\RBuilder\Lib\raParser.dcu
File Copy: C:\Arquivos de programas\Borland\Delphi5\RBuilder\Lib\raRelatv.dcu
File Copy: C:\Arquivos de programas\Borland\Delphi5\RBuilder\Lib\raStatem.dcu
File Copy: C:\Arquivos de programas\Borland\Delphi5\RBuilder\Lib\raTreeVw.dcu
File Copy: C:\Arquivos de programas\Borland\Delphi5\RBuilder\Lib\raTypes.dcu
File Copy: C:\Arquivos de programas\Borland\Delphi5\RBuilder\Lib\raValue.dcu
File Copy: C:\Arquivos de programas\Borland\Delphi5\RBuilder\Lib\rbIDE.RES
File Copy: C:\Arquivos de programas\Borland\Delphi5\RBuilder\Lib\rbPrint.RES
File Copy: C:\WINNT\System32\rbIDE.dft
File Copy: C:\WINNT\System32\rbPrint.dft
File Copy: C:\WINNT\System32\rbIDE.eng
File Copy: C:\WINNT\System32\rbPrint.eng
File Copy: C:\WINNT\System32\rbIDE.cst
File Copy: C:\WINNT\System32\rbPrint.cst
File Copy: C:\WINNT\System32\rbIDE.fra
File Copy: C:\WINNT\System32\rbPrint.fra
File Copy: C:\WINNT\System32\rbIDE.ptg
File Copy: C:\WINNT\System32\rbPrint.ptg
File Copy: C:\WINNT\System32\rbIDE.ptb
File Copy: C:\WINNT\System32\rbPrint.ptb
File Copy: C:\WINNT\System32\rbIDE.esp
File Copy: C:\WINNT\System32\rbPrint.esp
File Copy: C:\WINNT\System32\rbIDE.esm
File Copy: C:\WINNT\System32\rbPrint.esm
Made Dir: C:\Arquivos de programas\Borland\Delphi5\RBuilder\Languages
File Copy: C:\Arquivos de programas\Borland\Delphi5\RBuilder\Languages\ReadMe.doc
File Copy: C:\Arquivos de programas\Borland\Delphi5\RBuilder\Languages\CreateResFromRC.bat
File Copy: C:\Arquivos de programas\Borland\Delphi5\RBuilder\Languages\CreateDLLFromRes.bat
File Copy: C:\Arquivos de programas\Borland\Delphi5\RBuilder\Languages\CopyDLLToLib.bat
Made Dir: C:\Arquivos de programas\Borland\Delphi5\RBuilder\Languages\Cst
File Copy: C:\Arquivos de programas\Borland\Delphi5\RBuilder\Languages\Cst\rbIDE.cst
File Copy: C:\Arquivos de programas\Borland\Delphi5\RBuilder\Languages\Cst\rbIDE.dpr
File Copy: C:\Arquivos de programas\Borland\Delphi5\RBuilder\Languages\Cst\rbIDE.rc
File Copy: C:\Arquivos de programas\Borland\Delphi5\RBuilder\Languages\Cst\rbIDE.RES
File Copy: C:\Arquivos de programas\Borland\Delphi5\RBuilder\Languages\Cst\rbPrint.cst
File Copy: C:\Arquivos de programas\Borland\Delphi5\RBuilder\Languages\Cst\rbPrint.dpr
File Copy: C:\Arquivos de programas\Borland\Delphi5\RBuilder\Languages\Cst\rbPrint.rc
File Copy: C:\Arquivos de programas\Borland\Delphi5\RBuilder\Languages\Cst\rbPrint.RES
Made Dir: C:\Arquivos de programas\Borland\Delphi5\RBuilder\Languages\Eng
File Copy: C:\Arquivos de programas\Borland\Delphi5\RBuilder\Languages\Eng\rbIDE.dpr
File Copy: C:\Arquivos de programas\Borland\Delphi5\RBuilder\Languages\Eng\rbIDE.eng
File Copy: C:\Arquivos de programas\Borland\Delphi5\RBuilder\Languages\Eng\rbIDE.rc
File Copy: C:\Arquivos de programas\Borland\Delphi5\RBuilder\Languages\Eng\rbIDE.RES
File Copy: C:\Arquivos de programas\Borland\Delphi5\RBuilder\Languages\Eng\rbPrint.dpr
File Copy: C:\Arquivos de programas\Borland\Delphi5\RBuilder\Languages\Eng\rbPrint.eng
File Copy: C:\Arquivos de programas\Borland\Delphi5\RBuilder\Languages\Eng\rbPrint.rc
File Copy: C:\Arquivos de programas\Borland\Delphi5\RBuilder\Languages\Eng\rbPrint.RES
Made Dir: C:\Arquivos de programas\Borland\Delphi5\RBuilder\Languages\Fra
File Copy: C:\Arquivos de programas\Borland\Delphi5\RBuilder\Languages\Fra\rbIDE.fra
File Copy: C:\Arquivos de programas\Borland\Delphi5\RBuilder\Languages\Fra\rbIDE.dpr
File Copy: C:\Arquivos de programas\Borland\Delphi5\RBuilder\Languages\Fra\rbIDE.rc
File Copy: C:\Arquivos de programas\Borland\Delphi5\RBuilder\Languages\Fra\rbIDE.RES
File Copy: C:\Arquivos de programas\Borland\Delphi5\RBuilder\Languages\Fra\rbPrint.fra
File Copy: C:\Arquivos de programas\Borland\Delphi5\RBuilder\Languages\Fra\rbPrint.dpr
File Copy: C:\Arquivos de programas\Borland\Delphi5\RBuilder\Languages\Fra\rbPrint.rc
File Copy: C:\Arquivos de programas\Borland\Delphi5\RBuilder\Languages\Fra\rbPrint.RES
Made Dir: C:\Arquivos de programas\Borland\Delphi5\RBuilder\Languages\Ptg
File Copy: C:\Arquivos de programas\Borland\Delphi5\RBuilder\Languages\Ptg\rbIDE.ptg
File Copy: C:\Arquivos de programas\Borland\Delphi5\RBuilder\Languages\Ptg\rbIDE.dpr
File Copy: C:\Arquivos de programas\Borland\Delphi5\RBuilder\Languages\Ptg\rbIDE.rc
File Copy: C:\Arquivos de programas\Borland\Delphi5\RBuilder\Languages\Ptg\rbIDE.RES
File Copy: C:\Arquivos de programas\Borland\Delphi5\RBuilder\Languages\Ptg\rbPrint.ptg
File Copy: C:\Arquivos de programas\Borland\Delphi5\RBuilder\Languages\Ptg\rbPrint.dpr
File Copy: C:\Arquivos de programas\Borland\Delphi5\RBuilder\Languages\Ptg\rbPrint.rc
File Copy: C:\Arquivos de programas\Borland\Delphi5\RBuilder\Languages\Ptg\rbPrint.RES
Made Dir: C:\Arquivos de programas\Borland\Delphi5\RBuilder\Languages\Ptb
File Copy: C:\Arquivos de programas\Borland\Delphi5\RBuilder\Languages\Ptb\rbIDE.ptb
File Copy: C:\Arquivos de programas\Borland\Delphi5\RBuilder\Languages\Ptb\rbIDE.dpr
File Copy: C:\Arquivos de programas\Borland\Delphi5\RBuilder\Languages\Ptb\rbIDE.rc
File Copy: C:\Arquivos de programas\Borland\Delphi5\RBuilder\Languages\Ptb\rbIDE.RES
File Copy: C:\Arquivos de programas\Borland\Delphi5\RBuilder\Languages\Ptb\rbPrint.ptb
File Copy: C:\Arquivos de programas\Borland\Delphi5\RBuilder\Languages\Ptb\rbPrint.dpr
File Copy: C:\Arquivos de programas\Borland\Delphi5\RBuilder\Languages\Ptb\rbPrint.rc
File Copy: C:\Arquivos de programas\Borland\Delphi5\RBuilder\Languages\Ptb\rbPrint.RES
Made Dir: C:\Arquivos de programas\Borland\Delphi5\RBuilder\Languages\Esp
File Copy: C:\Arquivos de programas\Borland\Delphi5\RBuilder\Languages\Esp\rbIDE.esp
File Copy: C:\Arquivos de programas\Borland\Delphi5\RBuilder\Languages\Esp\rbIDE.dpr
File Copy: C:\Arquivos de programas\Borland\Delphi5\RBuilder\Languages\Esp\rbIDE.rc
File Copy: C:\Arquivos de programas\Borland\Delphi5\RBuilder\Languages\Esp\rbIDE.RES
File Copy: C:\Arquivos de programas\Borland\Delphi5\RBuilder\Languages\Esp\rbPrint.esp
File Copy: C:\Arquivos de programas\Borland\Delphi5\RBuilder\Languages\Esp\rbPrint.dpr
File Copy: C:\Arquivos de programas\Borland\Delphi5\RBuilder\Languages\Esp\rbPrint.rc
File Copy: C:\Arquivos de programas\Borland\Delphi5\RBuilder\Languages\Esp\rbPrint.RES
Made Dir: C:\Arquivos de programas\Borland\Delphi5\RBuilder\Languages\Esm
File Copy: C:\Arquivos de programas\Borland\Delphi5\RBuilder\Languages\Esm\rbIDE.esm
File Copy: C:\Arquivos de programas\Borland\Delphi5\RBuilder\Languages\Esm\rbIDE.dpr
File Copy: C:\Arquivos de programas\Borland\Delphi5\RBuilder\Languages\Esm\rbIDE.rc
File Copy: C:\Arquivos de programas\Borland\Delphi5\RBuilder\Languages\Esm\rbIDE.RES
File Copy: C:\Arquivos de programas\Borland\Delphi5\RBuilder\Languages\Esm\rbPrint.esm
File Copy: C:\Arquivos de programas\Borland\Delphi5\RBuilder\Languages\Esm\rbPrint.dpr
File Copy: C:\Arquivos de programas\Borland\Delphi5\RBuilder\Languages\Esm\rbPrint.rc
File Copy: C:\Arquivos de programas\Borland\Delphi5\RBuilder\Languages\Esm\rbPrint.RES
File Copy: C:\WINNT\System32\rbDADE.eng
File Copy: C:\WINNT\System32\rbDADE.cst
File Copy: C:\WINNT\System32\rbDADE.fra
File Copy: C:\WINNT\System32\rbDADE.ptg
File Copy: C:\WINNT\System32\rbDADE.ptb
File Copy: C:\WINNT\System32\rbDADE.esp
File Copy: C:\WINNT\System32\rbDADE.esm
File Copy: C:\Arquivos de programas\Borland\Delphi5\RBuilder\Languages\Cst\rbDADE.cst
File Copy: C:\Arquivos de programas\Borland\Delphi5\RBuilder\Languages\Cst\rbDADE.dpr
File Copy: C:\Arquivos de programas\Borland\Delphi5\RBuilder\Languages\Cst\rbDADE.rc
File Copy: C:\Arquivos de programas\Borland\Delphi5\RBuilder\Languages\Cst\rbDADE.RES
File Copy: C:\Arquivos de programas\Borland\Delphi5\RBuilder\Languages\Eng\rbDADE.eng
File Copy: C:\Arquivos de programas\Borland\Delphi5\RBuilder\Languages\Eng\rbDADE.dpr
File Copy: C:\Arquivos de programas\Borland\Delphi5\RBuilder\Languages\Eng\rbDADE.rc
File Copy: C:\Arquivos de programas\Borland\Delphi5\RBuilder\Languages\Eng\rbDADE.RES
File Copy: C:\Arquivos de programas\Borland\Delphi5\RBuilder\Languages\Fra\rbDADE.fra
File Copy: C:\Arquivos de programas\Borland\Delphi5\RBuilder\Languages\Fra\rbDADE.dpr
File Copy: C:\Arquivos de programas\Borland\Delphi5\RBuilder\Languages\Fra\rbDADE.rc
File Copy: C:\Arquivos de programas\Borland\Delphi5\RBuilder\Languages\Fra\rbDADE.RES
File Copy: C:\Arquivos de programas\Borland\Delphi5\RBuilder\Languages\Ptg\rbDADE.ptg
File Copy: C:\Arquivos de programas\Borland\Delphi5\RBuilder\Languages\Ptg\rbDADE.dpr
File Copy: C:\Arquivos de programas\Borland\Delphi5\RBuilder\Languages\Ptg\rbDADE.rc
File Copy: C:\Arquivos de programas\Borland\Delphi5\RBuilder\Languages\Ptg\rbDADE.RES
File Copy: C:\Arquivos de programas\Borland\Delphi5\RBuilder\Languages\Ptb\rbDADE.ptb
File Copy: C:\Arquivos de programas\Borland\Delphi5\RBuilder\Languages\Ptb\rbDADE.dpr
File Copy: C:\Arquivos de programas\Borland\Delphi5\RBuilder\Languages\Ptb\rbDADE.rc
File Copy: C:\Arquivos de programas\Borland\Delphi5\RBuilder\Languages\Ptb\rbDADE.RES
File Copy: C:\Arquivos de programas\Borland\Delphi5\RBuilder\Languages\Esp\rbDADE.esp
File Copy: C:\Arquivos de programas\Borland\Delphi5\RBuilder\Languages\Esp\rbDADE.dpr
File Copy: C:\Arquivos de programas\Borland\Delphi5\RBuilder\Languages\Esp\rbDADE.rc
File Copy: C:\Arquivos de programas\Borland\Delphi5\RBuilder\Languages\Esp\rbDADE.RES
File Copy: C:\Arquivos de programas\Borland\Delphi5\RBuilder\Languages\Esm\rbDADE.esm
File Copy: C:\Arquivos de programas\Borland\Delphi5\RBuilder\Languages\Esm\rbDADE.dpr
File Copy: C:\Arquivos de programas\Borland\Delphi5\RBuilder\Languages\Esm\rbDADE.rc
File Copy: C:\Arquivos de programas\Borland\Delphi5\RBuilder\Languages\Esm\rbDADE.RES
File Copy: C:\WINNT\System32\rbRAP.eng
File Copy: C:\WINNT\System32\rbRAP.cst
File Copy: C:\WINNT\System32\rbRAP.fra
File Copy: C:\WINNT\System32\rbRAP.ptg
File Copy: C:\WINNT\System32\rbRAP.ptb
File Copy: C:\WINNT\System32\rbRAP.esp
File Copy: C:\WINNT\System32\rbRAP.esm
File Copy: C:\Arquivos de programas\Borland\Delphi5\RBuilder\Languages\Cst\rbRAP.cst
File Copy: C:\Arquivos de programas\Borland\Delphi5\RBuilder\Languages\Cst\rbRAP.dpr
File Copy: C:\Arquivos de programas\Borland\Delphi5\RBuilder\Languages\Cst\rbRAP.rc
File Copy: C:\Arquivos de programas\Borland\Delphi5\RBuilder\Languages\Cst\rbRAP.RES
File Copy: C:\Arquivos de programas\Borland\Delphi5\RBuilder\Languages\Eng\rbRAP.eng
File Copy: C:\Arquivos de programas\Borland\Delphi5\RBuilder\Languages\Eng\rbRAP.dpr
File Copy: C:\Arquivos de programas\Borland\Delphi5\RBuilder\Languages\Eng\rbRAP.rc
File Copy: C:\Arquivos de programas\Borland\Delphi5\RBuilder\Languages\Eng\rbRAP.RES
File Copy: C:\Arquivos de programas\Borland\Delphi5\RBuilder\Languages\Fra\rbRAP.fra
File Copy: C:\Arquivos de programas\Borland\Delphi5\RBuilder\Languages\Fra\rbRAP.dpr
File Copy: C:\Arquivos de programas\Borland\Delphi5\RBuilder\Languages\Fra\rbRAP.rc
File Copy: C:\Arquivos de programas\Borland\Delphi5\RBuilder\Languages\Fra\rbRAP.RES
File Copy: C:\Arquivos de programas\Borland\Delphi5\RBuilder\Languages\Ptg\rbRAP.ptg
File Copy: C:\Arquivos de programas\Borland\Delphi5\RBuilder\Languages\Ptg\rbRAP.dpr
File Copy: C:\Arquivos de programas\Borland\Delphi5\RBuilder\Languages\Ptg\rbRAP.rc
File Copy: C:\Arquivos de programas\Borland\Delphi5\RBuilder\Languages\Ptg\rbRAP.RES
File Copy: C:\Arquivos de programas\Borland\Delphi5\RBuilder\Languages\Ptb\rbRAP.ptb
File Copy: C:\Arquivos de programas\Borland\Delphi5\RBuilder\Languages\Ptb\rbRAP.dpr
File Copy: C:\Arquivos de programas\Borland\Delphi5\RBuilder\Languages\Ptb\rbRAP.rc
File Copy: C:\Arquivos de programas\Borland\Delphi5\RBuilder\Languages\Ptb\rbRAP.RES
File Copy: C:\Arquivos de programas\Borland\Delphi5\RBuilder\Languages\Esp\rbRAP.esp
File Copy: C:\Arquivos de programas\Borland\Delphi5\RBuilder\Languages\Esp\rbRAP.dpr
File Copy: C:\Arquivos de programas\Borland\Delphi5\RBuilder\Languages\Esp\rbRAP.rc
File Copy: C:\Arquivos de programas\Borland\Delphi5\RBuilder\Languages\Esp\rbRAP.RES
File Copy: C:\Arquivos de programas\Borland\Delphi5\RBuilder\Languages\Esm\rbRAP.esm
File Copy: C:\Arquivos de programas\Borland\Delphi5\RBuilder\Languages\Esm\rbRAP.dpr
File Copy: C:\Arquivos de programas\Borland\Delphi5\RBuilder\Languages\Esm\rbRAP.rc
File Copy: C:\Arquivos de programas\Borland\Delphi5\RBuilder\Languages\Esm\rbRAP.RES
Made Dir: C:\Arquivos de programas\Borland\Delphi5\RBuilder\Source
File Copy: C:\Arquivos de programas\Borland\Delphi5\RBuilder\Source\rbDB55.dpk
File Copy: C:\Arquivos de programas\Borland\Delphi5\RBuilder\Source\rbDB55.res
File Copy: C:\Arquivos de programas\Borland\Delphi5\RBuilder\Source\rbBDE55.dpk
File Copy: C:\Arquivos de programas\Borland\Delphi5\RBuilder\Source\rbBDE55.res
File Copy: C:\Arquivos de programas\Borland\Delphi5\RBuilder\Source\rbRCL55.dpk
File Copy: C:\Arquivos de programas\Borland\Delphi5\RBuilder\Source\rbRCL55.res
File Copy: C:\Arquivos de programas\Borland\Delphi5\RBuilder\Source\ppAbout.pas
File Copy: C:\Arquivos de programas\Borland\Delphi5\RBuilder\Source\ppArchiv.pas
File Copy: C:\Arquivos de programas\Borland\Delphi5\RBuilder\Source\ppASCtrl.pas
File Copy: C:\Arquivos de programas\Borland\Delphi5\RBuilder\Source\ppASDlg.dfm
File Copy: C:\Arquivos de programas\Borland\Delphi5\RBuilder\Source\ppASDlg.pas
File Copy: C:\Arquivos de programas\Borland\Delphi5\RBuilder\Source\ppAvIntl.pas
File Copy: C:\Arquivos de programas\Borland\Delphi5\RBuilder\Source\ppAvStd.pas
File Copy: C:\Arquivos de programas\Borland\Delphi5\RBuilder\Source\ppBands.pas
File Copy: C:\Arquivos de programas\Borland\Delphi5\RBuilder\Source\ppBarCod.pas
File Copy: C:\Arquivos de programas\Borland\Delphi5\RBuilder\Source\ppBarDlg.pas
File Copy: C:\Arquivos de programas\Borland\Delphi5\RBuilder\Source\ppBPsDlg.pas
File Copy: C:\Arquivos de programas\Borland\Delphi5\RBuilder\Source\ppCache.pas
File Copy: C:\Arquivos de programas\Borland\Delphi5\RBuilder\Source\ppCDlg.pas
File Copy: C:\Arquivos de programas\Borland\Delphi5\RBuilder\Source\ppCDShow.pas
File Copy: C:\Arquivos de programas\Borland\Delphi5\RBuilder\Source\ppClass.pas
File Copy: C:\Arquivos de programas\Borland\Delphi5\RBuilder\Source\ppClasUt.pas
File Copy: C:\Arquivos de programas\Borland\Delphi5\RBuilder\Source\ppClcDlg.pas
File Copy: C:\Arquivos de programas\Borland\Delphi5\RBuilder\Source\ppCmpReg.pas
File Copy: C:\Arquivos de programas\Borland\Delphi5\RBuilder\Source\ppComm.pas
File Copy: C:\Arquivos de programas\Borland\Delphi5\RBuilder\Source\ppCorDlg.pas
File Copy: C:\Arquivos de programas\Borland\Delphi5\RBuilder\Source\ppCtrls.pas
File Copy: C:\Arquivos de programas\Borland\Delphi5\RBuilder\Source\ppDatDlg.pas
File Copy: C:\Arquivos de programas\Borland\Delphi5\RBuilder\Source\ppDB.pas
File Copy: C:\Arquivos de programas\Borland\Delphi5\RBuilder\Source\ppDBBDE.pas
File Copy: C:\Arquivos de programas\Borland\Delphi5\RBuilder\Source\ppDBJIT.pas
File Copy: C:\Arquivos de programas\Borland\Delphi5\RBuilder\Source\ppDBPipe.pas
File Copy: C:\Arquivos de programas\Borland\Delphi5\RBuilder\Source\ppDemo.pas
File Copy: C:\Arquivos de programas\Borland\Delphi5\RBuilder\Source\ppDevice.pas
File Copy: C:\Arquivos de programas\Borland\Delphi5\RBuilder\Source\ppDrlDlg.pas
File Copy: C:\Arquivos de programas\Borland\Delphi5\RBuilder\Source\ppDrwCmd.pas
File Copy: C:\Arquivos de programas\Borland\Delphi5\RBuilder\Source\ppDsgnCt.pas
File Copy: C:\Arquivos de programas\Borland\Delphi5\RBuilder\Source\ppDsgner.pas
File Copy: C:\Arquivos de programas\Borland\Delphi5\RBuilder\Source\ppDsgWin.pas
File Copy: C:\Arquivos de programas\Borland\Delphi5\RBuilder\Source\ppDsIntf.pas
File Copy: C:\Arquivos de programas\Borland\Delphi5\RBuilder\Source\ppEngine.pas
File Copy: C:\Arquivos de programas\Borland\Delphi5\RBuilder\Source\ppFildev.pas
File Copy: C:\Arquivos de programas\Borland\Delphi5\RBuilder\Source\ppFldEd.pas
File Copy: C:\Arquivos de programas\Borland\Delphi5\RBuilder\Source\ppFlnkEd.pas
File Copy: C:\Arquivos de programas\Borland\Delphi5\RBuilder\Source\ppFmtDlg.pas
File Copy: C:\Arquivos de programas\Borland\Delphi5\RBuilder\Source\ppForms.pas
File Copy: C:\Arquivos de programas\Borland\Delphi5\RBuilder\Source\GIFImage.dcu
File Copy: C:\Arquivos de programas\Borland\Delphi5\RBuilder\Source\ppGIF.pas
File Copy: C:\Arquivos de programas\Borland\Delphi5\RBuilder\Source\ppGrdDlg.pas
File Copy: C:\Arquivos de programas\Borland\Delphi5\RBuilder\Source\ppGrpDlg.pas
File Copy: C:\Arquivos de programas\Borland\Delphi5\RBuilder\Source\ppIDE.pas
File Copy: C:\Arquivos de programas\Borland\Delphi5\RBuilder\Source\ppIfDef.pas
File Copy: C:\Arquivos de programas\Borland\Delphi5\RBuilder\Lib\ppIfDef.pas
File Copy: C:\Arquivos de programas\Borland\Delphi5\RBuilder\Source\ppJPEG.pas
File Copy: C:\Arquivos de programas\Borland\Delphi5\RBuilder\Source\ppLabelDef.pas
File Copy: C:\Arquivos de programas\Borland\Delphi5\RBuilder\Source\ppLabWiz.pas
File Copy: C:\Arquivos de programas\Borland\Delphi5\RBuilder\Source\ppLWzDlg.dfm
File Copy: C:\Arquivos de programas\Borland\Delphi5\RBuilder\Source\ppLWzDlg.pas
File Copy: C:\Arquivos de programas\Borland\Delphi5\RBuilder\Source\ppMemDlg.pas
File Copy: C:\Arquivos de programas\Borland\Delphi5\RBuilder\Source\ppMemo.pas
File Copy: C:\Arquivos de programas\Borland\Delphi5\RBuilder\Source\ppMetaAL.pas
File Copy: C:\Arquivos de programas\Borland\Delphi5\RBuilder\Source\ppMetaB.pas
File Copy: C:\Arquivos de programas\Borland\Delphi5\RBuilder\Source\ppMetaRW.pas
File Copy: C:\Arquivos de programas\Borland\Delphi5\RBuilder\Source\ppMMDlg.pas
File Copy: C:\Arquivos de programas\Borland\Delphi5\RBuilder\Source\ppModule.pas
File Copy: C:\Arquivos de programas\Borland\Delphi5\RBuilder\Source\ppNewDlg.pas
File Copy: C:\Arquivos de programas\Borland\Delphi5\RBuilder\Source\ppPDlg.pas
File Copy: C:\Arquivos de programas\Borland\Delphi5\RBuilder\Source\ppPgNDlg.pas
File Copy: C:\Arquivos de programas\Borland\Delphi5\RBuilder\Source\ppPgSDlg.pas
File Copy: C:\Arquivos de programas\Borland\Delphi5\RBuilder\Source\ppPosDlg.pas
File Copy: C:\Arquivos de programas\Borland\Delphi5\RBuilder\Source\ppPrintr.pas
File Copy: C:\Arquivos de programas\Borland\Delphi5\RBuilder\Source\ppPrnabl.pas
File Copy: C:\Arquivos de programas\Borland\Delphi5\RBuilder\Source\ppPrnDev.pas
File Copy: C:\Arquivos de programas\Borland\Delphi5\RBuilder\Source\ppProd.pas
File Copy: C:\Arquivos de programas\Borland\Delphi5\RBuilder\Source\ppPropEd.pas
File Copy: C:\Arquivos de programas\Borland\Delphi5\RBuilder\Source\ppPrvDlg.pas
File Copy: C:\Arquivos de programas\Borland\Delphi5\RBuilder\Source\ppRegion.pas
File Copy: C:\Arquivos de programas\Borland\Delphi5\RBuilder\Source\ppRelatv.pas
File Copy: C:\Arquivos de programas\Borland\Delphi5\RBuilder\Source\ppReport.pas
File Copy: C:\Arquivos de programas\Borland\Delphi5\RBuilder\Source\ppRichEd.pas
File Copy: C:\Arquivos de programas\Borland\Delphi5\RBuilder\Source\ppRichTx.pas
File Copy: C:\Arquivos de programas\Borland\Delphi5\RBuilder\Source\ppRptWiz.pas
File Copy: C:\Arquivos de programas\Borland\Delphi5\RBuilder\Source\ppRstDlg.pas
File Copy: C:\Arquivos de programas\Borland\Delphi5\RBuilder\Source\ppRuler.pas
File Copy: C:\Arquivos de programas\Borland\Delphi5\RBuilder\Source\ppRWzDlg.pas
File Copy: C:\Arquivos de programas\Borland\Delphi5\RBuilder\Source\ppShfDlg.pas
File Copy: C:\Arquivos de programas\Borland\Delphi5\RBuilder\Source\ppStrtch.pas
File Copy: C:\Arquivos de programas\Borland\Delphi5\RBuilder\Source\ppSubRpt.pas
File Copy: C:\Arquivos de programas\Borland\Delphi5\RBuilder\Source\ppTB97.pas
File Copy: C:\Arquivos de programas\Borland\Delphi5\RBuilder\Source\ppTB97x.pas
File Copy: C:\Arquivos de programas\Borland\Delphi5\RBuilder\Source\ppTB97Ut.pas
File Copy: C:\Arquivos de programas\Borland\Delphi5\RBuilder\Source\ppTmDlg.pas
File Copy: C:\Arquivos de programas\Borland\Delphi5\RBuilder\Source\ppTmEDlg.pas
File Copy: C:\Arquivos de programas\Borland\Delphi5\RBuilder\Source\ppTmplat.pas
File Copy: C:\Arquivos de programas\Borland\Delphi5\RBuilder\Source\ppToolWn.pas
File Copy: C:\Arquivos de programas\Borland\Delphi5\RBuilder\Source\ppTreeVw.pas
File Copy: C:\Arquivos de programas\Borland\Delphi5\RBuilder\Source\ppTxPipe.pas
File Copy: C:\Arquivos de programas\Borland\Delphi5\RBuilder\Source\ppTxtDlg.pas
File Copy: C:\Arquivos de programas\Borland\Delphi5\RBuilder\Source\ppTypes.pas
File Copy: C:\Arquivos de programas\Borland\Delphi5\RBuilder\Source\ppUtils.pas
File Copy: C:\Arquivos de programas\Borland\Delphi5\RBuilder\Source\ppVar.pas
File Copy: C:\Arquivos de programas\Borland\Delphi5\RBuilder\Source\ppVarDlg.pas
File Copy: C:\Arquivos de programas\Borland\Delphi5\RBuilder\Source\ppViewr.pas
File Copy: C:\Arquivos de programas\Borland\Delphi5\RBuilder\Source\ppWizard.pas
File Copy: C:\Arquivos de programas\Borland\Delphi5\RBuilder\Source\myReg.pas
File Copy: C:\Arquivos de programas\Borland\Delphi5\RBuilder\Source\ppRTTI.pas
File Copy: C:\Arquivos de programas\Borland\Delphi5\RBuilder\Source\ppEnum.pas
File Copy: C:\Arquivos de programas\Borland\Delphi5\RBuilder\Source\dclRBE55.dpk
File Copy: C:\Arquivos de programas\Borland\Delphi5\RBuilder\Source\dclRBE55.res
File Copy: C:\Arquivos de programas\Borland\Delphi5\RBuilder\Source\BuildEnt.dpr
File Copy: C:\Arquivos de programas\Borland\Delphi5\RBuilder\Source\BuildEnt.res
File Copy: C:\Arquivos de programas\Borland\Delphi5\RBuilder\Source\BuildEnt.dof
File Copy: C:\Arquivos de programas\Borland\Delphi5\RBuilder\Source\rbIDE55.dpk
File Copy: C:\Arquivos de programas\Borland\Delphi5\RBuilder\Source\rbIDE55.res
File Copy: C:\Arquivos de programas\Borland\Delphi5\RBuilder\Source\ppRegPro.pas
File Copy: C:\Arquivos de programas\Borland\Delphi5\RBuilder\Source\ppDsgnDB.pas
File Copy: C:\Arquivos de programas\Borland\Delphi5\RBuilder\Source\ppEndUsr.pas
File Copy: C:\Arquivos de programas\Borland\Delphi5\RBuilder\Source\ppExpFrm.pas
File Copy: C:\Arquivos de programas\Borland\Delphi5\RBuilder\Source\ppExpDlg.pas
File Copy: C:\Arquivos de programas\Borland\Delphi5\RBuilder\Source\ppRptExp.pas
File Copy: C:\Arquivos de programas\Borland\Delphi5\RBuilder\Source\rbCIDE55.dpk
File Copy: C:\Arquivos de programas\Borland\Delphi5\RBuilder\Source\rbCIDE55.res
File Copy: C:\Arquivos de programas\Borland\Delphi5\RBuilder\Source\rbCT55.dpk
File Copy: C:\Arquivos de programas\Borland\Delphi5\RBuilder\Source\rbCT55.res
File Copy: C:\Arquivos de programas\Borland\Delphi5\RBuilder\Source\ppCTCell.pas
File Copy: C:\Arquivos de programas\Borland\Delphi5\RBuilder\Source\ppCTCtrl.pas
File Copy: C:\Arquivos de programas\Borland\Delphi5\RBuilder\Source\ppCTDlg.pas
File Copy: C:\Arquivos de programas\Borland\Delphi5\RBuilder\Source\ppCTDsgn.pas
File Copy: C:\Arquivos de programas\Borland\Delphi5\RBuilder\Source\ppCTEng.pas
File Copy: C:\Arquivos de programas\Borland\Delphi5\RBuilder\Source\ppCTMain.pas
File Copy: C:\Arquivos de programas\Borland\Delphi5\RBuilder\Source\ppCTRend.pas
File Copy: C:\Arquivos de programas\Borland\Delphi5\RBuilder\Source\ppCTWiz.pas
File Copy: C:\Arquivos de programas\Borland\Delphi5\RBuilder\Source\ppCWzDlg.pas
File Copy: C:\Arquivos de programas\Borland\Delphi5\RBuilder\TeeChart\Tee50\dclRBC51.dpk
File Copy: C:\Arquivos de programas\Borland\Delphi5\RBuilder\TeeChart\Tee50\dclRBC51.res
File Copy: C:\Arquivos de programas\Borland\Delphi5\RBuilder\TeeChart\Tee50\rbTC51.dpk
File Copy: C:\Arquivos de programas\Borland\Delphi5\RBuilder\TeeChart\Tee50\rbTC51.res
File Copy: C:\Arquivos de programas\Borland\Delphi5\RBuilder\TeeChart\Tee50\rbTDBC51.dpk
File Copy: C:\Arquivos de programas\Borland\Delphi5\RBuilder\TeeChart\Tee50\rbTDBC51.res
File Copy: C:\Arquivos de programas\Borland\Delphi5\RBuilder\TeeChart\Tee50\ppChReg.pas
File Copy: C:\Arquivos de programas\Borland\Delphi5\RBuilder\TeeChart\Tee50\ppChrt.pas
File Copy: C:\Arquivos de programas\Borland\Delphi5\RBuilder\TeeChart\Tee50\ppChrtDB.pas
File Copy: C:\Arquivos de programas\Borland\Delphi5\RBuilder\TeeChart\Tee50\ppChrtDP.pas
File Copy: C:\Arquivos de programas\Borland\Delphi5\RBuilder\TeeChart\Tee50\ppChDPEd.pas
File Overwrite: C:\Arquivos de programas\Borland\Delphi5\RBuilder\TeeChart\Tee50\TeeBmps.res
File Copy: C:\Arquivos de programas\Borland\Delphi5\RBuilder\TeeChart\Tee55\dclRBC55.dpk
File Copy: C:\Arquivos de programas\Borland\Delphi5\RBuilder\TeeChart\Tee55\dclRBC55.res
File Copy: C:\Arquivos de programas\Borland\Delphi5\RBuilder\TeeChart\Tee55\rbTC55.dpk
File Copy: C:\Arquivos de programas\Borland\Delphi5\RBuilder\TeeChart\Tee55\rbTC55.res
File Copy: C:\Arquivos de programas\Borland\Delphi5\RBuilder\TeeChart\Tee55\rbTDBC55.dpk
File Copy: C:\Arquivos de programas\Borland\Delphi5\RBuilder\TeeChart\Tee55\rbTDBC55.res
File Copy: C:\Arquivos de programas\Borland\Delphi5\RBuilder\TeeChart\Tee55\ppChReg.pas
File Copy: C:\Arquivos de programas\Borland\Delphi5\RBuilder\TeeChart\Tee55\ppChrt.pas
File Copy: C:\Arquivos de programas\Borland\Delphi5\RBuilder\TeeChart\Tee55\ppChrtDB.pas
File Copy: C:\Arquivos de programas\Borland\Delphi5\RBuilder\TeeChart\Tee55\ppChrtDP.pas
File Copy: C:\Arquivos de programas\Borland\Delphi5\RBuilder\TeeChart\Tee55\ppChDPEd.pas
File Overwrite: C:\Arquivos de programas\Borland\Delphi5\RBuilder\TeeChart\Tee55\TeeBmps.res
File Copy: C:\Arquivos de programas\Borland\Delphi5\RBuilder\Source\ppChDPEd.pas
File Copy: C:\Arquivos de programas\Borland\Delphi5\RBuilder\Source\ppChReg.pas
File Copy: C:\Arquivos de programas\Borland\Delphi5\RBuilder\Source\ppChrt.pas
File Copy: C:\Arquivos de programas\Borland\Delphi5\RBuilder\Source\ppChrtDB.pas
File Copy: C:\Arquivos de programas\Borland\Delphi5\RBuilder\Source\ppChrtDP.pas
File Copy: C:\Arquivos de programas\Borland\Delphi5\RBuilder\Source\dclRBC51.dpk
File Copy: C:\Arquivos de programas\Borland\Delphi5\RBuilder\Source\rbTC51.dpk
File Copy: C:\Arquivos de programas\Borland\Delphi5\RBuilder\Source\rbTDBC51.dpk
File Copy: C:\Arquivos de programas\Borland\Delphi5\RBuilder\Source\dclRBC51.res
File Copy: C:\Arquivos de programas\Borland\Delphi5\RBuilder\Source\rbTC51.res
File Copy: C:\Arquivos de programas\Borland\Delphi5\RBuilder\Source\rbTDBC51.res
File Copy: C:\Arquivos de programas\Borland\Delphi5\RBuilder\Source\TeeBmps.res
Made Dir: C:\Arquivos de programas\Borland\Delphi5\RBuilder\InfoPower
File Copy: C:\Arquivos de programas\Borland\Delphi5\RBuilder\InfoPower\Readme.doc
File Copy: C:\Arquivos de programas\Borland\Delphi5\RBuilder\InfoPower\rbIP55.dpk
File Copy: C:\Arquivos de programas\Borland\Delphi5\RBuilder\InfoPower\rbIP55.res
File Copy: C:\Arquivos de programas\Borland\Delphi5\RBuilder\InfoPower\ppWWRichEd.pas
File Copy: C:\Arquivos de programas\Borland\Delphi5\RBuilder\InfoPower\BuildIP.dpr
File Copy: C:\Arquivos de programas\Borland\Delphi5\RBuilder\InfoPower\BuildIP.res
File Copy: C:\Arquivos de programas\Borland\Delphi5\RBuilder\Source\dclDAD55.dpk
File Copy: C:\Arquivos de programas\Borland\Delphi5\RBuilder\Source\dclDAD55.res
File Copy: C:\Arquivos de programas\Borland\Delphi5\RBuilder\Source\rbADO55.dpk
File Copy: C:\Arquivos de programas\Borland\Delphi5\RBuilder\Source\rbADO55.res
File Copy: C:\Arquivos de programas\Borland\Delphi5\RBuilder\Source\rbIBE55.dpk
File Copy: C:\Arquivos de programas\Borland\Delphi5\RBuilder\Source\rbIBE55.res
File Copy: C:\Arquivos de programas\Borland\Delphi5\RBuilder\Source\rbDAD55.dpk
File Copy: C:\Arquivos de programas\Borland\Delphi5\RBuilder\Source\rbDAD55.res
File Copy: C:\Arquivos de programas\Borland\Delphi5\RBuilder\Source\rbDIDE55.dpk
File Copy: C:\Arquivos de programas\Borland\Delphi5\RBuilder\Source\rbDIDE55.res
File Copy: C:\Arquivos de programas\Borland\Delphi5\RBuilder\Source\rbDBDE55.dpk
File Copy: C:\Arquivos de programas\Borland\Delphi5\RBuilder\Source\rbDBDE55.res
File Copy: C:\Arquivos de programas\Borland\Delphi5\RBuilder\Source\daReg.pas
File Copy: C:\Arquivos de programas\Borland\Delphi5\RBuilder\Source\daADO.pas
File Copy: C:\Arquivos de programas\Borland\Delphi5\RBuilder\Source\daDataDictionaryBuilder.pas
File Copy: C:\Arquivos de programas\Borland\Delphi5\RBuilder\Source\daDataManager.pas
File Copy: C:\Arquivos de programas\Borland\Delphi5\RBuilder\Source\daDatMan.pas
File Copy: C:\Arquivos de programas\Borland\Delphi5\RBuilder\Source\daDataModule.pas
File Copy: C:\Arquivos de programas\Borland\Delphi5\RBuilder\Source\daDatMod.pas
File Copy: C:\Arquivos de programas\Borland\Delphi5\RBuilder\Source\daDataSettingDlg.pas
File Copy: C:\Arquivos de programas\Borland\Delphi5\RBuilder\Source\daDataVw.pas
File Copy: C:\Arquivos de programas\Borland\Delphi5\RBuilder\Source\daDataView.pas
File Copy: C:\Arquivos de programas\Borland\Delphi5\RBuilder\Source\daDataViewToolWin.pas
File Copy: C:\Arquivos de programas\Borland\Delphi5\RBuilder\Source\daDataWizard.pas
File Copy: C:\Arquivos de programas\Borland\Delphi5\RBuilder\Source\daDataWizardManager.pas
File Copy: C:\Arquivos de programas\Borland\Delphi5\RBuilder\Source\daDB.pas
File Copy: C:\Arquivos de programas\Borland\Delphi5\RBuilder\Source\daDBBDE.pas
File Copy: C:\Arquivos de programas\Borland\Delphi5\RBuilder\Source\daForms.pas
File Copy: C:\Arquivos de programas\Borland\Delphi5\RBuilder\Source\daIBExpress.pas
File Copy: C:\Arquivos de programas\Borland\Delphi5\RBuilder\Source\daIDE.pas
File Copy: C:\Arquivos de programas\Borland\Delphi5\RBuilder\Source\daJoinPanel.pas
File Copy: C:\Arquivos de programas\Borland\Delphi5\RBuilder\Source\daJoinTableDlg.pas
File Copy: C:\Arquivos de programas\Borland\Delphi5\RBuilder\Source\daLinkBroker.pas
File Copy: C:\Arquivos de programas\Borland\Delphi5\RBuilder\Source\daLinkDataViewDlg.pas
File Copy: C:\Arquivos de programas\Borland\Delphi5\RBuilder\Source\daLinkManager.pas
File Copy: C:\Arquivos de programas\Borland\Delphi5\RBuilder\Source\daMetaBitmaps.pas
File Copy: C:\Arquivos de programas\Borland\Delphi5\RBuilder\Source\daMetaData.pas
File Copy: C:\Arquivos de programas\Borland\Delphi5\RBuilder\Source\daMetaDataDlg.pas
File Copy: C:\Arquivos de programas\Borland\Delphi5\RBuilder\Source\daPreviewDataDlg.pas
File Copy: C:\Arquivos de programas\Borland\Delphi5\RBuilder\Source\daQueryDataView.pas
File Copy: C:\Arquivos de programas\Borland\Delphi5\RBuilder\Source\daQueryDesigner.pas
File Copy: C:\Arquivos de programas\Borland\Delphi5\RBuilder\Source\daQueryWizard.pas
File Copy: C:\Arquivos de programas\Borland\Delphi5\RBuilder\Source\daQueryWizardCalcDlg.pas
File Copy: C:\Arquivos de programas\Borland\Delphi5\RBuilder\Source\daQueryWizardCriteriaDlg.pas
File Copy: C:\Arquivos de programas\Borland\Delphi5\RBuilder\Source\daSQL.pas
File Copy: C:\Arquivos de programas\Borland\Delphi5\RBuilder\Source\daMagicSQL.pas
File Copy: C:\Arquivos de programas\Borland\Delphi5\RBuilder\Source\daQClass.pas
File Copy: C:\Arquivos de programas\Borland\Delphi5\RBuilder\Source\daQuery.pas
File Copy: C:\Arquivos de programas\Borland\Delphi5\RBuilder\Source\daSQLReservedWords.pas
File Copy: C:\Arquivos de programas\Borland\Delphi5\RBuilder\Source\daVisualLink.pas
File Copy: C:\Arquivos de programas\Borland\Delphi5\RBuilder\Source\daVisualLinkHint.pas
File Copy: C:\Arquivos de programas\Borland\Delphi5\RBuilder\Source\ppRegPro.dcr
File Copy: C:\Arquivos de programas\Borland\Delphi5\RBuilder\Source\daDataDictionaryBuilder.dfm
File Copy: C:\Arquivos de programas\Borland\Delphi5\RBuilder\Source\daDataSettingDlg.dfm
File Copy: C:\Arquivos de programas\Borland\Delphi5\RBuilder\Source\daDataViewToolWin.dfm
File Copy: C:\Arquivos de programas\Borland\Delphi5\RBuilder\Source\daJoinTableDlg.dfm
File Copy: C:\Arquivos de programas\Borland\Delphi5\RBuilder\Source\daLinkDataViewDlg.dfm
File Copy: C:\Arquivos de programas\Borland\Delphi5\RBuilder\Source\daMetaDataDlg.dfm
File Copy: C:\Arquivos de programas\Borland\Delphi5\RBuilder\Source\daPreviewDataDlg.dfm
File Copy: C:\Arquivos de programas\Borland\Delphi5\RBuilder\Source\daQueryDesigner.dfm
File Copy: C:\Arquivos de programas\Borland\Delphi5\RBuilder\Source\daQueryWizard.dfm
File Copy: C:\Arquivos de programas\Borland\Delphi5\RBuilder\Source\daQueryWizardCalcDlg.dfm
File Copy: C:\Arquivos de programas\Borland\Delphi5\RBuilder\Source\daQueryWizardCriteriaDlg.dfm
File Copy: C:\Arquivos de programas\Borland\Delphi5\RBuilder\Source\daVisualLinkHint.dfm
File Copy: C:\Arquivos de programas\Borland\Delphi5\RBuilder\Source\MyChkDlg.dfm
File Copy: C:\Arquivos de programas\Borland\Delphi5\RBuilder\Source\ppAbout.dfm
File Overwrite: C:\Arquivos de programas\Borland\Delphi5\RBuilder\Source\ppASDlg.dfm
File Copy: C:\Arquivos de programas\Borland\Delphi5\RBuilder\Source\ppBarDlg.dfm
File Copy: C:\Arquivos de programas\Borland\Delphi5\RBuilder\Source\ppBPsDlg.dfm
File Copy: C:\Arquivos de programas\Borland\Delphi5\RBuilder\Source\ppCDlg.dfm
File Copy: C:\Arquivos de programas\Borland\Delphi5\RBuilder\Source\ppClcDlg.dfm
File Copy: C:\Arquivos de programas\Borland\Delphi5\RBuilder\Source\ppCorDlg.dfm
File Copy: C:\Arquivos de programas\Borland\Delphi5\RBuilder\Source\ppCTDlg.dfm
File Copy: C:\Arquivos de programas\Borland\Delphi5\RBuilder\Source\ppCWzDlg.dfm
File Copy: C:\Arquivos de programas\Borland\Delphi5\RBuilder\Source\ppDatDlg.dfm
File Copy: C:\Arquivos de programas\Borland\Delphi5\RBuilder\Source\ppDemo.dfm
File Copy: C:\Arquivos de programas\Borland\Delphi5\RBuilder\Source\ppDrlDlg.dfm
File Copy: C:\Arquivos de programas\Borland\Delphi5\RBuilder\Source\ppDsgner.dfm
File Copy: C:\Arquivos de programas\Borland\Delphi5\RBuilder\Source\ppDsgWin.dfm
File Copy: C:\Arquivos de programas\Borland\Delphi5\RBuilder\Source\ppExpDlg.dfm
File Copy: C:\Arquivos de programas\Borland\Delphi5\RBuilder\Source\ppExpFrm.dfm
File Copy: C:\Arquivos de programas\Borland\Delphi5\RBuilder\Source\ppFldEd.dfm
File Copy: C:\Arquivos de programas\Borland\Delphi5\RBuilder\Source\ppFlnkEd.dfm
File Copy: C:\Arquivos de programas\Borland\Delphi5\RBuilder\Source\ppFmtDlg.dfm
File Copy: C:\Arquivos de programas\Borland\Delphi5\RBuilder\Source\ppGrdDlg.dfm
File Copy: C:\Arquivos de programas\Borland\Delphi5\RBuilder\Source\ppGrpDlg.dfm
File Overwrite: C:\Arquivos de programas\Borland\Delphi5\RBuilder\Source\ppLWzDlg.dfm
File Copy: C:\Arquivos de programas\Borland\Delphi5\RBuilder\Source\ppMemDlg.dfm
File Copy: C:\Arquivos de programas\Borland\Delphi5\RBuilder\Source\ppMMDlg.dfm
File Copy: C:\Arquivos de programas\Borland\Delphi5\RBuilder\Source\ppNewDlg.dfm
File Copy: C:\Arquivos de programas\Borland\Delphi5\RBuilder\Source\ppPDlg.dfm
File Copy: C:\Arquivos de programas\Borland\Delphi5\RBuilder\Source\ppPgNDlg.dfm
File Copy: C:\Arquivos de programas\Borland\Delphi5\RBuilder\Source\ppPgsDlg.dfm
File Copy: C:\Arquivos de programas\Borland\Delphi5\RBuilder\Source\ppPosDlg.dfm
File Copy: C:\Arquivos de programas\Borland\Delphi5\RBuilder\Source\ppPrvDlg.dfm
File Copy: C:\Arquivos de programas\Borland\Delphi5\RBuilder\Source\ppRichEd.dfm
File Copy: C:\Arquivos de programas\Borland\Delphi5\RBuilder\Source\ppRstDlg.dfm
File Copy: C:\Arquivos de programas\Borland\Delphi5\RBuilder\Source\ppRWzDlg.dfm
File Copy: C:\Arquivos de programas\Borland\Delphi5\RBuilder\Source\ppShfDlg.dfm
File Copy: C:\Arquivos de programas\Borland\Delphi5\RBuilder\Source\ppTmDlg.dfm
File Copy: C:\Arquivos de programas\Borland\Delphi5\RBuilder\Source\ppTmEDlg.dfm
File Copy: C:\Arquivos de programas\Borland\Delphi5\RBuilder\Source\ppTxtDlg.dfm
File Copy: C:\Arquivos de programas\Borland\Delphi5\RBuilder\Source\ppVarDlg.dfm
File Copy: C:\Arquivos de programas\Borland\Delphi5\RBuilder\Source\raClcDlg.dfm
File Copy: C:\Arquivos de programas\Borland\Delphi5\RBuilder\Source\daIDEBmp.res
File Copy: C:\Arquivos de programas\Borland\Delphi5\RBuilder\Source\MyChkBox.res
File Copy: C:\Arquivos de programas\Borland\Delphi5\RBuilder\Source\ppIDEBmp.res
File Copy: C:\Arquivos de programas\Borland\Delphi5\RBuilder\Source\rbIDE.RES
File Copy: C:\Arquivos de programas\Borland\Delphi5\RBuilder\Source\rbPrint.RES
File Overwrite: C:\Arquivos de programas\Borland\Delphi5\RBuilder\Source\TeeBmps.res
File Copy: C:\Arquivos de programas\Borland\Delphi5\RBuilder\Source\raClass.dcu
File Copy: C:\Arquivos de programas\Borland\Delphi5\RBuilder\Source\raClcDlg.dcu
File Overwrite: C:\Arquivos de programas\Borland\Delphi5\RBuilder\Source\raClcDlg.dfm
File Copy: C:\Arquivos de programas\Borland\Delphi5\RBuilder\Source\raClsMan.dcu
File Copy: C:\Arquivos de programas\Borland\Delphi5\RBuilder\Source\raClsVal.dcu
File Copy: C:\Arquivos de programas\Borland\Delphi5\RBuilder\Source\raCodMod.dcu
File Copy: C:\Arquivos de programas\Borland\Delphi5\RBuilder\Source\raComm.dcu
File Copy: C:\Arquivos de programas\Borland\Delphi5\RBuilder\Source\raConst.dcu
File Copy: C:\Arquivos de programas\Borland\Delphi5\RBuilder\Source\raEdit.dcu
File Copy: C:\Arquivos de programas\Borland\Delphi5\RBuilder\Source\raEvent.dcu
File Copy: C:\Arquivos de programas\Borland\Delphi5\RBuilder\Source\raExpr.dcu
File Copy: C:\Arquivos de programas\Borland\Delphi5\RBuilder\Source\raFunc.dcu
File Copy: C:\Arquivos de programas\Borland\Delphi5\RBuilder\Source\raIDE.dcu
File Copy: C:\Arquivos de programas\Borland\Delphi5\RBuilder\Source\raLngInf.dcu
File Copy: C:\Arquivos de programas\Borland\Delphi5\RBuilder\Source\raObjectRTTI.dcu
File Copy: C:\Arquivos de programas\Borland\Delphi5\RBuilder\Source\raParser.dcu
File Copy: C:\Arquivos de programas\Borland\Delphi5\RBuilder\Source\raReg.dcu
File Copy: C:\Arquivos de programas\Borland\Delphi5\RBuilder\Source\raRelatv.dcu
File Copy: C:\Arquivos de programas\Borland\Delphi5\RBuilder\Source\raStatem.dcu
File Copy: C:\Arquivos de programas\Borland\Delphi5\RBuilder\Source\raTreeVw.dcu
File Copy: C:\Arquivos de programas\Borland\Delphi5\RBuilder\Source\raTypes.dcu
File Copy: C:\Arquivos de programas\Borland\Delphi5\RBuilder\Source\raValue.dcu
Made Dir: C:\Arquivos de programas\Borland\Delphi5\RBuilder\Demos
Made Dir: C:\Arquivos de programas\Borland\Delphi5\RBuilder\Demos\5. AutoSearch
Made Dir: C:\Arquivos de programas\Borland\Delphi5\RBuilder\Demos\5. AutoSearch\1. AutoSearch Field to SQL Params
File Copy: C:\Arquivos de programas\Borland\Delphi5\RBuilder\Demos\5. AutoSearch\1. AutoSearch Field to SQL Params\AutoSearchFieldsToSQLParams.dfm
File Copy: C:\Arquivos de programas\Borland\Delphi5\RBuilder\Demos\5. AutoSearch\1. AutoSearch Field to SQL Params\AutoSearchFieldsToSQLParams.pas
File Copy: C:\Arquivos de programas\Borland\Delphi5\RBuilder\Demos\5. AutoSearch\1. AutoSearch Field to SQL Params\SQLParams.dpr
File Copy: C:\Arquivos de programas\Borland\Delphi5\RBuilder\Demos\5. AutoSearch\1. AutoSearch Field to SQL Params\SQLParams.res
Made Dir: C:\Arquivos de programas\Borland\Delphi5\RBuilder\Demos\5. AutoSearch\2. AutoSearch Field to Table Filter
File Copy: C:\Arquivos de programas\Borland\Delphi5\RBuilder\Demos\5. AutoSearch\2. AutoSearch Field to Table Filter\AutoSearchFieldsToTableFilter.dfm
File Copy: C:\Arquivos de programas\Borland\Delphi5\RBuilder\Demos\5. AutoSearch\2. AutoSearch Field to Table Filter\AutoSearchFieldsToTableFilter.pas
File Copy: C:\Arquivos de programas\Borland\Delphi5\RBuilder\Demos\5. AutoSearch\2. AutoSearch Field to Table Filter\TableFilter.dpr
File Copy: C:\Arquivos de programas\Borland\Delphi5\RBuilder\Demos\5. AutoSearch\2. AutoSearch Field to Table Filter\TableFilter.res
Made Dir: C:\Arquivos de programas\Borland\Delphi5\RBuilder\Demos\5. AutoSearch\3. AutoSearch Field to SQL Where Clause
File Copy: C:\Arquivos de programas\Borland\Delphi5\RBuilder\Demos\5. AutoSearch\3. AutoSearch Field to SQL Where Clause\AutoSearchFieldsToSQLWhereClause.dfm
File Copy: C:\Arquivos de programas\Borland\Delphi5\RBuilder\Demos\5. AutoSearch\3. AutoSearch Field to SQL Where Clause\AutoSearchFieldsToSQLWhereClause.pas
File Copy: C:\Arquivos de programas\Borland\Delphi5\RBuilder\Demos\5. AutoSearch\3. AutoSearch Field to SQL Where Clause\SQLWhereClause.dpr
File Copy: C:\Arquivos de programas\Borland\Delphi5\RBuilder\Demos\5. AutoSearch\3. AutoSearch Field to SQL Where Clause\SQLWhereClause.res
Made Dir: C:\Arquivos de programas\Borland\Delphi5\RBuilder\Demos\5. AutoSearch\4. Custom AutoSearch Dialog
File Copy: C:\Arquivos de programas\Borland\Delphi5\RBuilder\Demos\5. AutoSearch\4. Custom AutoSearch Dialog\AutoSearchFieldsToSQLWhereClause.dfm
File Copy: C:\Arquivos de programas\Borland\Delphi5\RBuilder\Demos\5. AutoSearch\4. Custom AutoSearch Dialog\AutoSearchFieldsToSQLWhereClause.pas
File Copy: C:\Arquivos de programas\Borland\Delphi5\RBuilder\Demos\5. AutoSearch\4. Custom AutoSearch Dialog\CustomAutoSearchDialog.dpr
File Copy: C:\Arquivos de programas\Borland\Delphi5\RBuilder\Demos\5. AutoSearch\4. Custom AutoSearch Dialog\CustomAutoSearchDialog.res
File Copy: C:\Arquivos de programas\Borland\Delphi5\RBuilder\Demos\5. AutoSearch\4. Custom AutoSearch Dialog\myASDlg.dfm
File Copy: C:\Arquivos de programas\Borland\Delphi5\RBuilder\Demos\5. AutoSearch\4. Custom AutoSearch Dialog\myASDlg.pas
File Overwrite: C:\Arquivos de programas\Borland\Delphi5\RBuilder\Demos\5. AutoSearch\4. Custom AutoSearch Dialog\AutoSearchFieldsToSQLWhereClause.dfm
File Overwrite: C:\Arquivos de programas\Borland\Delphi5\RBuilder\Demos\5. AutoSearch\4. Custom AutoSearch Dialog\AutoSearchFieldsToSQLWhereClause.pas
File Overwrite: C:\Arquivos de programas\Borland\Delphi5\RBuilder\Demos\5. AutoSearch\4. Custom AutoSearch Dialog\myASDlg.dfm
File Overwrite: C:\Arquivos de programas\Borland\Delphi5\RBuilder\Demos\5. AutoSearch\4. Custom AutoSearch Dialog\myASDlg.pas
File Overwrite: C:\Arquivos de programas\Borland\Delphi5\RBuilder\Demos\5. AutoSearch\4. Custom AutoSearch Dialog\CustomAutoSearchDialog.dpr
File Overwrite: C:\Arquivos de programas\Borland\Delphi5\RBuilder\Demos\5. AutoSearch\4. Custom AutoSearch Dialog\CustomAutoSearchDialog.res
Made Dir: C:\Arquivos de programas\Borland\Delphi5\RBuilder\Demos\5. AutoSearch\5. Build Description of AutoSearch Settings
File Copy: C:\Arquivos de programas\Borland\Delphi5\RBuilder\Demos\5. AutoSearch\5. Build Description of AutoSearch Settings\AutoSearchFieldsToSQLWhereClause.dfm
File Copy: C:\Arquivos de programas\Borland\Delphi5\RBuilder\Demos\5. AutoSearch\5. Build Description of AutoSearch Settings\AutoSearchFieldsToSQLWhereClause.pas
File Copy: C:\Arquivos de programas\Borland\Delphi5\RBuilder\Demos\5. AutoSearch\5. Build Description of AutoSearch Settings\AutoSearchDescription.dpr
File Copy: C:\Arquivos de programas\Borland\Delphi5\RBuilder\Demos\5. AutoSearch\5. Build Description of AutoSearch Settings\AutoSearchDescription.res
Made Dir: C:\Arquivos de programas\Borland\Delphi5\RBuilder\Demos\5. AutoSearch\6. Set End-User Search Criteria in Code
File Copy: C:\Arquivos de programas\Borland\Delphi5\RBuilder\Demos\5. AutoSearch\6. Set End-User Search Criteria in Code\autosearch.rtm
File Copy: C:\Arquivos de programas\Borland\Delphi5\RBuilder\Demos\5. AutoSearch\6. Set End-User Search Criteria in Code\EndUserSearchCriteria.dfm
File Copy: C:\Arquivos de programas\Borland\Delphi5\RBuilder\Demos\5. AutoSearch\6. Set End-User Search Criteria in Code\EndUserSearchCriteria.pas
File Copy: C:\Arquivos de programas\Borland\Delphi5\RBuilder\Demos\5. AutoSearch\6. Set End-User Search Criteria in Code\EndUserSearchCriteriaProj.dpr
File Copy: C:\Arquivos de programas\Borland\Delphi5\RBuilder\Demos\5. AutoSearch\6. Set End-User Search Criteria in Code\EndUserSearchCriteriaProj.res
Made Dir: C:\Arquivos de programas\Borland\Delphi5\RBuilder\Demos\5. AutoSearch\7. Create EndUser AutoSearch Fields
File Copy: C:\Arquivos de programas\Borland\Delphi5\RBuilder\Demos\5. AutoSearch\7. Create EndUser AutoSearch Fields\CreateEndUserAutoSearchFields.dfm
File Copy: C:\Arquivos de programas\Borland\Delphi5\RBuilder\Demos\5. AutoSearch\7. Create EndUser AutoSearch Fields\CreateEndUserAutoSearchFields.pas
File Copy: C:\Arquivos de programas\Borland\Delphi5\RBuilder\Demos\5. AutoSearch\7. Create EndUser AutoSearch Fields\CreateEndUserAutoSearchFieldsProj.dpr
File Copy: C:\Arquivos de programas\Borland\Delphi5\RBuilder\Demos\5. AutoSearch\7. Create EndUser AutoSearch Fields\CreateEndUserAutoSearchFieldsProj.res
Made Dir: C:\Arquivos de programas\Borland\Delphi5\RBuilder\Demos\6. RCL
File Copy: C:\Arquivos de programas\Borland\Delphi5\RBuilder\Demos\6. RCL\dclRBU55.dpk
File Copy: C:\Arquivos de programas\Borland\Delphi5\RBuilder\Demos\6. RCL\dclRBU55.res
File Copy: C:\Arquivos de programas\Borland\Delphi5\RBuilder\Demos\6. RCL\rbUSER55.dpk
File Copy: C:\Arquivos de programas\Borland\Delphi5\RBuilder\Demos\6. RCL\rbUSER55.res
File Copy: C:\Arquivos de programas\Borland\Delphi5\RBuilder\Demos\6. RCL\myReg.dcu
File Copy: C:\Arquivos de programas\Borland\Delphi5\RBuilder\Demos\6. RCL\myReg.pas
File Copy: C:\Arquivos de programas\Borland\Delphi5\RBuilder\Demos\6. RCL\MyChkBox.pas
File Copy: C:\Arquivos de programas\Borland\Delphi5\RBuilder\Demos\6. RCL\MyChkBox.res
File Copy: C:\Arquivos de programas\Borland\Delphi5\RBuilder\Demos\6. RCL\MyChkDlg.dfm
File Copy: C:\Arquivos de programas\Borland\Delphi5\RBuilder\Demos\6. RCL\MyChkDlg.pas
Made Dir: C:\Arquivos de programas\Borland\Delphi5\RBuilder\Demos\7. DLL
File Copy: C:\Arquivos de programas\Borland\Delphi5\RBuilder\Demos\7. DLL\CallDLL.dpr
File Copy: C:\Arquivos de programas\Borland\Delphi5\RBuilder\Demos\7. DLL\CallDLL.res
File Copy: C:\Arquivos de programas\Borland\Delphi5\RBuilder\Demos\7. DLL\RptDLL.dpr
File Copy: C:\Arquivos de programas\Borland\Delphi5\RBuilder\Demos\7. DLL\RptDLL.res
File Copy: C:\Arquivos de programas\Borland\Delphi5\RBuilder\Demos\7. DLL\FormDLL.pas
File Copy: C:\Arquivos de programas\Borland\Delphi5\RBuilder\Demos\7. DLL\FormDLL.dfm
File Copy: C:\Arquivos de programas\Borland\Delphi5\RBuilder\Demos\7. DLL\TestDLL.pas
File Copy: C:\Arquivos de programas\Borland\Delphi5\RBuilder\Demos\7. DLL\TestDLL.dfm
Made Dir: C:\Arquivos de programas\Borland\Delphi5\RBuilder\Demos\1. Reports
File Copy: C:\Arquivos de programas\Borland\Delphi5\RBuilder\Demos\1. Reports\Demo.db
File Copy: C:\Arquivos de programas\Borland\Delphi5\RBuilder\Demos\1. Reports\Demo.mb
File Copy: C:\Arquivos de programas\Borland\Delphi5\RBuilder\Demos\1. Reports\Demo.px
File Copy: C:\Arquivos de programas\Borland\Delphi5\RBuilder\Demos\1. Reports\VendOrd.db
File Copy: C:\Arquivos de programas\Borland\Delphi5\RBuilder\Demos\1. Reports\VendOrd.px
File Copy: C:\Arquivos de programas\Borland\Delphi5\RBuilder\Demos\1. Reports\VendOrd.xG0
File Copy: C:\Arquivos de programas\Borland\Delphi5\RBuilder\Demos\1. Reports\VendOrd.YG0
File Copy: C:\Arquivos de programas\Borland\Delphi5\RBuilder\Demos\1. Reports\Customer.txt
File Copy: C:\Arquivos de programas\Borland\Delphi5\RBuilder\Demos\1. Reports\Order.txt
File Copy: C:\Arquivos de programas\Borland\Delphi5\RBuilder\Demos\1. Reports\dm0131.txt
File Copy: C:\Arquivos de programas\Borland\Delphi5\RBuilder\Demos\1. Reports\dm0132.txt
File Copy: C:\Arquivos de programas\Borland\Delphi5\RBuilder\Demos\1. Reports\dm0133.txt
File Copy: C:\Arquivos de programas\Borland\Delphi5\RBuilder\Demos\1. Reports\dm0134.txt
File Copy: C:\Arquivos de programas\Borland\Delphi5\RBuilder\Demos\1. Reports\rbuilder.gif
File Copy: C:\Arquivos de programas\Borland\Delphi5\RBuilder\Demos\1. Reports\TypedFile.typ
Made Dir: C:\Arquivos de programas\Borland\Delphi5\RBuilder\Demos\1. Reports\Archives
File Copy: C:\Arquivos de programas\Borland\Delphi5\RBuilder\Demos\1. Reports\Archives\dm0011.raf
File Copy: C:\Arquivos de programas\Borland\Delphi5\RBuilder\Demos\1. Reports\Archives\dm0012.raf
File Copy: C:\Arquivos de programas\Borland\Delphi5\RBuilder\Demos\1. Reports\Archives\dm0016.raf
File Copy: C:\Arquivos de programas\Borland\Delphi5\RBuilder\Demos\1. Reports\Archives\dm0017.raf
File Copy: C:\Arquivos de programas\Borland\Delphi5\RBuilder\Demos\1. Reports\Archives\dm0023.raf
File Copy: C:\Arquivos de programas\Borland\Delphi5\RBuilder\Demos\1. Reports\Archives\dm0024.raf
File Copy: C:\Arquivos de programas\Borland\Delphi5\RBuilder\Demos\1. Reports\Archives\dm0025.raf
File Copy: C:\Arquivos de programas\Borland\Delphi5\RBuilder\Demos\1. Reports\Archives\dm0026.raf
File Copy: C:\Arquivos de programas\Borland\Delphi5\RBuilder\Demos\1. Reports\Archives\dm0033.raf
File Copy: C:\Arquivos de programas\Borland\Delphi5\RBuilder\Demos\1. Reports\Archives\dm0091.raf
Made Dir: C:\Arquivos de programas\Borland\Delphi5\RBuilder\Demos\1. Reports\Template
File Copy: C:\Arquivos de programas\Borland\Delphi5\RBuilder\Demos\1. Reports\Template\Avry5160.rtm
File Copy: C:\Arquivos de programas\Borland\Delphi5\RBuilder\Demos\1. Reports\Template\Avry5164.rtm
File Copy: C:\Arquivos de programas\Borland\Delphi5\RBuilder\Demos\1. Reports\Template\Avry5196.rtm
File Copy: C:\Arquivos de programas\Borland\Delphi5\RBuilder\Demos\1. Reports\Template\Avry5261.rtm
File Copy: C:\Arquivos de programas\Borland\Delphi5\RBuilder\Demos\1. Reports\Template\Avry5267.rtm
File Copy: C:\Arquivos de programas\Borland\Delphi5\RBuilder\Demos\1. Reports\Template\Avry5366.rtm
File Copy: C:\Arquivos de programas\Borland\Delphi5\RBuilder\Demos\1. Reports\Template\Avry5660.rtm
File Copy: C:\Arquivos de programas\Borland\Delphi5\RBuilder\Demos\1. Reports\Template\Avry6490.rtm
File Copy: C:\Arquivos de programas\Borland\Delphi5\RBuilder\Demos\1. Reports\Template\Items.rtm
File Copy: C:\Arquivos de programas\Borland\Delphi5\RBuilder\Demos\1. Reports\Demo.dpr
File Copy: C:\Arquivos de programas\Borland\Delphi5\RBuilder\Demos\1. Reports\Demo.res
File Copy: C:\Arquivos de programas\Borland\Delphi5\RBuilder\Demos\1. Reports\Demo.dof
File Copy: C:\Arquivos de programas\Borland\Delphi5\RBuilder\Demos\1. Reports\dmMain.dfm
File Copy: C:\Arquivos de programas\Borland\Delphi5\RBuilder\Demos\1. Reports\dmMain.pas
File Copy: C:\Arquivos de programas\Borland\Delphi5\RBuilder\Demos\1. Reports\dmLevels.dfm
File Copy: C:\Arquivos de programas\Borland\Delphi5\RBuilder\Demos\1. Reports\dmLevels.pas
File Copy: C:\Arquivos de programas\Borland\Delphi5\RBuilder\Demos\1. Reports\dmPrvw.dfm
File Copy: C:\Arquivos de programas\Borland\Delphi5\RBuilder\Demos\1. Reports\dmPrvw.pas
File Copy: C:\Arquivos de programas\Borland\Delphi5\RBuilder\Demos\1. Reports\dmUtil.pas
File Copy: C:\Arquivos de programas\Borland\Delphi5\RBuilder\Demos\1. Reports\dmEvents.dfm
File Copy: C:\Arquivos de programas\Borland\Delphi5\RBuilder\Demos\1. Reports\dmEvents.pas
File Copy: C:\Arquivos de programas\Borland\Delphi5\RBuilder\Demos\1. Reports\dm0011.pas
File Copy: C:\Arquivos de programas\Borland\Delphi5\RBuilder\Demos\1. Reports\dm0011.dfm
File Copy: C:\Arquivos de programas\Borland\Delphi5\RBuilder\Demos\1. Reports\dm0012.pas
File Copy: C:\Arquivos de programas\Borland\Delphi5\RBuilder\Demos\1. Reports\dm0012.dfm
File Copy: C:\Arquivos de programas\Borland\Delphi5\RBuilder\Demos\1. Reports\dm0013.pas
File Copy: C:\Arquivos de programas\Borland\Delphi5\RBuilder\Demos\1. Reports\dm0013.dfm
File Copy: C:\Arquivos de programas\Borland\Delphi5\RBuilder\Demos\1. Reports\dm0014.pas
File Copy: C:\Arquivos de programas\Borland\Delphi5\RBuilder\Demos\1. Reports\dm0014.dfm
File Copy: C:\Arquivos de programas\Borland\Delphi5\RBuilder\Demos\1. Reports\dm0015.pas
File Copy: C:\Arquivos de programas\Borland\Delphi5\RBuilder\Demos\1. Reports\dm0015.dfm
File Copy: C:\Arquivos de programas\Borland\Delphi5\RBuilder\Demos\1. Reports\dm0016.pas
File Copy: C:\Arquivos de programas\Borland\Delphi5\RBuilder\Demos\1. Reports\dm0016.dfm
File Copy: C:\Arquivos de programas\Borland\Delphi5\RBuilder\Demos\1. Reports\dm0017.pas
File Copy: C:\Arquivos de programas\Borland\Delphi5\RBuilder\Demos\1. Reports\dm0017.dfm
File Copy: C:\Arquivos de programas\Borland\Delphi5\RBuilder\Demos\1. Reports\dm0018.pas
File Copy: C:\Arquivos de programas\Borland\Delphi5\RBuilder\Demos\1. Reports\dm0018.dfm
File Copy: C:\Arquivos de programas\Borland\Delphi5\RBuilder\Demos\1. Reports\dm0021.pas
File Copy: C:\Arquivos de programas\Borland\Delphi5\RBuilder\Demos\1. Reports\dm0021.dfm
File Copy: C:\Arquivos de programas\Borland\Delphi5\RBuilder\Demos\1. Reports\dm0022.pas
File Copy: C:\Arquivos de programas\Borland\Delphi5\RBuilder\Demos\1. Reports\dm0022.dfm
File Copy: C:\Arquivos de programas\Borland\Delphi5\RBuilder\Demos\1. Reports\dm0023.pas
File Copy: C:\Arquivos de programas\Borland\Delphi5\RBuilder\Demos\1. Reports\dm0023.dfm
File Copy: C:\Arquivos de programas\Borland\Delphi5\RBuilder\Demos\1. Reports\dm0024.pas
File Copy: C:\Arquivos de programas\Borland\Delphi5\RBuilder\Demos\1. Reports\dm0024.dfm
File Copy: C:\Arquivos de programas\Borland\Delphi5\RBuilder\Demos\1. Reports\dm0025.pas
File Copy: C:\Arquivos de programas\Borland\Delphi5\RBuilder\Demos\1. Reports\dm0025.dfm
File Copy: C:\Arquivos de programas\Borland\Delphi5\RBuilder\Demos\1. Reports\dm0026.pas
File Copy: C:\Arquivos de programas\Borland\Delphi5\RBuilder\Demos\1. Reports\dm0026.dfm
File Copy: C:\Arquivos de programas\Borland\Delphi5\RBuilder\Demos\1. Reports\dm0027.pas
File Copy: C:\Arquivos de programas\Borland\Delphi5\RBuilder\Demos\1. Reports\dm0027.dfm
File Copy: C:\Arquivos de programas\Borland\Delphi5\RBuilder\Demos\1. Reports\dm0028.pas
File Copy: C:\Arquivos de programas\Borland\Delphi5\RBuilder\Demos\1. Reports\dm0028.dfm
File Copy: C:\Arquivos de programas\Borland\Delphi5\RBuilder\Demos\1. Reports\dm0029.pas
File Copy: C:\Arquivos de programas\Borland\Delphi5\RBuilder\Demos\1. Reports\dm0029.dfm
File Copy: C:\Arquivos de programas\Borland\Delphi5\RBuilder\Demos\1. Reports\dm0031.pas
File Copy: C:\Arquivos de programas\Borland\Delphi5\RBuilder\Demos\1. Reports\dm0031.dfm
File Copy: C:\Arquivos de programas\Borland\Delphi5\RBuilder\Demos\1. Reports\dm0032.pas
File Copy: C:\Arquivos de programas\Borland\Delphi5\RBuilder\Demos\1. Reports\dm0032.dfm
File Copy: C:\Arquivos de programas\Borland\Delphi5\RBuilder\Demos\1. Reports\dm0033.pas
File Copy: C:\Arquivos de programas\Borland\Delphi5\RBuilder\Demos\1. Reports\dm0033.dfm
File Copy: C:\Arquivos de programas\Borland\Delphi5\RBuilder\Demos\1. Reports\dm0041.pas
File Copy: C:\Arquivos de programas\Borland\Delphi5\RBuilder\Demos\1. Reports\dm0041.dfm
File Copy: C:\Arquivos de programas\Borland\Delphi5\RBuilder\Demos\1. Reports\dm0042.pas
File Copy: C:\Arquivos de programas\Borland\Delphi5\RBuilder\Demos\1. Reports\dm0042.dfm
File Copy: C:\Arquivos de programas\Borland\Delphi5\RBuilder\Demos\1. Reports\dm0051.pas
File Copy: C:\Arquivos de programas\Borland\Delphi5\RBuilder\Demos\1. Reports\dm0051.dfm
File Copy: C:\Arquivos de programas\Borland\Delphi5\RBuilder\Demos\1. Reports\dm0052.pas
File Copy: C:\Arquivos de programas\Borland\Delphi5\RBuilder\Demos\1. Reports\dm0052.dfm
File Copy: C:\Arquivos de programas\Borland\Delphi5\RBuilder\Demos\1. Reports\dm0061.pas
File Copy: C:\Arquivos de programas\Borland\Delphi5\RBuilder\Demos\1. Reports\dm0061.dfm
File Copy: C:\Arquivos de programas\Borland\Delphi5\RBuilder\Demos\1. Reports\dm0062.pas
File Copy: C:\Arquivos de programas\Borland\Delphi5\RBuilder\Demos\1. Reports\dm0062.dfm
File Copy: C:\Arquivos de programas\Borland\Delphi5\RBuilder\Demos\1. Reports\dm0063.pas
File Copy: C:\Arquivos de programas\Borland\Delphi5\RBuilder\Demos\1. Reports\dm0063.dfm
File Copy: C:\Arquivos de programas\Borland\Delphi5\RBuilder\Demos\1. Reports\dm0064.pas
File Copy: C:\Arquivos de programas\Borland\Delphi5\RBuilder\Demos\1. Reports\dm0064.dfm
File Copy: C:\Arquivos de programas\Borland\Delphi5\RBuilder\Demos\1. Reports\dm0071.pas
File Copy: C:\Arquivos de programas\Borland\Delphi5\RBuilder\Demos\1. Reports\dm0071.dfm
File Copy: C:\Arquivos de programas\Borland\Delphi5\RBuilder\Demos\1. Reports\dm0072.pas
File Copy: C:\Arquivos de programas\Borland\Delphi5\RBuilder\Demos\1. Reports\dm0072.dfm
File Copy: C:\Arquivos de programas\Borland\Delphi5\RBuilder\Demos\1. Reports\dm0073.pas
File Copy: C:\Arquivos de programas\Borland\Delphi5\RBuilder\Demos\1. Reports\dm0073.dfm
File Copy: C:\Arquivos de programas\Borland\Delphi5\RBuilder\Demos\1. Reports\dm0081.pas
File Copy: C:\Arquivos de programas\Borland\Delphi5\RBuilder\Demos\1. Reports\dm0081.dfm
File Copy: C:\Arquivos de programas\Borland\Delphi5\RBuilder\Demos\1. Reports\dm0082.pas
File Copy: C:\Arquivos de programas\Borland\Delphi5\RBuilder\Demos\1. Reports\dm0082.dfm
File Copy: C:\Arquivos de programas\Borland\Delphi5\RBuilder\Demos\1. Reports\dm0083.pas
File Copy: C:\Arquivos de programas\Borland\Delphi5\RBuilder\Demos\1. Reports\dm0083.dfm
File Copy: C:\Arquivos de programas\Borland\Delphi5\RBuilder\Demos\1. Reports\dm0084.pas
File Copy: C:\Arquivos de programas\Borland\Delphi5\RBuilder\Demos\1. Reports\dm0084.dfm
File Copy: C:\Arquivos de programas\Borland\Delphi5\RBuilder\Demos\1. Reports\dm0085.pas
File Copy: C:\Arquivos de programas\Borland\Delphi5\RBuilder\Demos\1. Reports\dm0085.dfm
File Copy: C:\Arquivos de programas\Borland\Delphi5\RBuilder\Demos\1. Reports\dm0091.pas
File Copy: C:\Arquivos de programas\Borland\Delphi5\RBuilder\Demos\1. Reports\dm0091.dfm
File Copy: C:\Arquivos de programas\Borland\Delphi5\RBuilder\Demos\1. Reports\dm0092.pas
File Copy: C:\Arquivos de programas\Borland\Delphi5\RBuilder\Demos\1. Reports\dm0092.dfm
File Copy: C:\Arquivos de programas\Borland\Delphi5\RBuilder\Demos\1. Reports\dm0101.pas
File Copy: C:\Arquivos de programas\Borland\Delphi5\RBuilder\Demos\1. Reports\dm0101.dfm
File Copy: C:\Arquivos de programas\Borland\Delphi5\RBuilder\Demos\1. Reports\dm0102.pas
File Copy: C:\Arquivos de programas\Borland\Delphi5\RBuilder\Demos\1. Reports\dm0102.dfm
File Copy: C:\Arquivos de programas\Borland\Delphi5\RBuilder\Demos\1. Reports\dm0103.pas
File Copy: C:\Arquivos de programas\Borland\Delphi5\RBuilder\Demos\1. Reports\dm0103.dfm
File Copy: C:\Arquivos de programas\Borland\Delphi5\RBuilder\Demos\1. Reports\dm0104.pas
File Copy: C:\Arquivos de programas\Borland\Delphi5\RBuilder\Demos\1. Reports\dm0104.dfm
File Copy: C:\Arquivos de programas\Borland\Delphi5\RBuilder\Demos\1. Reports\dm0105.pas
File Copy: C:\Arquivos de programas\Borland\Delphi5\RBuilder\Demos\1. Reports\dm0105.dfm
File Copy: C:\Arquivos de programas\Borland\Delphi5\RBuilder\Demos\1. Reports\dm0106.pas
File Copy: C:\Arquivos de programas\Borland\Delphi5\RBuilder\Demos\1. Reports\dm0106.dfm
File Copy: C:\Arquivos de programas\Borland\Delphi5\RBuilder\Demos\1. Reports\dm0107.pas
File Copy: C:\Arquivos de programas\Borland\Delphi5\RBuilder\Demos\1. Reports\dm0107.dfm
File Copy: C:\Arquivos de programas\Borland\Delphi5\RBuilder\Demos\1. Reports\dm0111.pas
File Copy: C:\Arquivos de programas\Borland\Delphi5\RBuilder\Demos\1. Reports\dm0111.dfm
File Copy: C:\Arquivos de programas\Borland\Delphi5\RBuilder\Demos\1. Reports\dm0112.pas
File Copy: C:\Arquivos de programas\Borland\Delphi5\RBuilder\Demos\1. Reports\dm0112.dfm
File Copy: C:\Arquivos de programas\Borland\Delphi5\RBuilder\Demos\1. Reports\dm0113.pas
File Copy: C:\Arquivos de programas\Borland\Delphi5\RBuilder\Demos\1. Reports\dm0113.dfm
File Copy: C:\Arquivos de programas\Borland\Delphi5\RBuilder\Demos\1. Reports\dm0114.pas
File Copy: C:\Arquivos de programas\Borland\Delphi5\RBuilder\Demos\1. Reports\dm0114.dfm
File Copy: C:\Arquivos de programas\Borland\Delphi5\RBuilder\Demos\1. Reports\dm0115.pas
File Copy: C:\Arquivos de programas\Borland\Delphi5\RBuilder\Demos\1. Reports\dm0115.dfm
File Copy: C:\Arquivos de programas\Borland\Delphi5\RBuilder\Demos\1. Reports\dm0116.pas
File Copy: C:\Arquivos de programas\Borland\Delphi5\RBuilder\Demos\1. Reports\dm0116.dfm
File Copy: C:\Arquivos de programas\Borland\Delphi5\RBuilder\Demos\1. Reports\dm0121.pas
File Copy: C:\Arquivos de programas\Borland\Delphi5\RBuilder\Demos\1. Reports\dm0121.dfm
File Copy: C:\Arquivos de programas\Borland\Delphi5\RBuilder\Demos\1. Reports\dm0122.pas
File Copy: C:\Arquivos de programas\Borland\Delphi5\RBuilder\Demos\1. Reports\dm0122.dfm
File Copy: C:\Arquivos de programas\Borland\Delphi5\RBuilder\Demos\1. Reports\dm0123.pas
File Copy: C:\Arquivos de programas\Borland\Delphi5\RBuilder\Demos\1. Reports\dm0123.dfm
File Copy: C:\Arquivos de programas\Borland\Delphi5\RBuilder\Demos\1. Reports\dm0124.pas
File Copy: C:\Arquivos de programas\Borland\Delphi5\RBuilder\Demos\1. Reports\dm0124.dfm
File Copy: C:\Arquivos de programas\Borland\Delphi5\RBuilder\Demos\1. Reports\dm0131.pas
File Copy: C:\Arquivos de programas\Borland\Delphi5\RBuilder\Demos\1. Reports\dm0131.dfm
File Copy: C:\Arquivos de programas\Borland\Delphi5\RBuilder\Demos\1. Reports\dm0132.pas
File Copy: C:\Arquivos de programas\Borland\Delphi5\RBuilder\Demos\1. Reports\dm0132.dfm
File Copy: C:\Arquivos de programas\Borland\Delphi5\RBuilder\Demos\1. Reports\dm0133.pas
File Copy: C:\Arquivos de programas\Borland\Delphi5\RBuilder\Demos\1. Reports\dm0133.dfm
File Copy: C:\Arquivos de programas\Borland\Delphi5\RBuilder\Demos\1. Reports\dm0134.pas
File Copy: C:\Arquivos de programas\Borland\Delphi5\RBuilder\Demos\1. Reports\dm0134.dfm
File Copy: C:\Arquivos de programas\Borland\Delphi5\RBuilder\Demos\1. Reports\dm0135.pas
File Copy: C:\Arquivos de programas\Borland\Delphi5\RBuilder\Demos\1. Reports\dm0135.dfm
File Copy: C:\Arquivos de programas\Borland\Delphi5\RBuilder\Demos\1. Reports\dm0136.pas
File Copy: C:\Arquivos de programas\Borland\Delphi5\RBuilder\Demos\1. Reports\dm0136.dfm
File Copy: C:\Arquivos de programas\Borland\Delphi5\RBuilder\Demos\1. Reports\dm0137.pas
File Copy: C:\Arquivos de programas\Borland\Delphi5\RBuilder\Demos\1. Reports\dm0137.dfm
File Copy: C:\Arquivos de programas\Borland\Delphi5\RBuilder\Demos\1. Reports\dm0138.pas
File Copy: C:\Arquivos de programas\Borland\Delphi5\RBuilder\Demos\1. Reports\dm0138.dfm
File Copy: C:\Arquivos de programas\Borland\Delphi5\RBuilder\Demos\1. Reports\dm0139.pas
File Copy: C:\Arquivos de programas\Borland\Delphi5\RBuilder\Demos\1. Reports\dm0139.dfm
File Copy: C:\Arquivos de programas\Borland\Delphi5\RBuilder\Demos\1. Reports\dm0140.pas
File Copy: C:\Arquivos de programas\Borland\Delphi5\RBuilder\Demos\1. Reports\dm0140.dfm
File Copy: C:\Arquivos de programas\Borland\Delphi5\RBuilder\Demos\1. Reports\dm0141.pas
File Copy: C:\Arquivos de programas\Borland\Delphi5\RBuilder\Demos\1. Reports\dm0141.dfm
File Copy: C:\Arquivos de programas\Borland\Delphi5\RBuilder\Demos\1. Reports\dm0142.pas
File Copy: C:\Arquivos de programas\Borland\Delphi5\RBuilder\Demos\1. Reports\dm0142.dfm
File Copy: C:\Arquivos de programas\Borland\Delphi5\RBuilder\Demos\1. Reports\dm0143.pas
File Copy: C:\Arquivos de programas\Borland\Delphi5\RBuilder\Demos\1. Reports\dm0143.dfm
File Copy: C:\Arquivos de programas\Borland\Delphi5\RBuilder\Demos\1. Reports\dm0144.pas
File Copy: C:\Arquivos de programas\Borland\Delphi5\RBuilder\Demos\1. Reports\dm0144.dfm
File Copy: C:\Arquivos de programas\Borland\Delphi5\RBuilder\Demos\1. Reports\dm0145.pas
File Copy: C:\Arquivos de programas\Borland\Delphi5\RBuilder\Demos\1. Reports\dm0145.dfm
File Copy: C:\Arquivos de programas\Borland\Delphi5\RBuilder\Demos\1. Reports\dm0146.pas
File Copy: C:\Arquivos de programas\Borland\Delphi5\RBuilder\Demos\1. Reports\dm0146.dfm
File Copy: C:\Arquivos de programas\Borland\Delphi5\RBuilder\Demos\1. Reports\dm0147.pas
File Copy: C:\Arquivos de programas\Borland\Delphi5\RBuilder\Demos\1. Reports\dm0147.dfm
File Copy: C:\Arquivos de programas\Borland\Delphi5\RBuilder\Demos\1. Reports\dm0148.pas
File Copy: C:\Arquivos de programas\Borland\Delphi5\RBuilder\Demos\1. Reports\dm0148.dfm
File Copy: C:\Arquivos de programas\Borland\Delphi5\RBuilder\Demos\1. Reports\dm0149.pas
File Copy: C:\Arquivos de programas\Borland\Delphi5\RBuilder\Demos\1. Reports\dm0149.dfm
File Copy: C:\Arquivos de programas\Borland\Delphi5\RBuilder\Demos\1. Reports\dm0151.pas
File Copy: C:\Arquivos de programas\Borland\Delphi5\RBuilder\Demos\1. Reports\dm0151.dfm
File Copy: C:\Arquivos de programas\Borland\Delphi5\RBuilder\Demos\1. Reports\dm0152.pas
File Copy: C:\Arquivos de programas\Borland\Delphi5\RBuilder\Demos\1. Reports\dm0152.dfm
File Copy: C:\Arquivos de programas\Borland\Delphi5\RBuilder\Demos\1. Reports\dm0153.pas
File Copy: C:\Arquivos de programas\Borland\Delphi5\RBuilder\Demos\1. Reports\dm0153.dfm
File Copy: C:\Arquivos de programas\Borland\Delphi5\RBuilder\Demos\1. Reports\dm0154.pas
File Copy: C:\Arquivos de programas\Borland\Delphi5\RBuilder\Demos\1. Reports\dm0154.dfm
Made Dir: C:\Arquivos de programas\Borland\Delphi5\RBuilder\Demos\Data
File Copy: C:\Arquivos de programas\Borland\Delphi5\RBuilder\Demos\Data\rbFolder.db
File Copy: C:\Arquivos de programas\Borland\Delphi5\RBuilder\Demos\Data\rbfolder.px
File Copy: C:\Arquivos de programas\Borland\Delphi5\RBuilder\Demos\Data\rbFolder.xg0
File Copy: C:\Arquivos de programas\Borland\Delphi5\RBuilder\Demos\Data\rbFolder.yg0
File Copy: C:\Arquivos de programas\Borland\Delphi5\RBuilder\Demos\Data\rbItem.db
File Copy: C:\Arquivos de programas\Borland\Delphi5\RBuilder\Demos\Data\rbItem.mb
File Copy: C:\Arquivos de programas\Borland\Delphi5\RBuilder\Demos\Data\rbItem.px
File Copy: C:\Arquivos de programas\Borland\Delphi5\RBuilder\Demos\Data\rbItem.xg0
File Copy: C:\Arquivos de programas\Borland\Delphi5\RBuilder\Demos\Data\rbItem.yg0
File Copy: C:\Arquivos de programas\Borland\Delphi5\RBuilder\Demos\Data\rbTable.db
File Copy: C:\Arquivos de programas\Borland\Delphi5\RBuilder\Demos\Data\rbTable.px
File Copy: C:\Arquivos de programas\Borland\Delphi5\RBuilder\Demos\Data\rbField.db
File Copy: C:\Arquivos de programas\Borland\Delphi5\RBuilder\Demos\Data\rbField.px
File Copy: C:\Arquivos de programas\Borland\Delphi5\RBuilder\Demos\Data\rbJoin.DB
File Copy: C:\Arquivos de programas\Borland\Delphi5\RBuilder\Demos\Data\rbJoin.PX
File Copy: C:\Arquivos de programas\Borland\Delphi5\RBuilder\Demos\Data\rbJoin.XG0
File Copy: C:\Arquivos de programas\Borland\Delphi5\RBuilder\Demos\Data\rbJoin.YG0
Made Dir: C:\Arquivos de programas\Borland\Delphi5\RBuilder\Demos\Data\EmptyDBs
File Copy: C:\Arquivos de programas\Borland\Delphi5\RBuilder\Demos\Data\EmptyDBs\rbFolder.db
File Copy: C:\Arquivos de programas\Borland\Delphi5\RBuilder\Demos\Data\EmptyDBs\rbFolder.px
File Copy: C:\Arquivos de programas\Borland\Delphi5\RBuilder\Demos\Data\EmptyDBs\rbFolder.xg0
File Copy: C:\Arquivos de programas\Borland\Delphi5\RBuilder\Demos\Data\EmptyDBs\rbFolder.yg0
File Copy: C:\Arquivos de programas\Borland\Delphi5\RBuilder\Demos\Data\EmptyDBs\rbItem.db
File Copy: C:\Arquivos de programas\Borland\Delphi5\RBuilder\Demos\Data\EmptyDBs\rbItem.mb
File Copy: C:\Arquivos de programas\Borland\Delphi5\RBuilder\Demos\Data\EmptyDBs\rbItem.px
File Copy: C:\Arquivos de programas\Borland\Delphi5\RBuilder\Demos\Data\EmptyDBs\rbItem.xg0
File Copy: C:\Arquivos de programas\Borland\Delphi5\RBuilder\Demos\Data\EmptyDBs\rbItem.yg0
File Copy: C:\Arquivos de programas\Borland\Delphi5\RBuilder\Demos\Data\EmptyDBs\rbTable.db
File Copy: C:\Arquivos de programas\Borland\Delphi5\RBuilder\Demos\Data\EmptyDBs\rbTable.px
File Copy: C:\Arquivos de programas\Borland\Delphi5\RBuilder\Demos\Data\EmptyDBs\rbField.db
File Copy: C:\Arquivos de programas\Borland\Delphi5\RBuilder\Demos\Data\EmptyDBs\rbField.px
File Copy: C:\Arquivos de programas\Borland\Delphi5\RBuilder\Demos\Data\EmptyDBs\rbJoin.DB
File Copy: C:\Arquivos de programas\Borland\Delphi5\RBuilder\Demos\Data\EmptyDBs\rbJoin.PX
File Copy: C:\Arquivos de programas\Borland\Delphi5\RBuilder\Demos\Data\EmptyDBs\rbJoin.XG0
File Copy: C:\Arquivos de programas\Borland\Delphi5\RBuilder\Demos\Data\EmptyDBs\rbJoin.YG0
Made Dir: C:\Arquivos de programas\Borland\Delphi5\RBuilder\Demos\3. EndUser
Made Dir: C:\Arquivos de programas\Borland\Delphi5\RBuilder\Demos\3. EndUser\1. Report Explorer
File Copy: C:\Arquivos de programas\Borland\Delphi5\RBuilder\Demos\3. EndUser\1. Report Explorer\EndUser.dpr
File Copy: C:\Arquivos de programas\Borland\Delphi5\RBuilder\Demos\3. EndUser\1. Report Explorer\EndUser.res
File Copy: C:\Arquivos de programas\Borland\Delphi5\RBuilder\Demos\3. EndUser\1. Report Explorer\MyEURpt.pas
File Copy: C:\Arquivos de programas\Borland\Delphi5\RBuilder\Demos\3. EndUser\1. Report Explorer\MyEURpt.dfm
Made Dir: C:\Arquivos de programas\Borland\Delphi5\RBuilder\Demos\3. EndUser\2. Custom Data Views
File Copy: C:\Arquivos de programas\Borland\Delphi5\RBuilder\Demos\3. EndUser\2. Custom Data Views\EndUser.dpr
File Copy: C:\Arquivos de programas\Borland\Delphi5\RBuilder\Demos\3. EndUser\2. Custom Data Views\EndUser.res
File Copy: C:\Arquivos de programas\Borland\Delphi5\RBuilder\Demos\3. EndUser\2. Custom Data Views\MyEURpt.pas
File Copy: C:\Arquivos de programas\Borland\Delphi5\RBuilder\Demos\3. EndUser\2. Custom Data Views\MyEURpt.dfm
File Copy: C:\Arquivos de programas\Borland\Delphi5\RBuilder\Demos\3. EndUser\2. Custom Data Views\MyDataVw.pas
File Copy: C:\Arquivos de programas\Borland\Delphi5\RBuilder\Demos\3. EndUser\2. Custom Data Views\myQueryDatavw.pas
File Copy: C:\Arquivos de programas\Borland\Delphi5\RBuilder\Demos\3. EndUser\2. Custom Data Views\dvDesign.pas
File Copy: C:\Arquivos de programas\Borland\Delphi5\RBuilder\Demos\3. EndUser\2. Custom Data Views\dvDesign.dfm
Made Dir: C:\Arquivos de programas\Borland\Delphi5\RBuilder\Demos\3. EndUser\3. AutoJoins
File Copy: C:\Arquivos de programas\Borland\Delphi5\RBuilder\Demos\3. EndUser\3. AutoJoins\EndUser.dpr
File Copy: C:\Arquivos de programas\Borland\Delphi5\RBuilder\Demos\3. EndUser\3. AutoJoins\EndUser.res
File Copy: C:\Arquivos de programas\Borland\Delphi5\RBuilder\Demos\3. EndUser\3. AutoJoins\myEURpt.dfm
File Copy: C:\Arquivos de programas\Borland\Delphi5\RBuilder\Demos\3. EndUser\3. AutoJoins\myEURpt.pas
Made Dir: C:\Arquivos de programas\Borland\Delphi5\RBuilder\Demos\3. EndUser\4. MDI
File Copy: C:\Arquivos de programas\Borland\Delphi5\RBuilder\Demos\3. EndUser\4. MDI\mdiForm.pas
File Copy: C:\Arquivos de programas\Borland\Delphi5\RBuilder\Demos\3. EndUser\4. MDI\mdiForm.dfm
File Copy: C:\Arquivos de programas\Borland\Delphi5\RBuilder\Demos\3. EndUser\4. MDI\mdiChild.pas
File Copy: C:\Arquivos de programas\Borland\Delphi5\RBuilder\Demos\3. EndUser\4. MDI\mdiChild.dfm
File Copy: C:\Arquivos de programas\Borland\Delphi5\RBuilder\Demos\3. EndUser\4. MDI\MDI.dpr
File Copy: C:\Arquivos de programas\Borland\Delphi5\RBuilder\Demos\3. EndUser\4. MDI\MDI.res
Made Dir: C:\Arquivos de programas\Borland\Delphi5\RBuilder\Demos\4. EndUser Databases
File Copy: C:\Arquivos de programas\Borland\Delphi5\RBuilder\Demos\4. EndUser Databases\DADE Plug-Ins.doc
Made Dir: C:\Arquivos de programas\Borland\Delphi5\RBuilder\Demos\4. EndUser Databases\Access 97
File Copy: C:\Arquivos de programas\Borland\Delphi5\RBuilder\Demos\4. EndUser Databases\Access 97\RBTables42.mdb
File Copy: C:\Arquivos de programas\Borland\Delphi5\RBuilder\Demos\4. EndUser Databases\Access 97\CreateEndUserTables.doc
Made Dir: C:\Arquivos de programas\Borland\Delphi5\RBuilder\Demos\4. EndUser Databases\Access 97\1. BDE
File Copy: C:\Arquivos de programas\Borland\Delphi5\RBuilder\Demos\4. EndUser Databases\Access 97\1. BDE\EndUser.dpr
File Copy: C:\Arquivos de programas\Borland\Delphi5\RBuilder\Demos\4. EndUser Databases\Access 97\1. BDE\EndUser.res
File Copy: C:\Arquivos de programas\Borland\Delphi5\RBuilder\Demos\4. EndUser Databases\Access 97\1. BDE\ReadMe.doc
File Copy: C:\Arquivos de programas\Borland\Delphi5\RBuilder\Demos\4. EndUser Databases\Access 97\1. BDE\myEURpt.dfm
File Copy: C:\Arquivos de programas\Borland\Delphi5\RBuilder\Demos\4. EndUser Databases\Access 97\1. BDE\myEURpt.pas
Made Dir: C:\Arquivos de programas\Borland\Delphi5\RBuilder\Demos\4. EndUser Databases\Access 97\2. ADO
File Copy: C:\Arquivos de programas\Borland\Delphi5\RBuilder\Demos\4. EndUser Databases\Access 97\2. ADO\EndUser.dpr
File Copy: C:\Arquivos de programas\Borland\Delphi5\RBuilder\Demos\4. EndUser Databases\Access 97\2. ADO\EndUser.res
File Copy: C:\Arquivos de programas\Borland\Delphi5\RBuilder\Demos\4. EndUser Databases\Access 97\2. ADO\ReadMe.doc
File Copy: C:\Arquivos de programas\Borland\Delphi5\RBuilder\Demos\4. EndUser Databases\Access 97\2. ADO\myEURpt.dfm
File Copy: C:\Arquivos de programas\Borland\Delphi5\RBuilder\Demos\4. EndUser Databases\Access 97\2. ADO\myEURpt.pas
Made Dir: C:\Arquivos de programas\Borland\Delphi5\RBuilder\Demos\4. EndUser Databases\Advantage
Made Dir: C:\Arquivos de programas\Borland\Delphi5\RBuilder\Demos\4. EndUser Databases\Advantage\1. Native
File Copy: C:\Arquivos de programas\Borland\Delphi5\RBuilder\Demos\4. EndUser Databases\Advantage\1. Native\daADS.pas
File Copy: C:\Arquivos de programas\Borland\Delphi5\RBuilder\Demos\4. EndUser Databases\Advantage\1. Native\rbAds55.dpk
File Copy: C:\Arquivos de programas\Borland\Delphi5\RBuilder\Demos\4. EndUser Databases\Advantage\1. Native\rbAds55.res
File Copy: C:\Arquivos de programas\Borland\Delphi5\RBuilder\Demos\4. EndUser Databases\Advantage\1. Native\ReadMe.doc
File Copy: C:\Arquivos de programas\Borland\Delphi5\RBuilder\Demos\4. EndUser Databases\Advantage\1. Native\EndUser.dpr
File Copy: C:\Arquivos de programas\Borland\Delphi5\RBuilder\Demos\4. EndUser Databases\Advantage\1. Native\EndUser.res
File Copy: C:\Arquivos de programas\Borland\Delphi5\RBuilder\Demos\4. EndUser Databases\Advantage\1. Native\myEURpt.dfm
File Copy: C:\Arquivos de programas\Borland\Delphi5\RBuilder\Demos\4. EndUser Databases\Advantage\1. Native\myEURpt.pas
File Copy: C:\Arquivos de programas\Borland\Delphi5\RBuilder\Demos\4. EndUser Databases\Advantage\1. Native\rbField.ADT
File Copy: C:\Arquivos de programas\Borland\Delphi5\RBuilder\Demos\4. EndUser Databases\Advantage\1. Native\rbFolder.ADT
File Copy: C:\Arquivos de programas\Borland\Delphi5\RBuilder\Demos\4. EndUser Databases\Advantage\1. Native\rbItem.ADM
File Copy: C:\Arquivos de programas\Borland\Delphi5\RBuilder\Demos\4. EndUser Databases\Advantage\1. Native\rbItem.ADT
File Copy: C:\Arquivos de programas\Borland\Delphi5\RBuilder\Demos\4. EndUser Databases\Advantage\1. Native\rbJoin.ADT
File Copy: C:\Arquivos de programas\Borland\Delphi5\RBuilder\Demos\4. EndUser Databases\Advantage\1. Native\rbTable.ADT
File Overwrite: C:\Arquivos de programas\Borland\Delphi5\RBuilder\Demos\4. EndUser Databases\Advantage\1. Native\ReadMe.doc
Made Dir: C:\Arquivos de programas\Borland\Delphi5\RBuilder\Demos\4. EndUser Databases\DBISAM
Made Dir: C:\Arquivos de programas\Borland\Delphi5\RBuilder\Demos\4. EndUser Databases\DBISAM\1. Native
File Copy: C:\Arquivos de programas\Borland\Delphi5\RBuilder\Demos\4. EndUser Databases\DBISAM\1. Native\daDBISAM.pas
File Copy: C:\Arquivos de programas\Borland\Delphi5\RBuilder\Demos\4. EndUser Databases\DBISAM\1. Native\rbISAM55.dpk
File Copy: C:\Arquivos de programas\Borland\Delphi5\RBuilder\Demos\4. EndUser Databases\DBISAM\1. Native\rbISAM55.res
File Copy: C:\Arquivos de programas\Borland\Delphi5\RBuilder\Demos\4. EndUser Databases\DBISAM\1. Native\ReadMe.doc
File Copy: C:\Arquivos de programas\Borland\Delphi5\RBuilder\Demos\4. EndUser Databases\DBISAM\1. Native\EndUser.dpr
File Copy: C:\Arquivos de programas\Borland\Delphi5\RBuilder\Demos\4. EndUser Databases\DBISAM\1. Native\EndUser.res
File Copy: C:\Arquivos de programas\Borland\Delphi5\RBuilder\Demos\4. EndUser Databases\DBISAM\1. Native\myEURpt.dfm
File Copy: C:\Arquivos de programas\Borland\Delphi5\RBuilder\Demos\4. EndUser Databases\DBISAM\1. Native\myEURpt.pas
Made Dir: C:\Arquivos de programas\Borland\Delphi5\RBuilder\Demos\4. EndUser Databases\DBISAM\1. Native\Data
File Copy: C:\Arquivos de programas\Borland\Delphi5\RBuilder\Demos\4. EndUser Databases\DBISAM\1. Native\Data\rbField.DAT
File Copy: C:\Arquivos de programas\Borland\Delphi5\RBuilder\Demos\4. EndUser Databases\DBISAM\1. Native\Data\rbField.IDX
File Copy: C:\Arquivos de programas\Borland\Delphi5\RBuilder\Demos\4. EndUser Databases\DBISAM\1. Native\Data\rbFolder.DAT
File Copy: C:\Arquivos de programas\Borland\Delphi5\RBuilder\Demos\4. EndUser Databases\DBISAM\1. Native\Data\rbFolder.IDX
File Copy: C:\Arquivos de programas\Borland\Delphi5\RBuilder\Demos\4. EndUser Databases\DBISAM\1. Native\Data\rbItem.DAT
File Copy: C:\Arquivos de programas\Borland\Delphi5\RBuilder\Demos\4. EndUser Databases\DBISAM\1. Native\Data\rbItem.IDX
File Copy: C:\Arquivos de programas\Borland\Delphi5\RBuilder\Demos\4. EndUser Databases\DBISAM\1. Native\Data\rbItem.BLB
File Copy: C:\Arquivos de programas\Borland\Delphi5\RBuilder\Demos\4. EndUser Databases\DBISAM\1. Native\Data\rbJoin.DAT
File Copy: C:\Arquivos de programas\Borland\Delphi5\RBuilder\Demos\4. EndUser Databases\DBISAM\1. Native\Data\rbJoin.IDX
File Copy: C:\Arquivos de programas\Borland\Delphi5\RBuilder\Demos\4. EndUser Databases\DBISAM\1. Native\Data\rbTable.DAT
File Copy: C:\Arquivos de programas\Borland\Delphi5\RBuilder\Demos\4. EndUser Databases\DBISAM\1. Native\Data\rbTable.IDX
Made Dir: C:\Arquivos de programas\Borland\Delphi5\RBuilder\Demos\4. EndUser Databases\InterBase
File Copy: C:\Arquivos de programas\Borland\Delphi5\RBuilder\Demos\4. EndUser Databases\InterBase\CreateEndUserTables.sql
Made Dir: C:\Arquivos de programas\Borland\Delphi5\RBuilder\Demos\4. EndUser Databases\InterBase\1. BDE
File Copy: C:\Arquivos de programas\Borland\Delphi5\RBuilder\Demos\4. EndUser Databases\InterBase\1. BDE\EndUser.dpr
File Copy: C:\Arquivos de programas\Borland\Delphi5\RBuilder\Demos\4. EndUser Databases\InterBase\1. BDE\EndUser.res
File Copy: C:\Arquivos de programas\Borland\Delphi5\RBuilder\Demos\4. EndUser Databases\InterBase\1. BDE\myEURpt.dfm
File Copy: C:\Arquivos de programas\Borland\Delphi5\RBuilder\Demos\4. EndUser Databases\InterBase\1. BDE\myEURpt.pas
File Copy: C:\Arquivos de programas\Borland\Delphi5\RBuilder\Demos\4. EndUser Databases\InterBase\1. BDE\ReadMe.doc
Made Dir: C:\Arquivos de programas\Borland\Delphi5\RBuilder\Demos\4. EndUser Databases\InterBase\2. IB Express
File Copy: C:\Arquivos de programas\Borland\Delphi5\RBuilder\Demos\4. EndUser Databases\InterBase\2. IB Express\EndUser.dpr
File Copy: C:\Arquivos de programas\Borland\Delphi5\RBuilder\Demos\4. EndUser Databases\InterBase\2. IB Express\EndUser.res
File Copy: C:\Arquivos de programas\Borland\Delphi5\RBuilder\Demos\4. EndUser Databases\InterBase\2. IB Express\myEUrpt.dfm
File Copy: C:\Arquivos de programas\Borland\Delphi5\RBuilder\Demos\4. EndUser Databases\InterBase\2. IB Express\myEUrpt.pas
File Copy: C:\Arquivos de programas\Borland\Delphi5\RBuilder\Demos\4. EndUser Databases\InterBase\2. IB Express\ReadMe.doc
Made Dir: C:\Arquivos de programas\Borland\Delphi5\RBuilder\Demos\4. EndUser Databases\InterBase\3. IB Objects
File Copy: C:\Arquivos de programas\Borland\Delphi5\RBuilder\Demos\4. EndUser Databases\InterBase\3. IB Objects\EndUser.dpr
File Copy: C:\Arquivos de programas\Borland\Delphi5\RBuilder\Demos\4. EndUser Databases\InterBase\3. IB Objects\EndUser.res
File Copy: C:\Arquivos de programas\Borland\Delphi5\RBuilder\Demos\4. EndUser Databases\InterBase\3. IB Objects\daIBO.pas
File Copy: C:\Arquivos de programas\Borland\Delphi5\RBuilder\Demos\4. EndUser Databases\InterBase\3. IB Objects\myEURpt.dfm
File Copy: C:\Arquivos de programas\Borland\Delphi5\RBuilder\Demos\4. EndUser Databases\InterBase\3. IB Objects\myEURpt.pas
File Copy: C:\Arquivos de programas\Borland\Delphi5\RBuilder\Demos\4. EndUser Databases\InterBase\3. IB Objects\rbIBO55.dpk
File Copy: C:\Arquivos de programas\Borland\Delphi5\RBuilder\Demos\4. EndUser Databases\InterBase\3. IB Objects\rbIBO55.res
File Copy: C:\Arquivos de programas\Borland\Delphi5\RBuilder\Demos\4. EndUser Databases\InterBase\3. IB Objects\ReadMe.doc
Made Dir: C:\Arquivos de programas\Borland\Delphi5\RBuilder\Demos\4. EndUser Databases\Oracle 8
File Copy: C:\Arquivos de programas\Borland\Delphi5\RBuilder\Demos\4. EndUser Databases\Oracle 8\CreateEndUserTables.sql
Made Dir: C:\Arquivos de programas\Borland\Delphi5\RBuilder\Demos\4. EndUser Databases\Oracle 8\1. BDE
File Copy: C:\Arquivos de programas\Borland\Delphi5\RBuilder\Demos\4. EndUser Databases\Oracle 8\1. BDE\EndUser.dpr
File Copy: C:\Arquivos de programas\Borland\Delphi5\RBuilder\Demos\4. EndUser Databases\Oracle 8\1. BDE\EndUser.res
File Copy: C:\Arquivos de programas\Borland\Delphi5\RBuilder\Demos\4. EndUser Databases\Oracle 8\1. BDE\myEURpt.dfm
File Copy: C:\Arquivos de programas\Borland\Delphi5\RBuilder\Demos\4. EndUser Databases\Oracle 8\1. BDE\myEURpt.pas
File Copy: C:\Arquivos de programas\Borland\Delphi5\RBuilder\Demos\4. EndUser Databases\Oracle 8\1. BDE\ReadMe.doc
Made Dir: C:\Arquivos de programas\Borland\Delphi5\RBuilder\Demos\4. EndUser Databases\Oracle 8\2. DOA
File Copy: C:\Arquivos de programas\Borland\Delphi5\RBuilder\Demos\4. EndUser Databases\Oracle 8\2. DOA\EndUser.dpr
File Copy: C:\Arquivos de programas\Borland\Delphi5\RBuilder\Demos\4. EndUser Databases\Oracle 8\2. DOA\EndUser.res
File Copy: C:\Arquivos de programas\Borland\Delphi5\RBuilder\Demos\4. EndUser Databases\Oracle 8\2. DOA\daDOA.pas
File Copy: C:\Arquivos de programas\Borland\Delphi5\RBuilder\Demos\4. EndUser Databases\Oracle 8\2. DOA\myEURpt.dfm
File Copy: C:\Arquivos de programas\Borland\Delphi5\RBuilder\Demos\4. EndUser Databases\Oracle 8\2. DOA\myEURpt.pas
File Copy: C:\Arquivos de programas\Borland\Delphi5\RBuilder\Demos\4. EndUser Databases\Oracle 8\2. DOA\rbDOA55.dpk
File Copy: C:\Arquivos de programas\Borland\Delphi5\RBuilder\Demos\4. EndUser Databases\Oracle 8\2. DOA\rbDOA55.res
File Copy: C:\Arquivos de programas\Borland\Delphi5\RBuilder\Demos\4. EndUser Databases\Oracle 8\2. DOA\ReadMe.doc
Made Dir: C:\Arquivos de programas\Borland\Delphi5\RBuilder\Demos\4. EndUser Databases\Paradox
Made Dir: C:\Arquivos de programas\Borland\Delphi5\RBuilder\Demos\4. EndUser Databases\Paradox\1. BDE
File Copy: C:\Arquivos de programas\Borland\Delphi5\RBuilder\Demos\4. EndUser Databases\Paradox\1. BDE\ReadMe.doc
File Copy: C:\Arquivos de programas\Borland\Delphi5\RBuilder\Demos\4. EndUser Databases\Paradox\1. BDE\myEURpt.pas
File Copy: C:\Arquivos de programas\Borland\Delphi5\RBuilder\Demos\4. EndUser Databases\Paradox\1. BDE\myEURpt.dfm
File Copy: C:\Arquivos de programas\Borland\Delphi5\RBuilder\Demos\4. EndUser Databases\Paradox\1. BDE\EndUser.res
File Copy: C:\Arquivos de programas\Borland\Delphi5\RBuilder\Demos\4. EndUser Databases\Paradox\1. BDE\EndUser.dpr
Made Dir: C:\Arquivos de programas\Borland\Delphi5\RBuilder\Demos\4. EndUser Databases\SQL Anywhere 5
File Copy: C:\Arquivos de programas\Borland\Delphi5\RBuilder\Demos\4. EndUser Databases\SQL Anywhere 5\CreateEndUserTables.sql
Made Dir: C:\Arquivos de programas\Borland\Delphi5\RBuilder\Demos\4. EndUser Databases\SQL Anywhere 5\1. BDE
File Copy: C:\Arquivos de programas\Borland\Delphi5\RBuilder\Demos\4. EndUser Databases\SQL Anywhere 5\1. BDE\EndUser.dpr
File Copy: C:\Arquivos de programas\Borland\Delphi5\RBuilder\Demos\4. EndUser Databases\SQL Anywhere 5\1. BDE\EndUser.res
File Copy: C:\Arquivos de programas\Borland\Delphi5\RBuilder\Demos\4. EndUser Databases\SQL Anywhere 5\1. BDE\myEURpt.dfm
File Copy: C:\Arquivos de programas\Borland\Delphi5\RBuilder\Demos\4. EndUser Databases\SQL Anywhere 5\1. BDE\myEURpt.pas
File Copy: C:\Arquivos de programas\Borland\Delphi5\RBuilder\Demos\4. EndUser Databases\SQL Anywhere 5\1. BDE\ReadMe.doc
Made Dir: C:\Arquivos de programas\Borland\Delphi5\RBuilder\Demos\4. EndUser Databases\SQL Anywhere 5\2. ADO
File Copy: C:\Arquivos de programas\Borland\Delphi5\RBuilder\Demos\4. EndUser Databases\SQL Anywhere 5\2. ADO\EndUser.dpr
File Copy: C:\Arquivos de programas\Borland\Delphi5\RBuilder\Demos\4. EndUser Databases\SQL Anywhere 5\2. ADO\EndUser.res
File Copy: C:\Arquivos de programas\Borland\Delphi5\RBuilder\Demos\4. EndUser Databases\SQL Anywhere 5\2. ADO\ReadMe.doc
File Copy: C:\Arquivos de programas\Borland\Delphi5\RBuilder\Demos\4. EndUser Databases\SQL Anywhere 5\2. ADO\myEURpt.dfm
File Copy: C:\Arquivos de programas\Borland\Delphi5\RBuilder\Demos\4. EndUser Databases\SQL Anywhere 5\2. ADO\myEURpt.pas
Made Dir: C:\Arquivos de programas\Borland\Delphi5\RBuilder\Demos\4. EndUser Databases\SQL Server 7
File Copy: C:\Arquivos de programas\Borland\Delphi5\RBuilder\Demos\4. EndUser Databases\SQL Server 7\CreateEndUserTables.sql
Made Dir: C:\Arquivos de programas\Borland\Delphi5\RBuilder\Demos\4. EndUser Databases\SQL Server 7\1. BDE
File Copy: C:\Arquivos de programas\Borland\Delphi5\RBuilder\Demos\4. EndUser Databases\SQL Server 7\1. BDE\EndUser.dpr
File Copy: C:\Arquivos de programas\Borland\Delphi5\RBuilder\Demos\4. EndUser Databases\SQL Server 7\1. BDE\EndUser.res
File Copy: C:\Arquivos de programas\Borland\Delphi5\RBuilder\Demos\4. EndUser Databases\SQL Server 7\1. BDE\myEURpt.dfm
File Copy: C:\Arquivos de programas\Borland\Delphi5\RBuilder\Demos\4. EndUser Databases\SQL Server 7\1. BDE\myEURpt.pas
File Copy: C:\Arquivos de programas\Borland\Delphi5\RBuilder\Demos\4. EndUser Databases\SQL Server 7\1. BDE\ReadMe.doc
Made Dir: C:\Arquivos de programas\Borland\Delphi5\RBuilder\Demos\4. EndUser Databases\SQL Server 7\2. ADO
File Copy: C:\Arquivos de programas\Borland\Delphi5\RBuilder\Demos\4. EndUser Databases\SQL Server 7\2. ADO\EndUser.dpr
File Copy: C:\Arquivos de programas\Borland\Delphi5\RBuilder\Demos\4. EndUser Databases\SQL Server 7\2. ADO\EndUser.res
File Copy: C:\Arquivos de programas\Borland\Delphi5\RBuilder\Demos\4. EndUser Databases\SQL Server 7\2. ADO\myEURpt.dfm
File Copy: C:\Arquivos de programas\Borland\Delphi5\RBuilder\Demos\4. EndUser Databases\SQL Server 7\2. ADO\myEURpt.pas
File Copy: C:\Arquivos de programas\Borland\Delphi5\RBuilder\Demos\4. EndUser Databases\SQL Server 7\2. ADO\ReadMe.doc
Made Dir: C:\Arquivos de programas\Borland\Delphi5\RBuilder\Demos\4. EndUser Databases\Sybase ASA 6
File Copy: C:\Arquivos de programas\Borland\Delphi5\RBuilder\Demos\4. EndUser Databases\Sybase ASA 6\CreateEndUserTables.sql
Made Dir: C:\Arquivos de programas\Borland\Delphi5\RBuilder\Demos\4. EndUser Databases\Sybase ASA 6\1. BDE
File Copy: C:\Arquivos de programas\Borland\Delphi5\RBuilder\Demos\4. EndUser Databases\Sybase ASA 6\1. BDE\EndUser.dpr
File Copy: C:\Arquivos de programas\Borland\Delphi5\RBuilder\Demos\4. EndUser Databases\Sybase ASA 6\1. BDE\EndUser.res
File Copy: C:\Arquivos de programas\Borland\Delphi5\RBuilder\Demos\4. EndUser Databases\Sybase ASA 6\1. BDE\myEURpt.dfm
File Copy: C:\Arquivos de programas\Borland\Delphi5\RBuilder\Demos\4. EndUser Databases\Sybase ASA 6\1. BDE\myEURpt.pas
File Copy: C:\Arquivos de programas\Borland\Delphi5\RBuilder\Demos\4. EndUser Databases\Sybase ASA 6\1. BDE\ReadMe.doc
Made Dir: C:\Arquivos de programas\Borland\Delphi5\RBuilder\Demos\4. EndUser Databases\Sybase ASE 11
File Copy: C:\Arquivos de programas\Borland\Delphi5\RBuilder\Demos\4. EndUser Databases\Sybase ASE 11\CreateEndUserTables.sql
Made Dir: C:\Arquivos de programas\Borland\Delphi5\RBuilder\Demos\4. EndUser Databases\Sybase ASE 11\1. BDE
File Copy: C:\Arquivos de programas\Borland\Delphi5\RBuilder\Demos\4. EndUser Databases\Sybase ASE 11\1. BDE\EndUser.dpr
File Copy: C:\Arquivos de programas\Borland\Delphi5\RBuilder\Demos\4. EndUser Databases\Sybase ASE 11\1. BDE\EndUser.res
File Copy: C:\Arquivos de programas\Borland\Delphi5\RBuilder\Demos\4. EndUser Databases\Sybase ASE 11\1. BDE\myEURpt.dfm
File Copy: C:\Arquivos de programas\Borland\Delphi5\RBuilder\Demos\4. EndUser Databases\Sybase ASE 11\1. BDE\myEURpt.pas
File Copy: C:\Arquivos de programas\Borland\Delphi5\RBuilder\Demos\4. EndUser Databases\Sybase ASE 11\1. BDE\ReadMe.doc
Made Dir: C:\Arquivos de programas\Borland\Delphi5\RBuilder\Demos\2. CrossTabs
File Copy: C:\Arquivos de programas\Borland\Delphi5\RBuilder\Demos\2. CrossTabs\ctLevels.dfm
File Copy: C:\Arquivos de programas\Borland\Delphi5\RBuilder\Demos\2. CrossTabs\ctLevels.pas
File Copy: C:\Arquivos de programas\Borland\Delphi5\RBuilder\Demos\2. CrossTabs\ctMain.dfm
File Copy: C:\Arquivos de programas\Borland\Delphi5\RBuilder\Demos\2. CrossTabs\ctMain.pas
File Copy: C:\Arquivos de programas\Borland\Delphi5\RBuilder\Demos\2. CrossTabs\ctRptFrm.pas
File Copy: C:\Arquivos de programas\Borland\Delphi5\RBuilder\Demos\2. CrossTabs\Demo.dpr
File Copy: C:\Arquivos de programas\Borland\Delphi5\RBuilder\Demos\2. CrossTabs\Demo.res
File Copy: C:\Arquivos de programas\Borland\Delphi5\RBuilder\Demos\2. CrossTabs\CrossTab.DB
File Copy: C:\Arquivos de programas\Borland\Delphi5\RBuilder\Demos\2. CrossTabs\CrossTab.MB
File Copy: C:\Arquivos de programas\Borland\Delphi5\RBuilder\Demos\2. CrossTabs\CrossTab.PX
File Copy: C:\Arquivos de programas\Borland\Delphi5\RBuilder\Demos\2. CrossTabs\ct112.rtm
File Copy: C:\Arquivos de programas\Borland\Delphi5\RBuilder\Demos\2. CrossTabs\ct002.rtm
File Copy: C:\Arquivos de programas\Borland\Delphi5\RBuilder\Demos\2. CrossTabs\ct003.rtm
File Copy: C:\Arquivos de programas\Borland\Delphi5\RBuilder\Demos\2. CrossTabs\ct004.rtm
File Copy: C:\Arquivos de programas\Borland\Delphi5\RBuilder\Demos\2. CrossTabs\ct005.rtm
File Copy: C:\Arquivos de programas\Borland\Delphi5\RBuilder\Demos\2. CrossTabs\ct006.rtm
File Copy: C:\Arquivos de programas\Borland\Delphi5\RBuilder\Demos\2. CrossTabs\ct011.rtm
File Copy: C:\Arquivos de programas\Borland\Delphi5\RBuilder\Demos\2. CrossTabs\ct012.rtm
File Copy: C:\Arquivos de programas\Borland\Delphi5\RBuilder\Demos\2. CrossTabs\ct013.rtm
File Copy: C:\Arquivos de programas\Borland\Delphi5\RBuilder\Demos\2. CrossTabs\ct014.rtm
File Copy: C:\Arquivos de programas\Borland\Delphi5\RBuilder\Demos\2. CrossTabs\ct015.rtm
File Copy: C:\Arquivos de programas\Borland\Delphi5\RBuilder\Demos\2. CrossTabs\ct016.rtm
File Copy: C:\Arquivos de programas\Borland\Delphi5\RBuilder\Demos\2. CrossTabs\ct021.rtm
File Copy: C:\Arquivos de programas\Borland\Delphi5\RBuilder\Demos\2. CrossTabs\ct022.rtm
File Copy: C:\Arquivos de programas\Borland\Delphi5\RBuilder\Demos\2. CrossTabs\ct023.rtm
File Copy: C:\Arquivos de programas\Borland\Delphi5\RBuilder\Demos\2. CrossTabs\ct024.rtm
File Copy: C:\Arquivos de programas\Borland\Delphi5\RBuilder\Demos\2. CrossTabs\ct025.rtm
File Copy: C:\Arquivos de programas\Borland\Delphi5\RBuilder\Demos\2. CrossTabs\ct026.rtm
File Copy: C:\Arquivos de programas\Borland\Delphi5\RBuilder\Demos\2. CrossTabs\ct027.rtm
File Copy: C:\Arquivos de programas\Borland\Delphi5\RBuilder\Demos\2. CrossTabs\ct028.rtm
File Copy: C:\Arquivos de programas\Borland\Delphi5\RBuilder\Demos\2. CrossTabs\ct029.rtm
File Copy: C:\Arquivos de programas\Borland\Delphi5\RBuilder\Demos\2. CrossTabs\ct030.rtm
File Copy: C:\Arquivos de programas\Borland\Delphi5\RBuilder\Demos\2. CrossTabs\ct031.rtm
File Copy: C:\Arquivos de programas\Borland\Delphi5\RBuilder\Demos\2. CrossTabs\ct032.rtm
File Copy: C:\Arquivos de programas\Borland\Delphi5\RBuilder\Demos\2. CrossTabs\ct033.rtm
File Copy: C:\Arquivos de programas\Borland\Delphi5\RBuilder\Demos\2. CrossTabs\ct034.rtm
File Copy: C:\Arquivos de programas\Borland\Delphi5\RBuilder\Demos\2. CrossTabs\ct035.rtm
File Copy: C:\Arquivos de programas\Borland\Delphi5\RBuilder\Demos\2. CrossTabs\ct041.rtm
File Copy: C:\Arquivos de programas\Borland\Delphi5\RBuilder\Demos\2. CrossTabs\ct042.rtm
File Copy: C:\Arquivos de programas\Borland\Delphi5\RBuilder\Demos\2. CrossTabs\ct043.rtm
File Copy: C:\Arquivos de programas\Borland\Delphi5\RBuilder\Demos\2. CrossTabs\ct044.rtm
File Copy: C:\Arquivos de programas\Borland\Delphi5\RBuilder\Demos\2. CrossTabs\ct045.rtm
File Copy: C:\Arquivos de programas\Borland\Delphi5\RBuilder\Demos\2. CrossTabs\ct046.rtm
File Copy: C:\Arquivos de programas\Borland\Delphi5\RBuilder\Demos\2. CrossTabs\ct047.rtm
File Copy: C:\Arquivos de programas\Borland\Delphi5\RBuilder\Demos\2. CrossTabs\ct048.rtm
File Copy: C:\Arquivos de programas\Borland\Delphi5\RBuilder\Demos\2. CrossTabs\ct051.rtm
File Copy: C:\Arquivos de programas\Borland\Delphi5\RBuilder\Demos\2. CrossTabs\ct052.rtm
File Copy: C:\Arquivos de programas\Borland\Delphi5\RBuilder\Demos\2. CrossTabs\ct053.rtm
File Copy: C:\Arquivos de programas\Borland\Delphi5\RBuilder\Demos\2. CrossTabs\ct054.rtm
File Copy: C:\Arquivos de programas\Borland\Delphi5\RBuilder\Demos\2. CrossTabs\ct055.rtm
File Copy: C:\Arquivos de programas\Borland\Delphi5\RBuilder\Demos\2. CrossTabs\ct056.rtm
File Copy: C:\Arquivos de programas\Borland\Delphi5\RBuilder\Demos\2. CrossTabs\ct057.rtm
File Copy: C:\Arquivos de programas\Borland\Delphi5\RBuilder\Demos\2. CrossTabs\ct058.rtm
File Copy: C:\Arquivos de programas\Borland\Delphi5\RBuilder\Demos\2. CrossTabs\ct061.rtm
File Copy: C:\Arquivos de programas\Borland\Delphi5\RBuilder\Demos\2. CrossTabs\ct062.rtm
File Copy: C:\Arquivos de programas\Borland\Delphi5\RBuilder\Demos\2. CrossTabs\ct063.rtm
File Copy: C:\Arquivos de programas\Borland\Delphi5\RBuilder\Demos\2. CrossTabs\ct064.rtm
File Copy: C:\Arquivos de programas\Borland\Delphi5\RBuilder\Demos\2. CrossTabs\ct065.rtm
File Copy: C:\Arquivos de programas\Borland\Delphi5\RBuilder\Demos\2. CrossTabs\ct066.rtm
File Copy: C:\Arquivos de programas\Borland\Delphi5\RBuilder\Demos\2. CrossTabs\ct067.rtm
File Copy: C:\Arquivos de programas\Borland\Delphi5\RBuilder\Demos\2. CrossTabs\ct068.rtm
File Copy: C:\Arquivos de programas\Borland\Delphi5\RBuilder\Demos\2. CrossTabs\ct071.rtm
File Copy: C:\Arquivos de programas\Borland\Delphi5\RBuilder\Demos\2. CrossTabs\ct072.rtm
File Copy: C:\Arquivos de programas\Borland\Delphi5\RBuilder\Demos\2. CrossTabs\ct073.rtm
File Copy: C:\Arquivos de programas\Borland\Delphi5\RBuilder\Demos\2. CrossTabs\ct074.rtm
File Copy: C:\Arquivos de programas\Borland\Delphi5\RBuilder\Demos\2. CrossTabs\ct075.rtm
File Copy: C:\Arquivos de programas\Borland\Delphi5\RBuilder\Demos\2. CrossTabs\ct076.rtm
File Copy: C:\Arquivos de programas\Borland\Delphi5\RBuilder\Demos\2. CrossTabs\ct077.rtm
File Copy: C:\Arquivos de programas\Borland\Delphi5\RBuilder\Demos\2. CrossTabs\ct078.rtm
File Copy: C:\Arquivos de programas\Borland\Delphi5\RBuilder\Demos\2. CrossTabs\ct081.rtm
File Copy: C:\Arquivos de programas\Borland\Delphi5\RBuilder\Demos\2. CrossTabs\ct082.rtm
File Copy: C:\Arquivos de programas\Borland\Delphi5\RBuilder\Demos\2. CrossTabs\ct083.rtm
File Copy: C:\Arquivos de programas\Borland\Delphi5\RBuilder\Demos\2. CrossTabs\ct084.rtm
File Copy: C:\Arquivos de programas\Borland\Delphi5\RBuilder\Demos\2. CrossTabs\ct085.rtm
File Copy: C:\Arquivos de programas\Borland\Delphi5\RBuilder\Demos\2. CrossTabs\ct086.rtm
File Copy: C:\Arquivos de programas\Borland\Delphi5\RBuilder\Demos\2. CrossTabs\ct087.rtm
File Copy: C:\Arquivos de programas\Borland\Delphi5\RBuilder\Demos\2. CrossTabs\ct088.rtm
File Copy: C:\Arquivos de programas\Borland\Delphi5\RBuilder\Demos\2. CrossTabs\ct091.rtm
File Copy: C:\Arquivos de programas\Borland\Delphi5\RBuilder\Demos\2. CrossTabs\ct092.rtm
File Copy: C:\Arquivos de programas\Borland\Delphi5\RBuilder\Demos\2. CrossTabs\ct093.rtm
File Copy: C:\Arquivos de programas\Borland\Delphi5\RBuilder\Demos\2. CrossTabs\ct094.rtm
File Copy: C:\Arquivos de programas\Borland\Delphi5\RBuilder\Demos\2. CrossTabs\ct095.rtm
File Copy: C:\Arquivos de programas\Borland\Delphi5\RBuilder\Demos\2. CrossTabs\ct096.rtm
File Copy: C:\Arquivos de programas\Borland\Delphi5\RBuilder\Demos\2. CrossTabs\ct097.rtm
File Copy: C:\Arquivos de programas\Borland\Delphi5\RBuilder\Demos\2. CrossTabs\ct098.rtm
File Copy: C:\Arquivos de programas\Borland\Delphi5\RBuilder\Demos\2. CrossTabs\ct101.rtm
File Copy: C:\Arquivos de programas\Borland\Delphi5\RBuilder\Demos\2. CrossTabs\ct102.rtm
File Copy: C:\Arquivos de programas\Borland\Delphi5\RBuilder\Demos\2. CrossTabs\ct103.rtm
File Copy: C:\Arquivos de programas\Borland\Delphi5\RBuilder\Demos\2. CrossTabs\ct104.rtm
File Copy: C:\Arquivos de programas\Borland\Delphi5\RBuilder\Demos\2. CrossTabs\ct105.rtm
File Copy: C:\Arquivos de programas\Borland\Delphi5\RBuilder\Demos\2. CrossTabs\ct106.rtm
File Copy: C:\Arquivos de programas\Borland\Delphi5\RBuilder\Demos\2. CrossTabs\ct107.rtm
File Copy: C:\Arquivos de programas\Borland\Delphi5\RBuilder\Demos\2. CrossTabs\ct108.rtm
File Copy: C:\Arquivos de programas\Borland\Delphi5\RBuilder\Demos\2. CrossTabs\ct111.rtm
File Copy: C:\Arquivos de programas\Borland\Delphi5\RBuilder\Demos\2. CrossTabs\ct001.rtm
File Copy: C:\Arquivos de programas\Borland\Delphi5\RBuilder\Demos\2. CrossTabs\ct113.rtm
File Copy: C:\Arquivos de programas\Borland\Delphi5\RBuilder\Demos\2. CrossTabs\ct114.rtm
File Copy: C:\Arquivos de programas\Borland\Delphi5\RBuilder\Demos\2. CrossTabs\ct115.rtm
File Copy: C:\Arquivos de programas\Borland\Delphi5\RBuilder\Demos\2. CrossTabs\ct116.rtm
File Copy: C:\Arquivos de programas\Borland\Delphi5\RBuilder\Demos\2. CrossTabs\ct117.rtm
File Copy: C:\Arquivos de programas\Borland\Delphi5\RBuilder\Demos\2. CrossTabs\ct118.rtm
File Copy: C:\Arquivos de programas\Borland\Delphi5\RBuilder\Demos\2. CrossTabs\ct119.rtm
File Copy: C:\Arquivos de programas\Borland\Delphi5\RBuilder\Demos\2. CrossTabs\ct120.rtm
File Copy: C:\Arquivos de programas\Borland\Delphi5\RBuilder\Demos\2. CrossTabs\ct121.dfm
File Copy: C:\Arquivos de programas\Borland\Delphi5\RBuilder\Demos\2. CrossTabs\ct121.pas
File Copy: C:\Arquivos de programas\Borland\Delphi5\RBuilder\Demos\2. CrossTabs\ct122.dfm
File Copy: C:\Arquivos de programas\Borland\Delphi5\RBuilder\Demos\2. CrossTabs\ct122.pas
File Copy: C:\Arquivos de programas\Borland\Delphi5\RBuilder\Demos\2. CrossTabs\ct123.dfm
File Copy: C:\Arquivos de programas\Borland\Delphi5\RBuilder\Demos\2. CrossTabs\ct123.pas
File Copy: C:\Arquivos de programas\Borland\Delphi5\RBuilder\Demos\2. CrossTabs\ct124.dfm
File Copy: C:\Arquivos de programas\Borland\Delphi5\RBuilder\Demos\2. CrossTabs\ct124.pas
File Copy: C:\Arquivos de programas\Borland\Delphi5\RBuilder\Demos\2. CrossTabs\ct125.dfm
File Copy: C:\Arquivos de programas\Borland\Delphi5\RBuilder\Demos\2. CrossTabs\ct125.pas
File Copy: C:\Arquivos de programas\Borland\Delphi5\RBuilder\Demos\2. CrossTabs\ct126.pas
File Copy: C:\Arquivos de programas\Borland\Delphi5\RBuilder\Demos\2. CrossTabs\ct126.dfm
File Copy: C:\Arquivos de programas\Borland\Delphi5\RBuilder\Demos\2. CrossTabs\ct127.pas
File Copy: C:\Arquivos de programas\Borland\Delphi5\RBuilder\Demos\2. CrossTabs\ct127.dfm
File Copy: C:\Arquivos de programas\Borland\Delphi5\RBuilder\Demos\2. CrossTabs\ct131.rtm
File Copy: C:\Arquivos de programas\Borland\Delphi5\RBuilder\Demos\2. CrossTabs\ct132.rtm
File Copy: C:\Arquivos de programas\Borland\Delphi5\RBuilder\Demos\2. CrossTabs\ct133.rtm
File Copy: C:\Arquivos de programas\Borland\Delphi5\RBuilder\Demos\2. CrossTabs\ct134.rtm
File Copy: C:\Arquivos de programas\Borland\Delphi5\RBuilder\Demos\2. CrossTabs\ct135.rtm
File Copy: C:\Arquivos de programas\Borland\Delphi5\RBuilder\Demos\2. CrossTabs\ct136.rtm
Made Dir: C:\Arquivos de programas\Borland\Delphi5\RBuilder\Demos\0. RAP
Made Dir: C:\Arquivos de programas\Borland\Delphi5\RBuilder\Demos\0. RAP\1. Main
File Copy: C:\Arquivos de programas\Borland\Delphi5\RBuilder\Demos\0. RAP\1. Main\RAP.dpr
File Copy: C:\Arquivos de programas\Borland\Delphi5\RBuilder\Demos\0. RAP\1. Main\RAP.res
File Copy: C:\Arquivos de programas\Borland\Delphi5\RBuilder\Demos\0. RAP\1. Main\rpLevels.dfm
File Copy: C:\Arquivos de programas\Borland\Delphi5\RBuilder\Demos\0. RAP\1. Main\rpLevels.pas
File Copy: C:\Arquivos de programas\Borland\Delphi5\RBuilder\Demos\0. RAP\1. Main\rpMain.dfm
File Copy: C:\Arquivos de programas\Borland\Delphi5\RBuilder\Demos\0. RAP\1. Main\rpMain.pas
File Copy: C:\Arquivos de programas\Borland\Delphi5\RBuilder\Demos\0. RAP\1. Main\myUserInputForm.dfm
File Copy: C:\Arquivos de programas\Borland\Delphi5\RBuilder\Demos\0. RAP\1. Main\myUserInputForm.pas
File Copy: C:\Arquivos de programas\Borland\Delphi5\RBuilder\Demos\0. RAP\1. Main\myRapFuncs0031.pas
File Copy: C:\Arquivos de programas\Borland\Delphi5\RBuilder\Demos\0. RAP\1. Main\myRapFuncs0032.pas
File Copy: C:\Arquivos de programas\Borland\Delphi5\RBuilder\Demos\0. RAP\1. Main\myRapFuncs0033.pas
File Copy: C:\Arquivos de programas\Borland\Delphi5\RBuilder\Demos\0. RAP\1. Main\myRapFuncs0034.pas
File Copy: C:\Arquivos de programas\Borland\Delphi5\RBuilder\Demos\0. RAP\1. Main\myRapFuncs0035.pas
File Copy: C:\Arquivos de programas\Borland\Delphi5\RBuilder\Demos\0. RAP\1. Main\myRapFuncs0036.pas
File Copy: C:\Arquivos de programas\Borland\Delphi5\RBuilder\Demos\0. RAP\1. Main\rap0041.dfm
File Copy: C:\Arquivos de programas\Borland\Delphi5\RBuilder\Demos\0. RAP\1. Main\rap0041.pas
File Copy: C:\Arquivos de programas\Borland\Delphi5\RBuilder\Demos\0. RAP\1. Main\rap0042.dfm
File Copy: C:\Arquivos de programas\Borland\Delphi5\RBuilder\Demos\0. RAP\1. Main\rap0042.pas
File Copy: C:\Arquivos de programas\Borland\Delphi5\RBuilder\Demos\0. RAP\1. Main\rap.DB
File Copy: C:\Arquivos de programas\Borland\Delphi5\RBuilder\Demos\0. RAP\1. Main\rap.MB
File Copy: C:\Arquivos de programas\Borland\Delphi5\RBuilder\Demos\0. RAP\1. Main\rap.PX
File Copy: C:\Arquivos de programas\Borland\Delphi5\RBuilder\Demos\0. RAP\1. Main\rap0001.rtm
File Copy: C:\Arquivos de programas\Borland\Delphi5\RBuilder\Demos\0. RAP\1. Main\rap0002.rtm
File Copy: C:\Arquivos de programas\Borland\Delphi5\RBuilder\Demos\0. RAP\1. Main\rap0003.rtm
File Copy: C:\Arquivos de programas\Borland\Delphi5\RBuilder\Demos\0. RAP\1. Main\rap0004.rtm
File Copy: C:\Arquivos de programas\Borland\Delphi5\RBuilder\Demos\0. RAP\1. Main\rap0005.rtm
File Copy: C:\Arquivos de programas\Borland\Delphi5\RBuilder\Demos\0. RAP\1. Main\rap0006.rtm
File Copy: C:\Arquivos de programas\Borland\Delphi5\RBuilder\Demos\0. RAP\1. Main\rap0011.rtm
File Copy: C:\Arquivos de programas\Borland\Delphi5\RBuilder\Demos\0. RAP\1. Main\rap0012.rtm
File Copy: C:\Arquivos de programas\Borland\Delphi5\RBuilder\Demos\0. RAP\1. Main\rap0013.rtm
File Copy: C:\Arquivos de programas\Borland\Delphi5\RBuilder\Demos\0. RAP\1. Main\rap0014.rtm
File Copy: C:\Arquivos de programas\Borland\Delphi5\RBuilder\Demos\0. RAP\1. Main\rap0015.rtm
File Copy: C:\Arquivos de programas\Borland\Delphi5\RBuilder\Demos\0. RAP\1. Main\rap0016.rtm
File Copy: C:\Arquivos de programas\Borland\Delphi5\RBuilder\Demos\0. RAP\1. Main\rap0017.rtm
File Copy: C:\Arquivos de programas\Borland\Delphi5\RBuilder\Demos\0. RAP\1. Main\rap0017.bmp
File Copy: C:\Arquivos de programas\Borland\Delphi5\RBuilder\Demos\0. RAP\1. Main\rap0017.RTF
File Copy: C:\Arquivos de programas\Borland\Delphi5\RBuilder\Demos\0. RAP\1. Main\rap0017.txt
File Copy: C:\Arquivos de programas\Borland\Delphi5\RBuilder\Demos\0. RAP\1. Main\rap0021.rtm
File Copy: C:\Arquivos de programas\Borland\Delphi5\RBuilder\Demos\0. RAP\1. Main\rap0022.rtm
File Copy: C:\Arquivos de programas\Borland\Delphi5\RBuilder\Demos\0. RAP\1. Main\rap0023.rtm
File Copy: C:\Arquivos de programas\Borland\Delphi5\RBuilder\Demos\0. RAP\1. Main\rap0031.rtm
File Copy: C:\Arquivos de programas\Borland\Delphi5\RBuilder\Demos\0. RAP\1. Main\rap0032.rtm
File Copy: C:\Arquivos de programas\Borland\Delphi5\RBuilder\Demos\0. RAP\1. Main\rap0033.rtm
File Copy: C:\Arquivos de programas\Borland\Delphi5\RBuilder\Demos\0. RAP\1. Main\rap0034.rtm
File Copy: C:\Arquivos de programas\Borland\Delphi5\RBuilder\Demos\0. RAP\1. Main\rap0035.rtm
File Copy: C:\Arquivos de programas\Borland\Delphi5\RBuilder\Demos\0. RAP\1. Main\rap0036.rtm
Made Dir: C:\Arquivos de programas\Borland\Delphi5\RBuilder\Demos\0. RAP\2. CodeSite
File Copy: C:\Arquivos de programas\Borland\Delphi5\RBuilder\Demos\0. RAP\2. CodeSite\CSandRAP.dpr
File Copy: C:\Arquivos de programas\Borland\Delphi5\RBuilder\Demos\0. RAP\2. CodeSite\CSandRAP.res
File Copy: C:\Arquivos de programas\Borland\Delphi5\RBuilder\Demos\0. RAP\2. CodeSite\raCSFuncs.pas
File Copy: C:\Arquivos de programas\Borland\Delphi5\RBuilder\Demos\0. RAP\2. CodeSite\rpLevels.dfm
File Copy: C:\Arquivos de programas\Borland\Delphi5\RBuilder\Demos\0. RAP\2. CodeSite\rpLevels.pas
File Copy: C:\Arquivos de programas\Borland\Delphi5\RBuilder\Demos\0. RAP\2. CodeSite\rpMain.dfm
File Copy: C:\Arquivos de programas\Borland\Delphi5\RBuilder\Demos\0. RAP\2. CodeSite\rpMain.pas
File Copy: C:\Arquivos de programas\Borland\Delphi5\RBuilder\Demos\0. RAP\2. CodeSite\dclRBCS55.dpk
File Copy: C:\Arquivos de programas\Borland\Delphi5\RBuilder\Demos\0. RAP\2. CodeSite\dclRBCS55.res
File Copy: C:\Arquivos de programas\Borland\Delphi5\RBuilder\Demos\0. RAP\2. CodeSite\ReadMe.doc
File Copy: C:\Arquivos de programas\Borland\Delphi5\RBuilder\Demos\0. RAP\2. CodeSite\rap.DB
File Copy: C:\Arquivos de programas\Borland\Delphi5\RBuilder\Demos\0. RAP\2. CodeSite\rap.MB
File Copy: C:\Arquivos de programas\Borland\Delphi5\RBuilder\Demos\0. RAP\2. CodeSite\rap.PX
File Copy: C:\Arquivos de programas\Borland\Delphi5\RBuilder\Demos\0. RAP\2. CodeSite\rap0001.rtm
File Copy: C:\Arquivos de programas\Borland\Delphi5\RBuilder\Demos\0. RAP\2. CodeSite\rap0002.rtm
File Copy: C:\Arquivos de programas\Borland\Delphi5\RBuilder\Demos\0. RAP\2. CodeSite\rap0003.rtm
File Copy: C:\Arquivos de programas\Borland\Delphi5\RBuilder\Demos\0. RAP\2. CodeSite\rap0004.rtm
Made Dir: C:\Arquivos de programas\Borland\Delphi5\RBuilder\Demos\0. RAP\3. Tutorials
File Copy: C:\Arquivos de programas\Borland\Delphi5\RBuilder\Demos\0. RAP\3. Tutorials\rapTutorials.dpr
File Copy: C:\Arquivos de programas\Borland\Delphi5\RBuilder\Demos\0. RAP\3. Tutorials\rapTutorials.res
File Copy: C:\Arquivos de programas\Borland\Delphi5\RBuilder\Demos\0. RAP\3. Tutorials\raTutLevels.dfm
File Copy: C:\Arquivos de programas\Borland\Delphi5\RBuilder\Demos\0. RAP\3. Tutorials\raTutLevels.pas
File Copy: C:\Arquivos de programas\Borland\Delphi5\RBuilder\Demos\0. RAP\3. Tutorials\raTutMain.dfm
File Copy: C:\Arquivos de programas\Borland\Delphi5\RBuilder\Demos\0. RAP\3. Tutorials\raTutMain.pas
File Copy: C:\Arquivos de programas\Borland\Delphi5\RBuilder\Demos\0. RAP\3. Tutorials\myRapClass.pas
File Copy: C:\Arquivos de programas\Borland\Delphi5\RBuilder\Demos\0. RAP\3. Tutorials\myRapFuncs.pas
File Copy: C:\Arquivos de programas\Borland\Delphi5\RBuilder\Demos\0. RAP\3. Tutorials\myRapFuncsForm.pas
File Copy: C:\Arquivos de programas\Borland\Delphi5\RBuilder\Demos\0. RAP\3. Tutorials\myUserInputForm.dfm
File Copy: C:\Arquivos de programas\Borland\Delphi5\RBuilder\Demos\0. RAP\3. Tutorials\myUserInputForm.pas
File Copy: C:\Arquivos de programas\Borland\Delphi5\RBuilder\Demos\0. RAP\3. Tutorials\Tutor.db
File Copy: C:\Arquivos de programas\Borland\Delphi5\RBuilder\Demos\0. RAP\3. Tutorials\Tutor.MB
File Copy: C:\Arquivos de programas\Borland\Delphi5\RBuilder\Demos\0. RAP\3. Tutorials\Tutor.PX
File Copy: C:\Arquivos de programas\Borland\Delphi5\RBuilder\Demos\0. RAP\3. Tutorials\raTutor0001.rtm
File Copy: C:\Arquivos de programas\Borland\Delphi5\RBuilder\Demos\0. RAP\3. Tutorials\raTutor0002.rtm
File Copy: C:\Arquivos de programas\Borland\Delphi5\RBuilder\Demos\0. RAP\3. Tutorials\raTutor0003.rtm
File Copy: C:\Arquivos de programas\Borland\Delphi5\RBuilder\Demos\0. RAP\3. Tutorials\raTutor0004.rtm
File Copy: C:\Arquivos de programas\Borland\Delphi5\RBuilder\Demos\0. RAP\3. Tutorials\raTutor0005.rtm
File Copy: C:\Arquivos de programas\Borland\Delphi5\RBuilder\Demos\0. RAP\3. Tutorials\raTutor0006.rtm
File Copy: C:\Arquivos de programas\Borland\Delphi5\RBuilder\Demos\0. RAP\3. Tutorials\raTutor0007.rtm
Made Dir: C:\Arquivos de programas\Borland\Delphi5\RBuilder\Tutorials
File Copy: C:\Arquivos de programas\Borland\Delphi5\RBuilder\Tutorials\Customer.txt
File Copy: C:\Arquivos de programas\Borland\Delphi5\RBuilder\Tutorials\MMLetter.RTF
File Copy: C:\Arquivos de programas\Borland\Delphi5\RBuilder\Tutorials\stock.RTM
File Copy: C:\Arquivos de programas\Borland\Delphi5\RBuilder\Tutorials\w2.wmf
Made Dir: C:\Arquivos de programas\Borland\Delphi5\RBuilder\Tutorials\Complete
Made Dir: C:\Arquivos de programas\Borland\Delphi5\RBuilder\Tutorials\Complete\I. Reports
Made Dir: C:\Arquivos de programas\Borland\Delphi5\RBuilder\Tutorials\Complete\I. Reports\01. Report via the Data Tree
File Copy: C:\Arquivos de programas\Borland\Delphi5\RBuilder\Tutorials\Complete\I. Reports\01. Report via the Data Tree\rbViaDT.dfm
File Copy: C:\Arquivos de programas\Borland\Delphi5\RBuilder\Tutorials\Complete\I. Reports\01. Report via the Data Tree\rbViaDT.pas
Made Dir: C:\Arquivos de programas\Borland\Delphi5\RBuilder\Tutorials\Complete\I. Reports\02. Report via the Report Wizard
File Copy: C:\Arquivos de programas\Borland\Delphi5\RBuilder\Tutorials\Complete\I. Reports\02. Report via the Report Wizard\CustTab.RTM
File Copy: C:\Arquivos de programas\Borland\Delphi5\RBuilder\Tutorials\Complete\I. Reports\02. Report via the Report Wizard\CustVert.RTM
File Copy: C:\Arquivos de programas\Borland\Delphi5\RBuilder\Tutorials\Complete\I. Reports\02. Report via the Report Wizard\rbViaWiz.dfm
File Copy: C:\Arquivos de programas\Borland\Delphi5\RBuilder\Tutorials\Complete\I. Reports\02. Report via the Report Wizard\rbViaWiz.pas
Made Dir: C:\Arquivos de programas\Borland\Delphi5\RBuilder\Tutorials\Complete\I. Reports\03. Simple Report the Hard Way
File Copy: C:\Arquivos de programas\Borland\Delphi5\RBuilder\Tutorials\Complete\I. Reports\03. Simple Report the Hard Way\rbCust.dfm
File Copy: C:\Arquivos de programas\Borland\Delphi5\RBuilder\Tutorials\Complete\I. Reports\03. Simple Report the Hard Way\rbCust.pas
File Copy: C:\Arquivos de programas\Borland\Delphi5\RBuilder\Tutorials\Complete\I. Reports\03. Simple Report the Hard Way\stock.RTM
Made Dir: C:\Arquivos de programas\Borland\Delphi5\RBuilder\Tutorials\Complete\I. Reports\04. Groups, Calculations, Summary
File Copy: C:\Arquivos de programas\Borland\Delphi5\RBuilder\Tutorials\Complete\I. Reports\04. Groups, Calculations, Summary\rbStock.dfm
File Copy: C:\Arquivos de programas\Borland\Delphi5\RBuilder\Tutorials\Complete\I. Reports\04. Groups, Calculations, Summary\rbStock.pas
Made Dir: C:\Arquivos de programas\Borland\Delphi5\RBuilder\Tutorials\Complete\I. Reports\05. Using Regions
File Copy: C:\Arquivos de programas\Borland\Delphi5\RBuilder\Tutorials\Complete\I. Reports\05. Using Regions\rbRegion.dfm
File Copy: C:\Arquivos de programas\Borland\Delphi5\RBuilder\Tutorials\Complete\I. Reports\05. Using Regions\rbRegion.pas
Made Dir: C:\Arquivos de programas\Borland\Delphi5\RBuilder\Tutorials\Complete\I. Reports\06. Forms Emulation using WMF
File Copy: C:\Arquivos de programas\Borland\Delphi5\RBuilder\Tutorials\Complete\I. Reports\06. Forms Emulation using WMF\rbFormE.dfm
File Copy: C:\Arquivos de programas\Borland\Delphi5\RBuilder\Tutorials\Complete\I. Reports\06. Forms Emulation using WMF\rbFormE.pas
File Copy: C:\Arquivos de programas\Borland\Delphi5\RBuilder\Tutorials\Complete\I. Reports\06. Forms Emulation using WMF\w2.wmf
Made Dir: C:\Arquivos de programas\Borland\Delphi5\RBuilder\Tutorials\Complete\I. Reports\07. Master - Detail Report
File Copy: C:\Arquivos de programas\Borland\Delphi5\RBuilder\Tutorials\Complete\I. Reports\07. Master - Detail Report\MD.RTM
File Copy: C:\Arquivos de programas\Borland\Delphi5\RBuilder\Tutorials\Complete\I. Reports\07. Master - Detail Report\rbMD.dfm
File Copy: C:\Arquivos de programas\Borland\Delphi5\RBuilder\Tutorials\Complete\I. Reports\07. Master - Detail Report\rbMD.pas
Made Dir: C:\Arquivos de programas\Borland\Delphi5\RBuilder\Tutorials\Complete\I. Reports\08. Master - Detail - Detail Report
File Copy: C:\Arquivos de programas\Borland\Delphi5\RBuilder\Tutorials\Complete\I. Reports\08. Master - Detail - Detail Report\rbMDD.dfm
File Copy: C:\Arquivos de programas\Borland\Delphi5\RBuilder\Tutorials\Complete\I. Reports\08. Master - Detail - Detail Report\rbMDD.pas
Made Dir: C:\Arquivos de programas\Borland\Delphi5\RBuilder\Tutorials\Complete\I. Reports\09. Drill Down SubReports
File Copy: C:\Arquivos de programas\Borland\Delphi5\RBuilder\Tutorials\Complete\I. Reports\09. Drill Down SubReports\rbDrillD.dfm
File Copy: C:\Arquivos de programas\Borland\Delphi5\RBuilder\Tutorials\Complete\I. Reports\09. Drill Down SubReports\rbDrillD.pas
Made Dir: C:\Arquivos de programas\Borland\Delphi5\RBuilder\Tutorials\Complete\I. Reports\10. Section Style SubReports
File Copy: C:\Arquivos de programas\Borland\Delphi5\RBuilder\Tutorials\Complete\I. Reports\10. Section Style SubReports\rbSectSR.dfm
File Copy: C:\Arquivos de programas\Borland\Delphi5\RBuilder\Tutorials\Complete\I. Reports\10. Section Style SubReports\rbSectSR.pas
Made Dir: C:\Arquivos de programas\Borland\Delphi5\RBuilder\Tutorials\Complete\I. Reports\11. Mailing Labels
File Copy: C:\Arquivos de programas\Borland\Delphi5\RBuilder\Tutorials\Complete\I. Reports\11. Mailing Labels\rbMailL.dfm
File Copy: C:\Arquivos de programas\Borland\Delphi5\RBuilder\Tutorials\Complete\I. Reports\11. Mailing Labels\rbMailL.pas
Made Dir: C:\Arquivos de programas\Borland\Delphi5\RBuilder\Tutorials\Complete\I. Reports\12. Print to Text File
File Copy: C:\Arquivos de programas\Borland\Delphi5\RBuilder\Tutorials\Complete\I. Reports\12. Print to Text File\Customer.txt
File Copy: C:\Arquivos de programas\Borland\Delphi5\RBuilder\Tutorials\Complete\I. Reports\12. Print to Text File\rbToTxt.dfm
File Copy: C:\Arquivos de programas\Borland\Delphi5\RBuilder\Tutorials\Complete\I. Reports\12. Print to Text File\rbToTxt.pas
Made Dir: C:\Arquivos de programas\Borland\Delphi5\RBuilder\Tutorials\Complete\I. Reports\13. Print from Text File
File Copy: C:\Arquivos de programas\Borland\Delphi5\RBuilder\Tutorials\Complete\I. Reports\13. Print from Text File\Customer.txt
File Copy: C:\Arquivos de programas\Borland\Delphi5\RBuilder\Tutorials\Complete\I. Reports\13. Print from Text File\rbFrmTxt.dfm
File Copy: C:\Arquivos de programas\Borland\Delphi5\RBuilder\Tutorials\Complete\I. Reports\13. Print from Text File\rbFrmTxt.pas
Made Dir: C:\Arquivos de programas\Borland\Delphi5\RBuilder\Tutorials\Complete\I. Reports\14. Using the JITPipeline
File Copy: C:\Arquivos de programas\Borland\Delphi5\RBuilder\Tutorials\Complete\I. Reports\14. Using the JITPipeline\Customer.txt
File Copy: C:\Arquivos de programas\Borland\Delphi5\RBuilder\Tutorials\Complete\I. Reports\14. Using the JITPipeline\rbFrmJIT.dfm
File Copy: C:\Arquivos de programas\Borland\Delphi5\RBuilder\Tutorials\Complete\I. Reports\14. Using the JITPipeline\rbFrmJIT.pas
Made Dir: C:\Arquivos de programas\Borland\Delphi5\RBuilder\Tutorials\Complete\I. Reports\15. MailMerge with RichText
File Copy: C:\Arquivos de programas\Borland\Delphi5\RBuilder\Tutorials\Complete\I. Reports\15. MailMerge with RichText\MMLetter.RTF
File Copy: C:\Arquivos de programas\Borland\Delphi5\RBuilder\Tutorials\Complete\I. Reports\15. MailMerge with RichText\rbMailM.dfm
File Copy: C:\Arquivos de programas\Borland\Delphi5\RBuilder\Tutorials\Complete\I. Reports\15. MailMerge with RichText\rbMailM.pas
Made Dir: C:\Arquivos de programas\Borland\Delphi5\RBuilder\Tutorials\Complete\II. Applications
Made Dir: C:\Arquivos de programas\Borland\Delphi5\RBuilder\Tutorials\Complete\II. Applications\01. Reporting
File Copy: C:\Arquivos de programas\Borland\Delphi5\RBuilder\Tutorials\Complete\II. Applications\01. Reporting\rbStock.pas
File Copy: C:\Arquivos de programas\Borland\Delphi5\RBuilder\Tutorials\Complete\II. Applications\01. Reporting\CustTab.RTM
File Copy: C:\Arquivos de programas\Borland\Delphi5\RBuilder\Tutorials\Complete\II. Applications\01. Reporting\CustVert.RTM
File Copy: C:\Arquivos de programas\Borland\Delphi5\RBuilder\Tutorials\Complete\II. Applications\01. Reporting\MMLetter.RTF
File Copy: C:\Arquivos de programas\Borland\Delphi5\RBuilder\Tutorials\Complete\II. Applications\01. Reporting\rbClass.pas
File Copy: C:\Arquivos de programas\Borland\Delphi5\RBuilder\Tutorials\Complete\II. Applications\01. Reporting\rbCust.dfm
File Copy: C:\Arquivos de programas\Borland\Delphi5\RBuilder\Tutorials\Complete\II. Applications\01. Reporting\rbCust.pas
File Copy: C:\Arquivos de programas\Borland\Delphi5\RBuilder\Tutorials\Complete\II. Applications\01. Reporting\rbDrillD.dfm
File Copy: C:\Arquivos de programas\Borland\Delphi5\RBuilder\Tutorials\Complete\II. Applications\01. Reporting\rbDrillD.pas
File Copy: C:\Arquivos de programas\Borland\Delphi5\RBuilder\Tutorials\Complete\II. Applications\01. Reporting\rbFormE.dfm
File Copy: C:\Arquivos de programas\Borland\Delphi5\RBuilder\Tutorials\Complete\II. Applications\01. Reporting\rbFormE.pas
File Copy: C:\Arquivos de programas\Borland\Delphi5\RBuilder\Tutorials\Complete\II. Applications\01. Reporting\rbFrmJIT.dfm
File Copy: C:\Arquivos de programas\Borland\Delphi5\RBuilder\Tutorials\Complete\II. Applications\01. Reporting\rbFrmJIT.pas
File Copy: C:\Arquivos de programas\Borland\Delphi5\RBuilder\Tutorials\Complete\II. Applications\01. Reporting\rbFrmTxt.dfm
File Copy: C:\Arquivos de programas\Borland\Delphi5\RBuilder\Tutorials\Complete\II. Applications\01. Reporting\rbFrmTxt.pas
File Copy: C:\Arquivos de programas\Borland\Delphi5\RBuilder\Tutorials\Complete\II. Applications\01. Reporting\rbMailL.dfm
File Copy: C:\Arquivos de programas\Borland\Delphi5\RBuilder\Tutorials\Complete\II. Applications\01. Reporting\rbMailL.pas
File Copy: C:\Arquivos de programas\Borland\Delphi5\RBuilder\Tutorials\Complete\II. Applications\01. Reporting\rbMailM.dfm
File Copy: C:\Arquivos de programas\Borland\Delphi5\RBuilder\Tutorials\Complete\II. Applications\01. Reporting\rbMailM.pas
File Copy: C:\Arquivos de programas\Borland\Delphi5\RBuilder\Tutorials\Complete\II. Applications\01. Reporting\rbMain.dfm
File Copy: C:\Arquivos de programas\Borland\Delphi5\RBuilder\Tutorials\Complete\II. Applications\01. Reporting\rbMain.pas
File Copy: C:\Arquivos de programas\Borland\Delphi5\RBuilder\Tutorials\Complete\II. Applications\01. Reporting\rbMainPj.cfg
File Copy: C:\Arquivos de programas\Borland\Delphi5\RBuilder\Tutorials\Complete\II. Applications\01. Reporting\rbMainPj.dpr
File Copy: C:\Arquivos de programas\Borland\Delphi5\RBuilder\Tutorials\Complete\II. Applications\01. Reporting\rbMainPj.dsk
File Copy: C:\Arquivos de programas\Borland\Delphi5\RBuilder\Tutorials\Complete\II. Applications\01. Reporting\rbMainPj.res
File Copy: C:\Arquivos de programas\Borland\Delphi5\RBuilder\Tutorials\Complete\II. Applications\01. Reporting\rbMD.dfm
File Copy: C:\Arquivos de programas\Borland\Delphi5\RBuilder\Tutorials\Complete\II. Applications\01. Reporting\rbMD.pas
File Copy: C:\Arquivos de programas\Borland\Delphi5\RBuilder\Tutorials\Complete\II. Applications\01. Reporting\rbMDD.dfm
File Copy: C:\Arquivos de programas\Borland\Delphi5\RBuilder\Tutorials\Complete\II. Applications\01. Reporting\rbMDD.pas
File Copy: C:\Arquivos de programas\Borland\Delphi5\RBuilder\Tutorials\Complete\II. Applications\01. Reporting\rbPrvDlg.dfm
File Copy: C:\Arquivos de programas\Borland\Delphi5\RBuilder\Tutorials\Complete\II. Applications\01. Reporting\rbPrvDlg.pas
File Copy: C:\Arquivos de programas\Borland\Delphi5\RBuilder\Tutorials\Complete\II. Applications\01. Reporting\rbRegion.dfm
File Copy: C:\Arquivos de programas\Borland\Delphi5\RBuilder\Tutorials\Complete\II. Applications\01. Reporting\rbRegion.pas
File Copy: C:\Arquivos de programas\Borland\Delphi5\RBuilder\Tutorials\Complete\II. Applications\01. Reporting\rbSectSR.dfm
File Copy: C:\Arquivos de programas\Borland\Delphi5\RBuilder\Tutorials\Complete\II. Applications\01. Reporting\rbSectSR.pas
File Copy: C:\Arquivos de programas\Borland\Delphi5\RBuilder\Tutorials\Complete\II. Applications\01. Reporting\rbStock.dfm
File Copy: C:\Arquivos de programas\Borland\Delphi5\RBuilder\Tutorials\Complete\II. Applications\01. Reporting\Customer.txt
File Copy: C:\Arquivos de programas\Borland\Delphi5\RBuilder\Tutorials\Complete\II. Applications\01. Reporting\rbToTxt.dfm
File Copy: C:\Arquivos de programas\Borland\Delphi5\RBuilder\Tutorials\Complete\II. Applications\01. Reporting\rbToTxt.pas
File Copy: C:\Arquivos de programas\Borland\Delphi5\RBuilder\Tutorials\Complete\II. Applications\01. Reporting\rbViaDT.dfm
File Copy: C:\Arquivos de programas\Borland\Delphi5\RBuilder\Tutorials\Complete\II. Applications\01. Reporting\rbViaDT.pas
File Copy: C:\Arquivos de programas\Borland\Delphi5\RBuilder\Tutorials\Complete\II. Applications\01. Reporting\rbViaWiz.dfm
File Copy: C:\Arquivos de programas\Borland\Delphi5\RBuilder\Tutorials\Complete\II. Applications\01. Reporting\rbViaWiz.pas
File Copy: C:\Arquivos de programas\Borland\Delphi5\RBuilder\Tutorials\Complete\II. Applications\01. Reporting\stock.RTM
File Copy: C:\Arquivos de programas\Borland\Delphi5\RBuilder\Tutorials\Complete\II. Applications\01. Reporting\w2.wmf
Made Dir: C:\Arquivos de programas\Borland\Delphi5\RBuilder\Tutorials\Complete\I. Reports\16. Cross Tab
File Copy: C:\Arquivos de programas\Borland\Delphi5\RBuilder\Tutorials\Complete\I. Reports\16. Cross Tab\rbCross.dfm
File Copy: C:\Arquivos de programas\Borland\Delphi5\RBuilder\Tutorials\Complete\I. Reports\16. Cross Tab\rbCross.pas
File Copy: C:\Arquivos de programas\Borland\Delphi5\RBuilder\Tutorials\DataDictTables.sql
File Copy: C:\Arquivos de programas\Borland\Delphi5\RBuilder\Tutorials\ExploreTables.sql
Made Dir: C:\Arquivos de programas\Borland\Delphi5\RBuilder\Tutorials\Complete\II. Applications\02. End-User Reporting
File Copy: C:\Arquivos de programas\Borland\Delphi5\RBuilder\Tutorials\Complete\II. Applications\02. End-User Reporting\rbEndUsr.dfm
File Copy: C:\Arquivos de programas\Borland\Delphi5\RBuilder\Tutorials\Complete\II. Applications\02. End-User Reporting\rbEndUsr.pas
File Copy: C:\Arquivos de programas\Borland\Delphi5\RBuilder\Tutorials\Complete\II. Applications\02. End-User Reporting\rbEUProj.dpr
File Copy: C:\Arquivos de programas\Borland\Delphi5\RBuilder\Tutorials\Complete\II. Applications\02. End-User Reporting\rbEUProj.res
Made Dir: C:\Arquivos de programas\Borland\Delphi5\RBuilder\Tutorials\Complete\II. Applications\03. End-User with Data Dictionary
File Copy: C:\Arquivos de programas\Borland\Delphi5\RBuilder\Tutorials\Complete\II. Applications\03. End-User with Data Dictionary\rbDDProj.dpr
File Copy: C:\Arquivos de programas\Borland\Delphi5\RBuilder\Tutorials\Complete\II. Applications\03. End-User with Data Dictionary\rbDDProj.res
File Copy: C:\Arquivos de programas\Borland\Delphi5\RBuilder\Tutorials\Complete\II. Applications\03. End-User with Data Dictionary\rbEUDD.dfm
File Copy: C:\Arquivos de programas\Borland\Delphi5\RBuilder\Tutorials\Complete\II. Applications\03. End-User with Data Dictionary\rbEUDD.pas
Made Dir: C:\Arquivos de programas\Borland\Delphi5\RBuilder\Tutorials\Complete\II. Applications\04. End-User with Custom Explorer
File Copy: C:\Arquivos de programas\Borland\Delphi5\RBuilder\Tutorials\Complete\II. Applications\04. End-User with Custom Explorer\rbREProj.dpr
File Copy: C:\Arquivos de programas\Borland\Delphi5\RBuilder\Tutorials\Complete\II. Applications\04. End-User with Custom Explorer\rbREProj.res
File Copy: C:\Arquivos de programas\Borland\Delphi5\RBuilder\Tutorials\Complete\II. Applications\04. End-User with Custom Explorer\rbExpFrm.dfm
File Copy: C:\Arquivos de programas\Borland\Delphi5\RBuilder\Tutorials\Complete\II. Applications\04. End-User with Custom Explorer\rbExpFrm.pas
File Copy: C:\Arquivos de programas\Borland\Delphi5\RBuilder\Tutorials\Complete\II. Applications\04. End-User with Custom Explorer\rbEndUsr.pas
File Copy: C:\Arquivos de programas\Borland\Delphi5\RBuilder\Tutorials\Complete\II. Applications\04. End-User with Custom Explorer\rbEndUsr.dfm
Made Dir: C:\Arquivos de programas\Borland\Delphi5\RBuilder\Tutorials\Complete\II. Applications\05. End-User with Interbase
File Copy: C:\Arquivos de programas\Borland\Delphi5\RBuilder\Tutorials\Complete\II. Applications\05. End-User with Interbase\DataDictTables.sql
File Copy: C:\Arquivos de programas\Borland\Delphi5\RBuilder\Tutorials\Complete\II. Applications\05. End-User with Interbase\ExploreTables.sql
File Copy: C:\Arquivos de programas\Borland\Delphi5\RBuilder\Tutorials\Complete\II. Applications\05. End-User with Interbase\rbEndUIB.dfm
File Copy: C:\Arquivos de programas\Borland\Delphi5\RBuilder\Tutorials\Complete\II. Applications\05. End-User with Interbase\rbEndUIB.pas
File Copy: C:\Arquivos de programas\Borland\Delphi5\RBuilder\Tutorials\Complete\II. Applications\05. End-User with Interbase\rbEUIB.dpr
File Copy: C:\Arquivos de programas\Borland\Delphi5\RBuilder\Tutorials\Complete\II. Applications\05. End-User with Interbase\rbEUIB.res
Made Dir: C:\Arquivos de programas\Borland\Delphi5\RBuilder\Help
File Copy: C:\Arquivos de programas\Borland\Delphi5\RBuilder\Help\RBuilder.hlp
File Copy: C:\Arquivos de programas\Borland\Delphi5\RBuilder\HELP\RBuilder.cnt
File Copy: C:\Arquivos de programas\Borland\Delphi5\Help\RBuilder.cnt
File Copy: C:\Arquivos de programas\Borland\Delphi5\Help\RBuilder.hlp
Made Dir: C:\Arquivos de programas\Borland\Delphi5\RBuilder\Developer's Guide
File Copy: C:\Arquivos de programas\Borland\Delphi5\RBuilder\Developer's Guide\RBuilder.pdf
File Copy: C:\Arquivos de programas\Borland\Delphi5\RBuilder\Help\RAP.CNT
File Copy: C:\Arquivos de programas\Borland\Delphi5\RBuilder\Help\RAP.HLP
File Copy: C:\Arquivos de programas\Borland\Delphi5\Help\RAP.CNT
File Copy: C:\Arquivos de programas\Borland\Delphi5\Help\RAP.HLP
File Copy: C:\Arquivos de programas\Borland\Delphi5\RBuilder\Release.doc
File Copy: C:\Arquivos de programas\Borland\Delphi5\RBuilder\UNWISE.EXE
RegDB Key: Software\Microsoft\Windows\CurrentVersion\Uninstall\ReportBuilder Enterprise 5.5 for Delphi 5
RegDB Val: ReportBuilder Enterprise 5.5 for Delphi 5
RegDB Name: DisplayName
RegDB Root: 2
RegDB Key: Software\Microsoft\Windows\CurrentVersion\Uninstall\ReportBuilder Enterprise 5.5 for Delphi 5
RegDB Val: C:\ARQUIV~1\Borland\Delphi5\RBuilder\UNWISE.EXE C:\ARQUIV~1\Borland\Delphi5\RBuilder\INSTALL.LOG
RegDB Name: UninstallString
RegDB Root: 2
RegDB Key: Software\Borland\Delphi\5.0\ReportBuilder
RegDB Val: C:\Arquivos de programas\Borland\Delphi5\RBuilder
RegDB Name: RootDir
RegDB Root: 2
RegDB Key: Software\Borland\Delphi\5.0\ReportBuilder
RegDB Val: RBE
RegDB Name: Version
RegDB Root: 2
RegDB Key: Software\Borland\Delphi\5.0\ReportBuilder
RegDB Val: 5.0
RegDB Name: VersionNo
RegDB Root: 2
RegDB Key: Software\Borland\Delphi\5.0\Known Packages
RegDB Val: ReportBuilder Enterprise
RegDB Name: $(DELPHI)\RBuilder\Lib\dclRBE55.bpl
RegDB Root: 1
RegDB Key: Software\Borland\Delphi\5.0\Known Packages
RegDB Val: ReportBuilder RAP Language
RegDB Name: $(DELPHI)\RBuilder\Lib\dclRAP55.bpl
RegDB Root: 1
RegDB Key: Software\Borland\Delphi\5.0\Known Packages
RegDB Val: ReportBuilder Data Access Environment
RegDB Name: $(DELPHI)\RBuilder\Lib\dclDAD55.bpl
RegDB Root: 1
RegDB Key: Software\Borland\Delphi\5.0\Known Packages
RegDB Val: ReportBuilder Sample Components
RegDB Name: $(DELPHI)\RBuilder\Lib\dclRBU55.bpl
RegDB Root: 1
RegDB Key: Software\Borland\Delphi\5.0\Known Packages
RegDB Val: ReportBuilder Data Access for ADO
RegDB Name: C:\WINNT\System32\rbADO55.bpl
RegDB Root: 1
RegDB Key: Software\Borland\Delphi\5.0\Known Packages
RegDB Val: ReportBuilder Data Access for Interbase Express
RegDB Name: C:\WINNT\System32\rbIBE55.bpl
RegDB Root: 1
RegDB Key: Software\Borland\Delphi\5.0\Palette
RegDB Val: TppDBPipeline;TppBDEPipeline;TppTextPipeline;TppJITPipeline;TppReport;TppViewer;TppArchiveReader;TppDesigner;TppReportExplorer;TppDataDictionary
RegDB Name: RBuilder
RegDB Root: 1
Delete in-use files: On
