

***********************************************************************
Fatal NI connect error 12560, connecting to:
 (DESCRIPTION=(ADDRESS=(PROTOCOL=BEQ)(PROGRAM=oracle)(ARGV0=oracleORCL)(ARGS='(DESCRIPTION=(LOCAL=YES)(ADDRESS=(PROTOCOL=beq)))'))(CONNECT_DATA=(SID=ORCL)(CID=(PROGRAM=C:\Arquivos de programas\Borland\Delphi5\Bin\delphi32.exe)(HOST=DESENV0013)(USER=desenv0013))))

  VERSION INFORMATION:
	TNS for 32-bit Windows: Version 8.1.7.0.0 - Production
	Oracle Bequeath NT Protocol Adapter for 32-bit Windows: Version 8.1.7.0.0 - Production
  Time: 03-DEZ-2001 09:49:08
  Tracing not turned on.
  Tns error struct:
    nr err code: 0
    ns main err code: 12560
    TNS-12560: TNS:erro de adaptador de protocolo
    ns secondary err code: 0
    nt main err code: 530
    TNS-00530: Erro do adaptador de protocolo
    nt secondary err code: 126
    nt OS err code: 0


***********************************************************************
Fatal NI connect error 12505, connecting to:
 (DESCRIPTION=(ADDRESS=(PROTOCOL=TCP)(HOST=CMBD1)(PORT=1521))(CONNECT_DATA=(SID=DES)(CID=(PROGRAM=C:\Arquivos de programas\Borland\Delphi5\Bin\Delphi32.exe)(HOST=DESENV0081)(USER=desenv0001))))

  VERSION INFORMATION:
	TNS for 32-bit Windows: Version 8.1.7.0.0 - Production
	Windows NT TCP/IP NT Protocol Adapter for 32-bit Windows: Version 8.1.7.0.0 - Production
  Time: 09-ABR-2002 14:26:02
  Tracing not turned on.
  Tns error struct:
    nr err code: 0
    ns main err code: 12564
    TNS-12564: TNS:conexão recusada
    ns secondary err code: 0
    nt main err code: 0
    nt secondary err code: 0
    nt OS err code: 0


***********************************************************************
Fatal NI connect error 12560, connecting to:
 (DESCRIPTION=(ADDRESS=(PROTOCOL=BEQ)(PROGRAM=oracle)(ARGV0=oracleORCL)(ARGS='(DESCRIPTION=(LOCAL=YES)(ADDRESS=(PROTOCOL=beq)))'))(CONNECT_DATA=(SID=ORCL)(CID=(PROGRAM=C:\Arquivos de programas\Borland\Delphi5\Bin\Delphi32.exe)(HOST=DESENV0081)(USER=desenv0001))))

  VERSION INFORMATION:
	TNS for 32-bit Windows: Version 8.1.7.0.0 - Production
	Oracle Bequeath NT Protocol Adapter for 32-bit Windows: Version 8.1.7.0.0 - Production
  Time: 09-ABR-2002 14:26:02
  Tracing not turned on.
  Tns error struct:
    nr err code: 0
    ns main err code: 12560
    TNS-12560: TNS:erro de adaptador de protocolo
    ns secondary err code: 0
    nt main err code: 530
    TNS-00530: Erro do adaptador de protocolo
    nt secondary err code: 126
    nt OS err code: 0


***********************************************************************
Fatal NI connect error 12505, connecting to:
 (DESCRIPTION=(ADDRESS=(PROTOCOL=TCP)(HOST=CMBD1)(PORT=1521))(CONNECT_DATA=(SID=DES)(CID=(PROGRAM=C:\Arquivos de programas\Borland\Delphi5\Bin\delphi32.exe)(HOST=DESENV0081)(USER=desenv0001))))

  VERSION INFORMATION:
	TNS for 32-bit Windows: Version 8.1.7.0.0 - Production
	Windows NT TCP/IP NT Protocol Adapter for 32-bit Windows: Version 8.1.7.0.0 - Production
  Time: 30-ABR-2002 14:31:04
  Tracing not turned on.
  Tns error struct:
    nr err code: 0
    ns main err code: 12564
    TNS-12564: TNS:conexão recusada
    ns secondary err code: 0
    nt main err code: 0
    nt secondary err code: 0
    nt OS err code: 0


***********************************************************************
Fatal NI connect error 12560, connecting to:
 (DESCRIPTION=(ADDRESS=(PROTOCOL=BEQ)(PROGRAM=oracle)(ARGV0=oracleORCL)(ARGS='(DESCRIPTION=(LOCAL=YES)(ADDRESS=(PROTOCOL=beq)))'))(CONNECT_DATA=(SID=ORCL)(CID=(PROGRAM=C:\Arquivos de programas\Borland\Delphi5\Bin\delphi32.exe)(HOST=DESENV0081)(USER=desenv0001))))

  VERSION INFORMATION:
	TNS for 32-bit Windows: Version 8.1.7.0.0 - Production
	Oracle Bequeath NT Protocol Adapter for 32-bit Windows: Version 8.1.7.0.0 - Production
  Time: 30-ABR-2002 14:31:04
  Tracing not turned on.
  Tns error struct:
    nr err code: 0
    ns main err code: 12560
    TNS-12560: TNS:erro de adaptador de protocolo
    ns secondary err code: 0
    nt main err code: 530
    TNS-00530: Erro do adaptador de protocolo
    nt secondary err code: 126
    nt OS err code: 0


***********************************************************************
Fatal NI connect error 12505, connecting to:
 (DESCRIPTION=(ADDRESS=(PROTOCOL=TCP)(HOST=CMBD1)(PORT=1521))(CONNECT_DATA=(SID=DES)(CID=(PROGRAM=C:\Arquivos de programas\Borland\Delphi5\Bin\delphi32.exe)(HOST=DESENV0081)(USER=desenv0001))))

  VERSION INFORMATION:
	TNS for 32-bit Windows: Version 8.1.7.0.0 - Production
	Windows NT TCP/IP NT Protocol Adapter for 32-bit Windows: Version 8.1.7.0.0 - Production
  Time: 30-ABR-2002 14:31:27
  Tracing not turned on.
  Tns error struct:
    nr err code: 0
    ns main err code: 12564
    TNS-12564: TNS:conexão recusada
    ns secondary err code: 0
    nt main err code: 0
    nt secondary err code: 0
    nt OS err code: 0


***********************************************************************
Fatal NI connect error 12560, connecting to:
 (DESCRIPTION=(ADDRESS=(PROTOCOL=BEQ)(PROGRAM=oracle)(ARGV0=oracleORCL)(ARGS='(DESCRIPTION=(LOCAL=YES)(ADDRESS=(PROTOCOL=beq)))'))(CONNECT_DATA=(SID=ORCL)(CID=(PROGRAM=C:\Arquivos de programas\Borland\Delphi5\Bin\delphi32.exe)(HOST=DESENV0081)(USER=desenv0001))))

  VERSION INFORMATION:
	TNS for 32-bit Windows: Version 8.1.7.0.0 - Production
	Oracle Bequeath NT Protocol Adapter for 32-bit Windows: Version 8.1.7.0.0 - Production
  Time: 30-ABR-2002 14:31:27
  Tracing not turned on.
  Tns error struct:
    nr err code: 0
    ns main err code: 12560
    TNS-12560: TNS:erro de adaptador de protocolo
    ns secondary err code: 0
    nt main err code: 530
    TNS-00530: Erro do adaptador de protocolo
    nt secondary err code: 126
    nt OS err code: 0


***********************************************************************
Fatal NI connect error 12505, connecting to:
 (DESCRIPTION=(ADDRESS=(PROTOCOL=TCP)(HOST=CMBD1)(PORT=1521))(CONNECT_DATA=(SID=DES)(CID=(PROGRAM=C:\Arquivos de programas\Borland\Delphi5\Bin\Delphi32.exe)(HOST=DESENV0081)(USER=desenv0001))))

  VERSION INFORMATION:
	TNS for 32-bit Windows: Version 8.1.7.0.0 - Production
	Windows NT TCP/IP NT Protocol Adapter for 32-bit Windows: Version 8.1.7.0.0 - Production
  Time: 02-MAI-2002 11:24:51
  Tracing not turned on.
  Tns error struct:
    nr err code: 0
    ns main err code: 12564
    TNS-12564: TNS:conexão recusada
    ns secondary err code: 0
    nt main err code: 0
    nt secondary err code: 0
    nt OS err code: 0


***********************************************************************
Fatal NI connect error 12560, connecting to:
 (DESCRIPTION=(ADDRESS=(PROTOCOL=BEQ)(PROGRAM=oracle)(ARGV0=oracleORCL)(ARGS='(DESCRIPTION=(LOCAL=YES)(ADDRESS=(PROTOCOL=beq)))'))(CONNECT_DATA=(SID=ORCL)(CID=(PROGRAM=C:\Arquivos de programas\Borland\Delphi5\Bin\Delphi32.exe)(HOST=DESENV0081)(USER=desenv0001))))

  VERSION INFORMATION:
	TNS for 32-bit Windows: Version 8.1.7.0.0 - Production
	Oracle Bequeath NT Protocol Adapter for 32-bit Windows: Version 8.1.7.0.0 - Production
  Time: 02-MAI-2002 11:24:51
  Tracing not turned on.
  Tns error struct:
    nr err code: 0
    ns main err code: 12560
    TNS-12560: TNS:erro de adaptador de protocolo
    ns secondary err code: 0
    nt main err code: 530
    TNS-00530: Erro do adaptador de protocolo
    nt secondary err code: 126
    nt OS err code: 0


***********************************************************************
Fatal NI connect error 12505, connecting to:
 (DESCRIPTION=(ADDRESS=(PROTOCOL=TCP)(HOST=CMBD1)(PORT=1521))(CONNECT_DATA=(SID=DES)(CID=(PROGRAM=C:\Arquivos de programas\Borland\Delphi5\Bin\Delphi32.exe)(HOST=DESENV0081)(USER=desenv0001))))

  VERSION INFORMATION:
	TNS for 32-bit Windows: Version 8.1.7.0.0 - Production
	Windows NT TCP/IP NT Protocol Adapter for 32-bit Windows: Version 8.1.7.0.0 - Production
  Time: 02-MAI-2002 11:24:57
  Tracing not turned on.
  Tns error struct:
    nr err code: 0
    ns main err code: 12564
    TNS-12564: TNS:conexão recusada
    ns secondary err code: 0
    nt main err code: 0
    nt secondary err code: 0
    nt OS err code: 0


***********************************************************************
Fatal NI connect error 12560, connecting to:
 (DESCRIPTION=(ADDRESS=(PROTOCOL=BEQ)(PROGRAM=oracle)(ARGV0=oracleORCL)(ARGS='(DESCRIPTION=(LOCAL=YES)(ADDRESS=(PROTOCOL=beq)))'))(CONNECT_DATA=(SID=ORCL)(CID=(PROGRAM=C:\Arquivos de programas\Borland\Delphi5\Bin\Delphi32.exe)(HOST=DESENV0081)(USER=desenv0001))))

  VERSION INFORMATION:
	TNS for 32-bit Windows: Version 8.1.7.0.0 - Production
	Oracle Bequeath NT Protocol Adapter for 32-bit Windows: Version 8.1.7.0.0 - Production
  Time: 02-MAI-2002 11:24:57
  Tracing not turned on.
  Tns error struct:
    nr err code: 0
    ns main err code: 12560
    TNS-12560: TNS:erro de adaptador de protocolo
    ns secondary err code: 0
    nt main err code: 530
    TNS-00530: Erro do adaptador de protocolo
    nt secondary err code: 126
    nt OS err code: 0


***********************************************************************
Fatal NI connect error 12505, connecting to:
 (DESCRIPTION=(ADDRESS=(PROTOCOL=TCP)(HOST=CMBD1)(PORT=1521))(CONNECT_DATA=(SID=DES)(CID=(PROGRAM=C:\Arquivos de programas\Borland\Delphi5\Bin\Delphi32.exe)(HOST=DESENV0081)(USER=desenv0001))))

  VERSION INFORMATION:
	TNS for 32-bit Windows: Version 8.1.7.0.0 - Production
	Windows NT TCP/IP NT Protocol Adapter for 32-bit Windows: Version 8.1.7.0.0 - Production
  Time: 08-MAI-2002 10:37:20
  Tracing not turned on.
  Tns error struct:
    nr err code: 0
    ns main err code: 12564
    TNS-12564: TNS:conexão recusada
    ns secondary err code: 0
    nt main err code: 0
    nt secondary err code: 0
    nt OS err code: 0


***********************************************************************
Fatal NI connect error 12560, connecting to:
 (DESCRIPTION=(ADDRESS=(PROTOCOL=BEQ)(PROGRAM=oracle)(ARGV0=oracleORCL)(ARGS='(DESCRIPTION=(LOCAL=YES)(ADDRESS=(PROTOCOL=beq)))'))(CONNECT_DATA=(SID=ORCL)(CID=(PROGRAM=C:\Arquivos de programas\Borland\Delphi5\Bin\Delphi32.exe)(HOST=DESENV0081)(USER=desenv0001))))

  VERSION INFORMATION:
	TNS for 32-bit Windows: Version 8.1.7.0.0 - Production
	Oracle Bequeath NT Protocol Adapter for 32-bit Windows: Version 8.1.7.0.0 - Production
  Time: 08-MAI-2002 10:37:21
  Tracing not turned on.
  Tns error struct:
    nr err code: 0
    ns main err code: 12560
    TNS-12560: TNS:erro de adaptador de protocolo
    ns secondary err code: 0
    nt main err code: 530
    TNS-00530: Erro do adaptador de protocolo
    nt secondary err code: 126
    nt OS err code: 0


***********************************************************************
Fatal NI connect error 12505, connecting to:
 (DESCRIPTION=(ADDRESS=(PROTOCOL=TCP)(HOST=CMBD1)(PORT=1521))(CONNECT_DATA=(SID=DES)(CID=(PROGRAM=C:\Arquivos de programas\Borland\Delphi5\Bin\Delphi32.exe)(HOST=DESENV0081)(USER=desenv0001))))

  VERSION INFORMATION:
	TNS for 32-bit Windows: Version 8.1.7.0.0 - Production
	Windows NT TCP/IP NT Protocol Adapter for 32-bit Windows: Version 8.1.7.0.0 - Production
  Time: 08-MAI-2002 10:40:34
  Tracing not turned on.
  Tns error struct:
    nr err code: 0
    ns main err code: 12564
    TNS-12564: TNS:conexão recusada
    ns secondary err code: 0
    nt main err code: 0
    nt secondary err code: 0
    nt OS err code: 0


***********************************************************************
Fatal NI connect error 12560, connecting to:
 (DESCRIPTION=(ADDRESS=(PROTOCOL=BEQ)(PROGRAM=oracle)(ARGV0=oracleORCL)(ARGS='(DESCRIPTION=(LOCAL=YES)(ADDRESS=(PROTOCOL=beq)))'))(CONNECT_DATA=(SID=ORCL)(CID=(PROGRAM=C:\Arquivos de programas\Borland\Delphi5\Bin\Delphi32.exe)(HOST=DESENV0081)(USER=desenv0001))))

  VERSION INFORMATION:
	TNS for 32-bit Windows: Version 8.1.7.0.0 - Production
	Oracle Bequeath NT Protocol Adapter for 32-bit Windows: Version 8.1.7.0.0 - Production
  Time: 08-MAI-2002 10:40:34
  Tracing not turned on.
  Tns error struct:
    nr err code: 0
    ns main err code: 12560
    TNS-12560: TNS:erro de adaptador de protocolo
    ns secondary err code: 0
    nt main err code: 530
    TNS-00530: Erro do adaptador de protocolo
    nt secondary err code: 126
    nt OS err code: 0


***********************************************************************
Fatal NI connect error 12505, connecting to:
 (DESCRIPTION=(ADDRESS=(PROTOCOL=TCP)(HOST=CMBD1)(PORT=1521))(CONNECT_DATA=(SID=DES)(CID=(PROGRAM=C:\Arquivos de programas\Borland\Delphi5\Bin\Delphi32.exe)(HOST=DESENV0081)(USER=desenv0001))))

  VERSION INFORMATION:
	TNS for 32-bit Windows: Version 8.1.7.0.0 - Production
	Windows NT TCP/IP NT Protocol Adapter for 32-bit Windows: Version 8.1.7.0.0 - Production
  Time: 28-MAI-2002 14:55:20
  Tracing not turned on.
  Tns error struct:
    nr err code: 0
    ns main err code: 12564
    TNS-12564: TNS:conexão recusada
    ns secondary err code: 0
    nt main err code: 0
    nt secondary err code: 0
    nt OS err code: 0


***********************************************************************
Fatal NI connect error 12560, connecting to:
 (DESCRIPTION=(ADDRESS=(PROTOCOL=BEQ)(PROGRAM=oracle)(ARGV0=oracleORCL)(ARGS='(DESCRIPTION=(LOCAL=YES)(ADDRESS=(PROTOCOL=beq)))'))(CONNECT_DATA=(SID=ORCL)(CID=(PROGRAM=C:\Arquivos de programas\Borland\Delphi5\Bin\Delphi32.exe)(HOST=DESENV0081)(USER=desenv0001))))

  VERSION INFORMATION:
	TNS for 32-bit Windows: Version 8.1.7.0.0 - Production
	Oracle Bequeath NT Protocol Adapter for 32-bit Windows: Version 8.1.7.0.0 - Production
  Time: 28-MAI-2002 14:55:20
  Tracing not turned on.
  Tns error struct:
    nr err code: 0
    ns main err code: 12560
    TNS-12560: TNS:erro de adaptador de protocolo
    ns secondary err code: 0
    nt main err code: 530
    TNS-00530: Erro do adaptador de protocolo
    nt secondary err code: 126
    nt OS err code: 0


***********************************************************************
Fatal NI connect error 12505, connecting to:
 (DESCRIPTION=(ADDRESS=(PROTOCOL=TCP)(HOST=CMBD1)(PORT=1521))(CONNECT_DATA=(SID=DES)(CID=(PROGRAM=C:\Arquivos de programas\Borland\Delphi5\Bin\Delphi32.exe)(HOST=DESENV0081)(USER=desenv0001))))

  VERSION INFORMATION:
	TNS for 32-bit Windows: Version 8.1.7.0.0 - Production
	Windows NT TCP/IP NT Protocol Adapter for 32-bit Windows: Version 8.1.7.0.0 - Production
  Time: 03-JUN-2002 14:28:03
  Tracing not turned on.
  Tns error struct:
    nr err code: 0
    ns main err code: 12564
    TNS-12564: TNS:conexão recusada
    ns secondary err code: 0
    nt main err code: 0
    nt secondary err code: 0
    nt OS err code: 0


***********************************************************************
Fatal NI connect error 12560, connecting to:
 (DESCRIPTION=(ADDRESS=(PROTOCOL=BEQ)(PROGRAM=oracle)(ARGV0=oracleORCL)(ARGS='(DESCRIPTION=(LOCAL=YES)(ADDRESS=(PROTOCOL=beq)))'))(CONNECT_DATA=(SID=ORCL)(CID=(PROGRAM=C:\Arquivos de programas\Borland\Delphi5\Bin\Delphi32.exe)(HOST=DESENV0081)(USER=desenv0001))))

  VERSION INFORMATION:
	TNS for 32-bit Windows: Version 8.1.7.0.0 - Production
	Oracle Bequeath NT Protocol Adapter for 32-bit Windows: Version 8.1.7.0.0 - Production
  Time: 03-JUN-2002 14:28:04
  Tracing not turned on.
  Tns error struct:
    nr err code: 0
    ns main err code: 12560
    TNS-12560: TNS:erro de adaptador de protocolo
    ns secondary err code: 0
    nt main err code: 530
    TNS-00530: Erro do adaptador de protocolo
    nt secondary err code: 126
    nt OS err code: 0


***********************************************************************
Fatal NI connect error 12505, connecting to:
 (DESCRIPTION=(ADDRESS=(PROTOCOL=TCP)(HOST=CMBD1)(PORT=1521))(CONNECT_DATA=(SID=DES)(CID=(PROGRAM=C:\Arquivos de programas\Borland\Delphi5\Bin\delphi32.exe)(HOST=DESENV0081)(USER=desenv0001))))

  VERSION INFORMATION:
	TNS for 32-bit Windows: Version 8.1.7.0.0 - Production
	Windows NT TCP/IP NT Protocol Adapter for 32-bit Windows: Version 8.1.7.0.0 - Production
  Time: 09-JUL-2002 10:15:29
  Tracing not turned on.
  Tns error struct:
    nr err code: 0
    ns main err code: 12564
    TNS-12564: TNS:conexão recusada
    ns secondary err code: 0
    nt main err code: 0
    nt secondary err code: 0
    nt OS err code: 0


***********************************************************************
Fatal NI connect error 12560, connecting to:
 (DESCRIPTION=(ADDRESS=(PROTOCOL=BEQ)(PROGRAM=oracle)(ARGV0=oracleORCL)(ARGS='(DESCRIPTION=(LOCAL=YES)(ADDRESS=(PROTOCOL=beq)))'))(CONNECT_DATA=(SID=ORCL)(CID=(PROGRAM=C:\Arquivos de programas\Borland\Delphi5\Bin\delphi32.exe)(HOST=DESENV0081)(USER=desenv0001))))

  VERSION INFORMATION:
	TNS for 32-bit Windows: Version 8.1.7.0.0 - Production
	Oracle Bequeath NT Protocol Adapter for 32-bit Windows: Version 8.1.7.0.0 - Production
  Time: 09-JUL-2002 10:15:29
  Tracing not turned on.
  Tns error struct:
    nr err code: 0
    ns main err code: 12560
    TNS-12560: TNS:erro de adaptador de protocolo
    ns secondary err code: 0
    nt main err code: 530
    TNS-00530: Erro do adaptador de protocolo
    nt secondary err code: 126
    nt OS err code: 0


***********************************************************************
Fatal NI connect error 12560, connecting to:
 (DESCRIPTION=(ADDRESS=(PROTOCOL=BEQ)(PROGRAM=oracle)(ARGV0=oracleORCL)(ARGS='(DESCRIPTION=(LOCAL=YES)(ADDRESS=(PROTOCOL=beq)))'))(CONNECT_DATA=(SID=ORCL)(CID=(PROGRAM=C:\Arquivos de programas\Borland\Delphi5\Bin\delphi32.exe)(HOST=DESENV0081)(USER=desenv0001))))

  VERSION INFORMATION:
	TNS for 32-bit Windows: Version 8.1.7.0.0 - Production
	Oracle Bequeath NT Protocol Adapter for 32-bit Windows: Version 8.1.7.0.0 - Production
	Windows NT TCP/IP NT Protocol Adapter for 32-bit Windows: Version 8.1.7.0.0 - Production
  Time: 09-JUL-2002 15:50:39
  Tracing not turned on.
  Tns error struct:
    nr err code: 0
    ns main err code: 12560
    TNS-12560: TNS:erro de adaptador de protocolo
    ns secondary err code: 0
    nt main err code: 530
    TNS-00530: Erro do adaptador de protocolo
    nt secondary err code: 126
    nt OS err code: 0


***********************************************************************
Fatal NI connect error 12560, connecting to:
 (DESCRIPTION=(ADDRESS=(PROTOCOL=BEQ)(PROGRAM=oracle)(ARGV0=oracleORCL)(ARGS='(DESCRIPTION=(LOCAL=YES)(ADDRESS=(PROTOCOL=beq)))'))(CONNECT_DATA=(SID=ORCL)(CID=(PROGRAM=C:\Arquivos de programas\Borland\Delphi5\Bin\delphi32.exe)(HOST=DESENV0081)(USER=desenv0001))))

  VERSION INFORMATION:
	TNS for 32-bit Windows: Version 8.1.7.0.0 - Production
	Oracle Bequeath NT Protocol Adapter for 32-bit Windows: Version 8.1.7.0.0 - Production
  Time: 09-JUL-2002 15:50:40
  Tracing not turned on.
  Tns error struct:
    nr err code: 0
    ns main err code: 12560
    TNS-12560: TNS:erro de adaptador de protocolo
    ns secondary err code: 0
    nt main err code: 530
    TNS-00530: Erro do adaptador de protocolo
    nt secondary err code: 126
    nt OS err code: 0


***********************************************************************
Fatal NI connect error 12505, connecting to:
 (DESCRIPTION=(ADDRESS=(PROTOCOL=TCP)(HOST=CMBD1)(PORT=1521))(CONNECT_DATA=(SID=DES)(CID=(PROGRAM=C:\Arquivos de programas\Borland\Delphi5\Bin\delphi32.exe)(HOST=DESENV0081)(USER=desenv0001))))

  VERSION INFORMATION:
	TNS for 32-bit Windows: Version 8.1.7.0.0 - Production
	Windows NT TCP/IP NT Protocol Adapter for 32-bit Windows: Version 8.1.7.0.0 - Production
  Time: 11-JUL-2002 09:35:51
  Tracing not turned on.
  Tns error struct:
    nr err code: 0
    ns main err code: 12564
    TNS-12564: TNS:conexão recusada
    ns secondary err code: 0
    nt main err code: 0
    nt secondary err code: 0
    nt OS err code: 0


***********************************************************************
Fatal NI connect error 12560, connecting to:
 (DESCRIPTION=(ADDRESS=(PROTOCOL=BEQ)(PROGRAM=oracle)(ARGV0=oracleORCL)(ARGS='(DESCRIPTION=(LOCAL=YES)(ADDRESS=(PROTOCOL=beq)))'))(CONNECT_DATA=(SID=ORCL)(CID=(PROGRAM=C:\Arquivos de programas\Borland\Delphi5\Bin\delphi32.exe)(HOST=DESENV0081)(USER=desenv0001))))

  VERSION INFORMATION:
	TNS for 32-bit Windows: Version 8.1.7.0.0 - Production
	Oracle Bequeath NT Protocol Adapter for 32-bit Windows: Version 8.1.7.0.0 - Production
  Time: 11-JUL-2002 09:35:51
  Tracing not turned on.
  Tns error struct:
    nr err code: 0
    ns main err code: 12560
    TNS-12560: TNS:erro de adaptador de protocolo
    ns secondary err code: 0
    nt main err code: 530
    TNS-00530: Erro do adaptador de protocolo
    nt secondary err code: 126
    nt OS err code: 0


***********************************************************************
Fatal NI connect error 12505, connecting to:
 (DESCRIPTION=(ADDRESS=(PROTOCOL=TCP)(HOST=CMBD1)(PORT=1521))(CONNECT_DATA=(SID=DES)(CID=(PROGRAM=C:\Arquivos de programas\Borland\Delphi5\Bin\delphi32.exe)(HOST=DESENV0081)(USER=desenv0001))))

  VERSION INFORMATION:
	TNS for 32-bit Windows: Version 8.1.7.0.0 - Production
	Windows NT TCP/IP NT Protocol Adapter for 32-bit Windows: Version 8.1.7.0.0 - Production
  Time: 11-JUL-2002 09:36:01
  Tracing not turned on.
  Tns error struct:
    nr err code: 0
    ns main err code: 12564
    TNS-12564: TNS:conexão recusada
    ns secondary err code: 0
    nt main err code: 0
    nt secondary err code: 0
    nt OS err code: 0


***********************************************************************
Fatal NI connect error 12560, connecting to:
 (DESCRIPTION=(ADDRESS=(PROTOCOL=BEQ)(PROGRAM=oracle)(ARGV0=oracleORCL)(ARGS='(DESCRIPTION=(LOCAL=YES)(ADDRESS=(PROTOCOL=beq)))'))(CONNECT_DATA=(SID=ORCL)(CID=(PROGRAM=C:\Arquivos de programas\Borland\Delphi5\Bin\delphi32.exe)(HOST=DESENV0081)(USER=desenv0001))))

  VERSION INFORMATION:
	TNS for 32-bit Windows: Version 8.1.7.0.0 - Production
	Oracle Bequeath NT Protocol Adapter for 32-bit Windows: Version 8.1.7.0.0 - Production
  Time: 11-JUL-2002 09:36:01
  Tracing not turned on.
  Tns error struct:
    nr err code: 0
    ns main err code: 12560
    TNS-12560: TNS:erro de adaptador de protocolo
    ns secondary err code: 0
    nt main err code: 530
    TNS-00530: Erro do adaptador de protocolo
    nt secondary err code: 126
    nt OS err code: 0


***********************************************************************
Fatal NI connect error 12505, connecting to:
 (DESCRIPTION=(ADDRESS=(PROTOCOL=TCP)(HOST=CMBD1)(PORT=1521))(CONNECT_DATA=(SID=DES)(CID=(PROGRAM=C:\Arquivos de programas\Borland\Delphi5\Bin\delphi32.exe)(HOST=DESENV0081)(USER=desenv0001))))

  VERSION INFORMATION:
	TNS for 32-bit Windows: Version 8.1.7.0.0 - Production
	Windows NT TCP/IP NT Protocol Adapter for 32-bit Windows: Version 8.1.7.0.0 - Production
  Time: 29-JUL-2002 14:02:59
  Tracing not turned on.
  Tns error struct:
    nr err code: 0
    ns main err code: 12564
    TNS-12564: TNS:conexão recusada
    ns secondary err code: 0
    nt main err code: 0
    nt secondary err code: 0
    nt OS err code: 0


***********************************************************************
Fatal NI connect error 12560, connecting to:
 (DESCRIPTION=(ADDRESS=(PROTOCOL=BEQ)(PROGRAM=oracle)(ARGV0=oracleORCL)(ARGS='(DESCRIPTION=(LOCAL=YES)(ADDRESS=(PROTOCOL=beq)))'))(CONNECT_DATA=(SID=ORCL)(CID=(PROGRAM=C:\Arquivos de programas\Borland\Delphi5\Bin\delphi32.exe)(HOST=DESENV0081)(USER=desenv0001))))

  VERSION INFORMATION:
	TNS for 32-bit Windows: Version 8.1.7.0.0 - Production
	Oracle Bequeath NT Protocol Adapter for 32-bit Windows: Version 8.1.7.0.0 - Production
  Time: 29-JUL-2002 14:02:59
  Tracing not turned on.
  Tns error struct:
    nr err code: 0
    ns main err code: 12560
    TNS-12560: TNS:erro de adaptador de protocolo
    ns secondary err code: 0
    nt main err code: 530
    TNS-00530: Erro do adaptador de protocolo
    nt secondary err code: 126
    nt OS err code: 0


***********************************************************************
Fatal NI connect error 12505, connecting to:
 (DESCRIPTION=(ADDRESS=(PROTOCOL=TCP)(HOST=CMBD1)(PORT=1521))(CONNECT_DATA=(SID=DES)(CID=(PROGRAM=C:\Arquivos de programas\Borland\Delphi5\Bin\delphi32.exe)(HOST=DESENV0081)(USER=desenv0001))))

  VERSION INFORMATION:
	TNS for 32-bit Windows: Version 8.1.7.0.0 - Production
	Windows NT TCP/IP NT Protocol Adapter for 32-bit Windows: Version 8.1.7.0.0 - Production
  Time: 29-JUL-2002 14:29:10
  Tracing not turned on.
  Tns error struct:
    nr err code: 0
    ns main err code: 12564
    TNS-12564: TNS:conexão recusada
    ns secondary err code: 0
    nt main err code: 0
    nt secondary err code: 0
    nt OS err code: 0


***********************************************************************
Fatal NI connect error 12560, connecting to:
 (DESCRIPTION=(ADDRESS=(PROTOCOL=BEQ)(PROGRAM=oracle)(ARGV0=oracleORCL)(ARGS='(DESCRIPTION=(LOCAL=YES)(ADDRESS=(PROTOCOL=beq)))'))(CONNECT_DATA=(SID=ORCL)(CID=(PROGRAM=C:\Arquivos de programas\Borland\Delphi5\Bin\delphi32.exe)(HOST=DESENV0081)(USER=desenv0001))))

  VERSION INFORMATION:
	TNS for 32-bit Windows: Version 8.1.7.0.0 - Production
	Oracle Bequeath NT Protocol Adapter for 32-bit Windows: Version 8.1.7.0.0 - Production
  Time: 29-JUL-2002 14:29:10
  Tracing not turned on.
  Tns error struct:
    nr err code: 0
    ns main err code: 12560
    TNS-12560: TNS:erro de adaptador de protocolo
    ns secondary err code: 0
    nt main err code: 530
    TNS-00530: Erro do adaptador de protocolo
    nt secondary err code: 126
    nt OS err code: 0


***********************************************************************
Fatal NI connect error 12560, connecting to:
 (DESCRIPTION=(ADDRESS=(PROTOCOL=BEQ)(PROGRAM=oracle)(ARGV0=oracleORCL)(ARGS='(DESCRIPTION=(LOCAL=YES)(ADDRESS=(PROTOCOL=beq)))'))(CONNECT_DATA=(SID=ORCL)(CID=(PROGRAM=C:\Arquivos de programas\Borland\Delphi5\Bin\delphi32.exe)(HOST=DESENV0081)(USER=desenv0001))))

  VERSION INFORMATION:
	TNS for 32-bit Windows: Version 8.1.7.0.0 - Production
	Oracle Bequeath NT Protocol Adapter for 32-bit Windows: Version 8.1.7.0.0 - Production
  Time: 04-SET-2002 09:50:35
  Tracing not turned on.
  Tns error struct:
    nr err code: 0
    ns main err code: 12560
    TNS-12560: TNS:erro de adaptador de protocolo
    ns secondary err code: 0
    nt main err code: 530
    TNS-00530: Erro do adaptador de protocolo
    nt secondary err code: 126
    nt OS err code: 0


***********************************************************************
Fatal NI connect error 12560, connecting to:
 (DESCRIPTION=(ADDRESS=(PROTOCOL=BEQ)(PROGRAM=oracle)(ARGV0=oracleORCL)(ARGS='(DESCRIPTION=(LOCAL=YES)(ADDRESS=(PROTOCOL=beq)))'))(CONNECT_DATA=(SID=ORCL)(CID=(PROGRAM=C:\Arquivos de programas\Borland\Delphi5\Bin\delphi32.exe)(HOST=DESENV0081)(USER=desenv0001))))

  VERSION INFORMATION:
	TNS for 32-bit Windows: Version 8.1.7.0.0 - Production
	Oracle Bequeath NT Protocol Adapter for 32-bit Windows: Version 8.1.7.0.0 - Production
  Time: 04-SET-2002 09:50:47
  Tracing not turned on.
  Tns error struct:
    nr err code: 0
    ns main err code: 12560
    TNS-12560: TNS:erro de adaptador de protocolo
    ns secondary err code: 0
    nt main err code: 530
    TNS-00530: Erro do adaptador de protocolo
    nt secondary err code: 126
    nt OS err code: 0


***********************************************************************
Fatal NI connect error 12560, connecting to:
 (DESCRIPTION=(ADDRESS=(PROTOCOL=BEQ)(PROGRAM=oracle)(ARGV0=oracleORCL)(ARGS='(DESCRIPTION=(LOCAL=YES)(ADDRESS=(PROTOCOL=beq)))'))(CONNECT_DATA=(SID=ORCL)(CID=(PROGRAM=C:\Arquivos de programas\Borland\Delphi5\Bin\delphi32.exe)(HOST=DESENV0081)(USER=desenv0001))))

  VERSION INFORMATION:
	TNS for 32-bit Windows: Version 8.1.7.0.0 - Production
	Oracle Bequeath NT Protocol Adapter for 32-bit Windows: Version 8.1.7.0.0 - Production
  Time: 04-SET-2002 09:50:47
  Tracing not turned on.
  Tns error struct:
    nr err code: 0
    ns main err code: 12560
    TNS-12560: TNS:erro de adaptador de protocolo
    ns secondary err code: 0
    nt main err code: 530
    TNS-00530: Erro do adaptador de protocolo
    nt secondary err code: 126
    nt OS err code: 0


***********************************************************************
Fatal NI connect error 12545, connecting to:
 (DESCRIPTION=(ADDRESS=(PROTOCOL=TCP)(HOST=CMBD1)(PORT=1521))(CONNECT_DATA=(SID=DES)(CID=(PROGRAM=C:\Arquivos de programas\Borland\Delphi5\Bin\delphi32.exe)(HOST=DESENV0081)(USER=desenv0001))))

  VERSION INFORMATION:
	TNS for 32-bit Windows: Version 8.1.7.0.0 - Production
	Windows NT TCP/IP NT Protocol Adapter for 32-bit Windows: Version 8.1.7.0.0 - Production
  Time: 04-SET-2002 13:03:12
  Tracing not turned on.
  Tns error struct:
    nr err code: 0
    ns main err code: 12545
    TNS-12545: A conexão falhou porque o objeto ou host de destino não existe
    ns secondary err code: 12560
    nt main err code: 515
    TNS-00515: A conexão falhou porque o objeto ou host de destino não existe
    nt secondary err code: 1001
    nt OS err code: 0


***********************************************************************
Fatal NI connect error 12560, connecting to:
 (DESCRIPTION=(ADDRESS=(PROTOCOL=BEQ)(PROGRAM=oracle)(ARGV0=oracleORCL)(ARGS='(DESCRIPTION=(LOCAL=YES)(ADDRESS=(PROTOCOL=beq)))'))(CONNECT_DATA=(SID=ORCL)(CID=(PROGRAM=C:\Arquivos de programas\Borland\Delphi5\Bin\delphi32.exe)(HOST=DESENV0081)(USER=desenv0001))))

  VERSION INFORMATION:
	TNS for 32-bit Windows: Version 8.1.7.0.0 - Production
	Oracle Bequeath NT Protocol Adapter for 32-bit Windows: Version 8.1.7.0.0 - Production
  Time: 04-SET-2002 13:03:12
  Tracing not turned on.
  Tns error struct:
    nr err code: 0
    ns main err code: 12560
    TNS-12560: TNS:erro de adaptador de protocolo
    ns secondary err code: 0
    nt main err code: 530
    TNS-00530: Erro do adaptador de protocolo
    nt secondary err code: 126
    nt OS err code: 0


***********************************************************************
Fatal NI connect error 12545, connecting to:
 (DESCRIPTION=(ADDRESS=(PROTOCOL=TCP)(HOST=CMBD1)(PORT=1521))(CONNECT_DATA=(SID=DES)(CID=(PROGRAM=C:\Arquivos de programas\Borland\Delphi5\Bin\delphi32.exe)(HOST=DESENV0081)(USER=desenv0001))))

  VERSION INFORMATION:
	TNS for 32-bit Windows: Version 8.1.7.0.0 - Production
	Windows NT TCP/IP NT Protocol Adapter for 32-bit Windows: Version 8.1.7.0.0 - Production
  Time: 04-SET-2002 13:03:17
  Tracing not turned on.
  Tns error struct:
    nr err code: 0
    ns main err code: 12545
    TNS-12545: A conexão falhou porque o objeto ou host de destino não existe
    ns secondary err code: 12560
    nt main err code: 515
    TNS-00515: A conexão falhou porque o objeto ou host de destino não existe
    nt secondary err code: 1001
    nt OS err code: 0


***********************************************************************
Fatal NI connect error 12560, connecting to:
 (DESCRIPTION=(ADDRESS=(PROTOCOL=BEQ)(PROGRAM=oracle)(ARGV0=oracleORCL)(ARGS='(DESCRIPTION=(LOCAL=YES)(ADDRESS=(PROTOCOL=beq)))'))(CONNECT_DATA=(SID=ORCL)(CID=(PROGRAM=C:\Arquivos de programas\Borland\Delphi5\Bin\delphi32.exe)(HOST=DESENV0081)(USER=desenv0001))))

  VERSION INFORMATION:
	TNS for 32-bit Windows: Version 8.1.7.0.0 - Production
	Oracle Bequeath NT Protocol Adapter for 32-bit Windows: Version 8.1.7.0.0 - Production
  Time: 04-SET-2002 13:03:17
  Tracing not turned on.
  Tns error struct:
    nr err code: 0
    ns main err code: 12560
    TNS-12560: TNS:erro de adaptador de protocolo
    ns secondary err code: 0
    nt main err code: 530
    TNS-00530: Erro do adaptador de protocolo
    nt secondary err code: 126
    nt OS err code: 0


***********************************************************************
Fatal NI connect error 12545, connecting to:
 (DESCRIPTION=(ADDRESS=(PROTOCOL=TCP)(HOST=CMBD1)(PORT=1521))(CONNECT_DATA=(SID=DES)(CID=(PROGRAM=C:\Arquivos de programas\Borland\Delphi5\Bin\delphi32.exe)(HOST=DESENV0081)(USER=desenv0001))))

  VERSION INFORMATION:
	TNS for 32-bit Windows: Version 8.1.7.0.0 - Production
	Windows NT TCP/IP NT Protocol Adapter for 32-bit Windows: Version 8.1.7.0.0 - Production
  Time: 04-SET-2002 14:01:26
  Tracing not turned on.
  Tns error struct:
    nr err code: 0
    ns main err code: 12545
    TNS-12545: A conexão falhou porque o objeto ou host de destino não existe
    ns secondary err code: 12560
    nt main err code: 515
    TNS-00515: A conexão falhou porque o objeto ou host de destino não existe
    nt secondary err code: 1001
    nt OS err code: 0


***********************************************************************
Fatal NI connect error 12560, connecting to:
 (DESCRIPTION=(ADDRESS=(PROTOCOL=BEQ)(PROGRAM=oracle)(ARGV0=oracleORCL)(ARGS='(DESCRIPTION=(LOCAL=YES)(ADDRESS=(PROTOCOL=beq)))'))(CONNECT_DATA=(SID=ORCL)(CID=(PROGRAM=C:\Arquivos de programas\Borland\Delphi5\Bin\delphi32.exe)(HOST=DESENV0081)(USER=desenv0001))))

  VERSION INFORMATION:
	TNS for 32-bit Windows: Version 8.1.7.0.0 - Production
	Oracle Bequeath NT Protocol Adapter for 32-bit Windows: Version 8.1.7.0.0 - Production
  Time: 04-SET-2002 14:01:26
  Tracing not turned on.
  Tns error struct:
    nr err code: 0
    ns main err code: 12560
    TNS-12560: TNS:erro de adaptador de protocolo
    ns secondary err code: 0
    nt main err code: 530
    TNS-00530: Erro do adaptador de protocolo
    nt secondary err code: 126
    nt OS err code: 0


***********************************************************************
Fatal NI connect error 12545, connecting to:
 (DESCRIPTION=(ADDRESS=(PROTOCOL=TCP)(HOST=CMBD1)(PORT=1521))(CONNECT_DATA=(SID=DES)(CID=(PROGRAM=C:\Arquivos de programas\Borland\Delphi5\Bin\delphi32.exe)(HOST=DESENV0081)(USER=desenv0001))))

  VERSION INFORMATION:
	TNS for 32-bit Windows: Version 8.1.7.0.0 - Production
	Windows NT TCP/IP NT Protocol Adapter for 32-bit Windows: Version 8.1.7.0.0 - Production
  Time: 04-SET-2002 14:01:31
  Tracing not turned on.
  Tns error struct:
    nr err code: 0
    ns main err code: 12545
    TNS-12545: A conexão falhou porque o objeto ou host de destino não existe
    ns secondary err code: 12560
    nt main err code: 515
    TNS-00515: A conexão falhou porque o objeto ou host de destino não existe
    nt secondary err code: 1001
    nt OS err code: 0


***********************************************************************
Fatal NI connect error 12560, connecting to:
 (DESCRIPTION=(ADDRESS=(PROTOCOL=BEQ)(PROGRAM=oracle)(ARGV0=oracleORCL)(ARGS='(DESCRIPTION=(LOCAL=YES)(ADDRESS=(PROTOCOL=beq)))'))(CONNECT_DATA=(SID=ORCL)(CID=(PROGRAM=C:\Arquivos de programas\Borland\Delphi5\Bin\delphi32.exe)(HOST=DESENV0081)(USER=desenv0001))))

  VERSION INFORMATION:
	TNS for 32-bit Windows: Version 8.1.7.0.0 - Production
	Oracle Bequeath NT Protocol Adapter for 32-bit Windows: Version 8.1.7.0.0 - Production
  Time: 04-SET-2002 14:01:31
  Tracing not turned on.
  Tns error struct:
    nr err code: 0
    ns main err code: 12560
    TNS-12560: TNS:erro de adaptador de protocolo
    ns secondary err code: 0
    nt main err code: 530
    TNS-00530: Erro do adaptador de protocolo
    nt secondary err code: 126
    nt OS err code: 0


***********************************************************************
Fatal NI connect error 12535, connecting to:
 (DESCRIPTION=(ADDRESS=(PROTOCOL=TCP)(HOST=CMBD3A)(PORT=1521))(CONNECT_DATA=(SID=FCRT)(CID=(PROGRAM=C:\Arquivos de programas\Borland\Delphi5\Bin\delphi32.exe)(HOST=DESENV0081)(USER=desenv0001))))

  VERSION INFORMATION:
	TNS for 32-bit Windows: Version 8.1.7.0.0 - Production
	Windows NT TCP/IP NT Protocol Adapter for 32-bit Windows: Version 8.1.7.0.0 - Production
  Time: 05-SET-2002 14:56:13
  Tracing not turned on.
  Tns error struct:
    nr err code: 0
    ns main err code: 12535
    TNS-12535: TNS:timeout da operação
    ns secondary err code: 12560
    nt main err code: 505
    TNS-00505: Operação com tempo de espera
    nt secondary err code: 60
    nt OS err code: 0


***********************************************************************
Fatal NI connect error 12560, connecting to:
 (DESCRIPTION=(ADDRESS=(PROTOCOL=BEQ)(PROGRAM=oracle)(ARGV0=oracleORCL)(ARGS='(DESCRIPTION=(LOCAL=YES)(ADDRESS=(PROTOCOL=beq)))'))(CONNECT_DATA=(SID=ORCL)(CID=(PROGRAM=C:\Arquivos de programas\Borland\Delphi5\Bin\delphi32.exe)(HOST=DESENV0081)(USER=desenv0001))))

  VERSION INFORMATION:
	TNS for 32-bit Windows: Version 8.1.7.0.0 - Production
	Oracle Bequeath NT Protocol Adapter for 32-bit Windows: Version 8.1.7.0.0 - Production
  Time: 05-SET-2002 14:56:13
  Tracing not turned on.
  Tns error struct:
    nr err code: 0
    ns main err code: 12560
    TNS-12560: TNS:erro de adaptador de protocolo
    ns secondary err code: 0
    nt main err code: 530
    TNS-00530: Erro do adaptador de protocolo
    nt secondary err code: 126
    nt OS err code: 0


***********************************************************************
Fatal NI connect error 12545, connecting to:
 (DESCRIPTION=(ADDRESS=(PROTOCOL=TCP)(HOST=CMBD1)(PORT=1521))(CONNECT_DATA=(SID=DES)(CID=(PROGRAM=C:\Arquivos de programas\Borland\Delphi5\Bin\delphi32.exe)(HOST=DESENV0081)(USER=desenv0001))))

  VERSION INFORMATION:
	TNS for 32-bit Windows: Version 8.1.7.0.0 - Production
	Windows NT TCP/IP NT Protocol Adapter for 32-bit Windows: Version 8.1.7.0.0 - Production
  Time: 06-SET-2002 13:39:42
  Tracing not turned on.
  Tns error struct:
    nr err code: 0
    ns main err code: 12545
    TNS-12545: A conexão falhou porque o objeto ou host de destino não existe
    ns secondary err code: 12560
    nt main err code: 515
    TNS-00515: A conexão falhou porque o objeto ou host de destino não existe
    nt secondary err code: 1001
    nt OS err code: 0


***********************************************************************
Fatal NI connect error 12560, connecting to:
 (DESCRIPTION=(ADDRESS=(PROTOCOL=BEQ)(PROGRAM=oracle)(ARGV0=oracleORCL)(ARGS='(DESCRIPTION=(LOCAL=YES)(ADDRESS=(PROTOCOL=beq)))'))(CONNECT_DATA=(SID=ORCL)(CID=(PROGRAM=C:\Arquivos de programas\Borland\Delphi5\Bin\delphi32.exe)(HOST=DESENV0081)(USER=desenv0001))))

  VERSION INFORMATION:
	TNS for 32-bit Windows: Version 8.1.7.0.0 - Production
	Oracle Bequeath NT Protocol Adapter for 32-bit Windows: Version 8.1.7.0.0 - Production
  Time: 06-SET-2002 13:39:42
  Tracing not turned on.
  Tns error struct:
    nr err code: 0
    ns main err code: 12560
    TNS-12560: TNS:erro de adaptador de protocolo
    ns secondary err code: 0
    nt main err code: 530
    TNS-00530: Erro do adaptador de protocolo
    nt secondary err code: 126
    nt OS err code: 0


***********************************************************************
Fatal NI connect error 12545, connecting to:
 (DESCRIPTION=(ADDRESS=(PROTOCOL=TCP)(HOST=CMBD1)(PORT=1521))(CONNECT_DATA=(SID=DES)(CID=(PROGRAM=C:\Arquivos de programas\Borland\Delphi5\Bin\delphi32.exe)(HOST=DESENV0081)(USER=desenv0001))))

  VERSION INFORMATION:
	TNS for 32-bit Windows: Version 8.1.7.0.0 - Production
	Windows NT TCP/IP NT Protocol Adapter for 32-bit Windows: Version 8.1.7.0.0 - Production
  Time: 06-SET-2002 17:25:58
  Tracing not turned on.
  Tns error struct:
    nr err code: 0
    ns main err code: 12545
    TNS-12545: A conexão falhou porque o objeto ou host de destino não existe
    ns secondary err code: 12560
    nt main err code: 515
    TNS-00515: A conexão falhou porque o objeto ou host de destino não existe
    nt secondary err code: 1001
    nt OS err code: 0


***********************************************************************
Fatal NI connect error 12560, connecting to:
 (DESCRIPTION=(ADDRESS=(PROTOCOL=BEQ)(PROGRAM=oracle)(ARGV0=oracleORCL)(ARGS='(DESCRIPTION=(LOCAL=YES)(ADDRESS=(PROTOCOL=beq)))'))(CONNECT_DATA=(SID=ORCL)(CID=(PROGRAM=C:\Arquivos de programas\Borland\Delphi5\Bin\delphi32.exe)(HOST=DESENV0081)(USER=desenv0001))))

  VERSION INFORMATION:
	TNS for 32-bit Windows: Version 8.1.7.0.0 - Production
	Oracle Bequeath NT Protocol Adapter for 32-bit Windows: Version 8.1.7.0.0 - Production
  Time: 06-SET-2002 17:25:58
  Tracing not turned on.
  Tns error struct:
    nr err code: 0
    ns main err code: 12560
    TNS-12560: TNS:erro de adaptador de protocolo
    ns secondary err code: 0
    nt main err code: 530
    TNS-00530: Erro do adaptador de protocolo
    nt secondary err code: 126
    nt OS err code: 0


***********************************************************************
Fatal NI connect error 12545, connecting to:
 (DESCRIPTION=(ADDRESS=(PROTOCOL=TCP)(HOST=CMBD1)(PORT=1521))(CONNECT_DATA=(SID=DES)(CID=(PROGRAM=C:\Arquivos de programas\Borland\Delphi5\Bin\delphi32.exe)(HOST=DESENV0081)(USER=desenv0001))))

  VERSION INFORMATION:
	TNS for 32-bit Windows: Version 8.1.7.0.0 - Production
	Windows NT TCP/IP NT Protocol Adapter for 32-bit Windows: Version 8.1.7.0.0 - Production
  Time: 06-SET-2002 17:26:01
  Tracing not turned on.
  Tns error struct:
    nr err code: 0
    ns main err code: 12545
    TNS-12545: A conexão falhou porque o objeto ou host de destino não existe
    ns secondary err code: 12560
    nt main err code: 515
    TNS-00515: A conexão falhou porque o objeto ou host de destino não existe
    nt secondary err code: 1001
    nt OS err code: 0


***********************************************************************
Fatal NI connect error 12560, connecting to:
 (DESCRIPTION=(ADDRESS=(PROTOCOL=BEQ)(PROGRAM=oracle)(ARGV0=oracleORCL)(ARGS='(DESCRIPTION=(LOCAL=YES)(ADDRESS=(PROTOCOL=beq)))'))(CONNECT_DATA=(SID=ORCL)(CID=(PROGRAM=C:\Arquivos de programas\Borland\Delphi5\Bin\delphi32.exe)(HOST=DESENV0081)(USER=desenv0001))))

  VERSION INFORMATION:
	TNS for 32-bit Windows: Version 8.1.7.0.0 - Production
	Oracle Bequeath NT Protocol Adapter for 32-bit Windows: Version 8.1.7.0.0 - Production
  Time: 06-SET-2002 17:26:01
  Tracing not turned on.
  Tns error struct:
    nr err code: 0
    ns main err code: 12560
    TNS-12560: TNS:erro de adaptador de protocolo
    ns secondary err code: 0
    nt main err code: 530
    TNS-00530: Erro do adaptador de protocolo
    nt secondary err code: 126
    nt OS err code: 0


***********************************************************************
Fatal NI connect error 12545, connecting to:
 (DESCRIPTION=(ADDRESS=(PROTOCOL=TCP)(HOST=CMBD1)(PORT=1521))(CONNECT_DATA=(SID=DES)(CID=(PROGRAM=C:\Arquivos de programas\Borland\Delphi5\Bin\delphi32.exe)(HOST=DESENV0081)(USER=desenv0001))))

  VERSION INFORMATION:
	TNS for 32-bit Windows: Version 8.1.7.0.0 - Production
	Windows NT TCP/IP NT Protocol Adapter for 32-bit Windows: Version 8.1.7.0.0 - Production
  Time: 06-SET-2002 17:26:03
  Tracing not turned on.
  Tns error struct:
    nr err code: 0
    ns main err code: 12545
    TNS-12545: A conexão falhou porque o objeto ou host de destino não existe
    ns secondary err code: 12560
    nt main err code: 515
    TNS-00515: A conexão falhou porque o objeto ou host de destino não existe
    nt secondary err code: 1001
    nt OS err code: 0


***********************************************************************
Fatal NI connect error 12560, connecting to:
 (DESCRIPTION=(ADDRESS=(PROTOCOL=BEQ)(PROGRAM=oracle)(ARGV0=oracleORCL)(ARGS='(DESCRIPTION=(LOCAL=YES)(ADDRESS=(PROTOCOL=beq)))'))(CONNECT_DATA=(SID=ORCL)(CID=(PROGRAM=C:\Arquivos de programas\Borland\Delphi5\Bin\delphi32.exe)(HOST=DESENV0081)(USER=desenv0001))))

  VERSION INFORMATION:
	TNS for 32-bit Windows: Version 8.1.7.0.0 - Production
	Oracle Bequeath NT Protocol Adapter for 32-bit Windows: Version 8.1.7.0.0 - Production
  Time: 06-SET-2002 17:26:03
  Tracing not turned on.
  Tns error struct:
    nr err code: 0
    ns main err code: 12560
    TNS-12560: TNS:erro de adaptador de protocolo
    ns secondary err code: 0
    nt main err code: 530
    TNS-00530: Erro do adaptador de protocolo
    nt secondary err code: 126
    nt OS err code: 0


***********************************************************************
Fatal NI connect error 12545, connecting to:
 (DESCRIPTION=(ADDRESS=(PROTOCOL=TCP)(HOST=CMBD1)(PORT=1521))(CONNECT_DATA=(SID=DES)(CID=(PROGRAM=C:\Arquivos de programas\Borland\Delphi5\Bin\delphi32.exe)(HOST=DESENV0081)(USER=desenv0001))))

  VERSION INFORMATION:
	TNS for 32-bit Windows: Version 8.1.7.0.0 - Production
	Windows NT TCP/IP NT Protocol Adapter for 32-bit Windows: Version 8.1.7.0.0 - Production
  Time: 06-SET-2002 17:26:05
  Tracing not turned on.
  Tns error struct:
    nr err code: 0
    ns main err code: 12545
    TNS-12545: A conexão falhou porque o objeto ou host de destino não existe
    ns secondary err code: 12560
    nt main err code: 515
    TNS-00515: A conexão falhou porque o objeto ou host de destino não existe
    nt secondary err code: 1001
    nt OS err code: 0


***********************************************************************
Fatal NI connect error 12560, connecting to:
 (DESCRIPTION=(ADDRESS=(PROTOCOL=BEQ)(PROGRAM=oracle)(ARGV0=oracleORCL)(ARGS='(DESCRIPTION=(LOCAL=YES)(ADDRESS=(PROTOCOL=beq)))'))(CONNECT_DATA=(SID=ORCL)(CID=(PROGRAM=C:\Arquivos de programas\Borland\Delphi5\Bin\delphi32.exe)(HOST=DESENV0081)(USER=desenv0001))))

  VERSION INFORMATION:
	TNS for 32-bit Windows: Version 8.1.7.0.0 - Production
	Oracle Bequeath NT Protocol Adapter for 32-bit Windows: Version 8.1.7.0.0 - Production
  Time: 06-SET-2002 17:26:05
  Tracing not turned on.
  Tns error struct:
    nr err code: 0
    ns main err code: 12560
    TNS-12560: TNS:erro de adaptador de protocolo
    ns secondary err code: 0
    nt main err code: 530
    TNS-00530: Erro do adaptador de protocolo
    nt secondary err code: 126
    nt OS err code: 0


***********************************************************************
Fatal NI connect error 12545, connecting to:
 (DESCRIPTION=(ADDRESS=(PROTOCOL=TCP)(HOST=CMBD1)(PORT=1521))(CONNECT_DATA=(SID=DES)(CID=(PROGRAM=C:\Arquivos de programas\Borland\Delphi5\Bin\delphi32.exe)(HOST=DESENV0081)(USER=desenv0001))))

  VERSION INFORMATION:
	TNS for 32-bit Windows: Version 8.1.7.0.0 - Production
	Windows NT TCP/IP NT Protocol Adapter for 32-bit Windows: Version 8.1.7.0.0 - Production
  Time: 06-SET-2002 17:26:08
  Tracing not turned on.
  Tns error struct:
    nr err code: 0
    ns main err code: 12545
    TNS-12545: A conexão falhou porque o objeto ou host de destino não existe
    ns secondary err code: 12560
    nt main err code: 515
    TNS-00515: A conexão falhou porque o objeto ou host de destino não existe
    nt secondary err code: 1001
    nt OS err code: 0


***********************************************************************
Fatal NI connect error 12560, connecting to:
 (DESCRIPTION=(ADDRESS=(PROTOCOL=BEQ)(PROGRAM=oracle)(ARGV0=oracleORCL)(ARGS='(DESCRIPTION=(LOCAL=YES)(ADDRESS=(PROTOCOL=beq)))'))(CONNECT_DATA=(SID=ORCL)(CID=(PROGRAM=C:\Arquivos de programas\Borland\Delphi5\Bin\delphi32.exe)(HOST=DESENV0081)(USER=desenv0001))))

  VERSION INFORMATION:
	TNS for 32-bit Windows: Version 8.1.7.0.0 - Production
	Oracle Bequeath NT Protocol Adapter for 32-bit Windows: Version 8.1.7.0.0 - Production
  Time: 06-SET-2002 17:26:08
  Tracing not turned on.
  Tns error struct:
    nr err code: 0
    ns main err code: 12560
    TNS-12560: TNS:erro de adaptador de protocolo
    ns secondary err code: 0
    nt main err code: 530
    TNS-00530: Erro do adaptador de protocolo
    nt secondary err code: 126
    nt OS err code: 0


***********************************************************************
Fatal NI connect error 12545, connecting to:
 (DESCRIPTION=(ADDRESS=(PROTOCOL=TCP)(HOST=CMBD1)(PORT=1521))(CONNECT_DATA=(SID=DES)(CID=(PROGRAM=C:\Arquivos de programas\Borland\Delphi5\Bin\delphi32.exe)(HOST=DESENV0081)(USER=desenv0001))))

  VERSION INFORMATION:
	TNS for 32-bit Windows: Version 8.1.7.0.0 - Production
	Windows NT TCP/IP NT Protocol Adapter for 32-bit Windows: Version 8.1.7.0.0 - Production
  Time: 06-SET-2002 17:26:10
  Tracing not turned on.
  Tns error struct:
    nr err code: 0
    ns main err code: 12545
    TNS-12545: A conexão falhou porque o objeto ou host de destino não existe
    ns secondary err code: 12560
    nt main err code: 515
    TNS-00515: A conexão falhou porque o objeto ou host de destino não existe
    nt secondary err code: 1001
    nt OS err code: 0


***********************************************************************
Fatal NI connect error 12560, connecting to:
 (DESCRIPTION=(ADDRESS=(PROTOCOL=BEQ)(PROGRAM=oracle)(ARGV0=oracleORCL)(ARGS='(DESCRIPTION=(LOCAL=YES)(ADDRESS=(PROTOCOL=beq)))'))(CONNECT_DATA=(SID=ORCL)(CID=(PROGRAM=C:\Arquivos de programas\Borland\Delphi5\Bin\delphi32.exe)(HOST=DESENV0081)(USER=desenv0001))))

  VERSION INFORMATION:
	TNS for 32-bit Windows: Version 8.1.7.0.0 - Production
	Oracle Bequeath NT Protocol Adapter for 32-bit Windows: Version 8.1.7.0.0 - Production
  Time: 06-SET-2002 17:26:10
  Tracing not turned on.
  Tns error struct:
    nr err code: 0
    ns main err code: 12560
    TNS-12560: TNS:erro de adaptador de protocolo
    ns secondary err code: 0
    nt main err code: 530
    TNS-00530: Erro do adaptador de protocolo
    nt secondary err code: 126
    nt OS err code: 0


***********************************************************************
Fatal NI connect error 12545, connecting to:
 (DESCRIPTION=(ADDRESS=(PROTOCOL=TCP)(HOST=CMBD1)(PORT=1521))(CONNECT_DATA=(SID=DES)(CID=(PROGRAM=C:\Arquivos de programas\Borland\Delphi5\Bin\delphi32.exe)(HOST=DESENV0081)(USER=desenv0001))))

  VERSION INFORMATION:
	TNS for 32-bit Windows: Version 8.1.7.0.0 - Production
	Windows NT TCP/IP NT Protocol Adapter for 32-bit Windows: Version 8.1.7.0.0 - Production
  Time: 06-SET-2002 17:26:13
  Tracing not turned on.
  Tns error struct:
    nr err code: 0
    ns main err code: 12545
    TNS-12545: A conexão falhou porque o objeto ou host de destino não existe
    ns secondary err code: 12560
    nt main err code: 515
    TNS-00515: A conexão falhou porque o objeto ou host de destino não existe
    nt secondary err code: 1001
    nt OS err code: 0


***********************************************************************
Fatal NI connect error 12560, connecting to:
 (DESCRIPTION=(ADDRESS=(PROTOCOL=BEQ)(PROGRAM=oracle)(ARGV0=oracleORCL)(ARGS='(DESCRIPTION=(LOCAL=YES)(ADDRESS=(PROTOCOL=beq)))'))(CONNECT_DATA=(SID=ORCL)(CID=(PROGRAM=C:\Arquivos de programas\Borland\Delphi5\Bin\delphi32.exe)(HOST=DESENV0081)(USER=desenv0001))))

  VERSION INFORMATION:
	TNS for 32-bit Windows: Version 8.1.7.0.0 - Production
	Oracle Bequeath NT Protocol Adapter for 32-bit Windows: Version 8.1.7.0.0 - Production
  Time: 06-SET-2002 17:26:13
  Tracing not turned on.
  Tns error struct:
    nr err code: 0
    ns main err code: 12560
    TNS-12560: TNS:erro de adaptador de protocolo
    ns secondary err code: 0
    nt main err code: 530
    TNS-00530: Erro do adaptador de protocolo
    nt secondary err code: 126
    nt OS err code: 0


***********************************************************************
Fatal NI connect error 12545, connecting to:
 (DESCRIPTION=(ADDRESS=(PROTOCOL=TCP)(HOST=CMBD1)(PORT=1521))(CONNECT_DATA=(SID=DES)(CID=(PROGRAM=C:\Arquivos de programas\Borland\Delphi5\Bin\delphi32.exe)(HOST=DESENV0081)(USER=desenv0001))))

  VERSION INFORMATION:
	TNS for 32-bit Windows: Version 8.1.7.0.0 - Production
	Windows NT TCP/IP NT Protocol Adapter for 32-bit Windows: Version 8.1.7.0.0 - Production
  Time: 06-SET-2002 17:26:15
  Tracing not turned on.
  Tns error struct:
    nr err code: 0
    ns main err code: 12545
    TNS-12545: A conexão falhou porque o objeto ou host de destino não existe
    ns secondary err code: 12560
    nt main err code: 515
    TNS-00515: A conexão falhou porque o objeto ou host de destino não existe
    nt secondary err code: 1001
    nt OS err code: 0


***********************************************************************
Fatal NI connect error 12560, connecting to:
 (DESCRIPTION=(ADDRESS=(PROTOCOL=BEQ)(PROGRAM=oracle)(ARGV0=oracleORCL)(ARGS='(DESCRIPTION=(LOCAL=YES)(ADDRESS=(PROTOCOL=beq)))'))(CONNECT_DATA=(SID=ORCL)(CID=(PROGRAM=C:\Arquivos de programas\Borland\Delphi5\Bin\delphi32.exe)(HOST=DESENV0081)(USER=desenv0001))))

  VERSION INFORMATION:
	TNS for 32-bit Windows: Version 8.1.7.0.0 - Production
	Oracle Bequeath NT Protocol Adapter for 32-bit Windows: Version 8.1.7.0.0 - Production
  Time: 06-SET-2002 17:26:15
  Tracing not turned on.
  Tns error struct:
    nr err code: 0
    ns main err code: 12560
    TNS-12560: TNS:erro de adaptador de protocolo
    ns secondary err code: 0
    nt main err code: 530
    TNS-00530: Erro do adaptador de protocolo
    nt secondary err code: 126
    nt OS err code: 0


***********************************************************************
Fatal NI connect error 12545, connecting to:
 (DESCRIPTION=(ADDRESS=(PROTOCOL=TCP)(HOST=CMBD1)(PORT=1521))(CONNECT_DATA=(SID=DES)(CID=(PROGRAM=C:\Arquivos de programas\Borland\Delphi5\Bin\delphi32.exe)(HOST=DESENV0081)(USER=desenv0001))))

  VERSION INFORMATION:
	TNS for 32-bit Windows: Version 8.1.7.0.0 - Production
	Windows NT TCP/IP NT Protocol Adapter for 32-bit Windows: Version 8.1.7.0.0 - Production
  Time: 06-SET-2002 17:54:08
  Tracing not turned on.
  Tns error struct:
    nr err code: 0
    ns main err code: 12545
    TNS-12545: A conexão falhou porque o objeto ou host de destino não existe
    ns secondary err code: 12560
    nt main err code: 515
    TNS-00515: A conexão falhou porque o objeto ou host de destino não existe
    nt secondary err code: 1001
    nt OS err code: 0


***********************************************************************
Fatal NI connect error 12560, connecting to:
 (DESCRIPTION=(ADDRESS=(PROTOCOL=BEQ)(PROGRAM=oracle)(ARGV0=oracleORCL)(ARGS='(DESCRIPTION=(LOCAL=YES)(ADDRESS=(PROTOCOL=beq)))'))(CONNECT_DATA=(SID=ORCL)(CID=(PROGRAM=C:\Arquivos de programas\Borland\Delphi5\Bin\delphi32.exe)(HOST=DESENV0081)(USER=desenv0001))))

  VERSION INFORMATION:
	TNS for 32-bit Windows: Version 8.1.7.0.0 - Production
	Oracle Bequeath NT Protocol Adapter for 32-bit Windows: Version 8.1.7.0.0 - Production
  Time: 06-SET-2002 17:54:08
  Tracing not turned on.
  Tns error struct:
    nr err code: 0
    ns main err code: 12560
    TNS-12560: TNS:erro de adaptador de protocolo
    ns secondary err code: 0
    nt main err code: 530
    TNS-00530: Erro do adaptador de protocolo
    nt secondary err code: 126
    nt OS err code: 0


***********************************************************************
Fatal NI connect error 12545, connecting to:
 (DESCRIPTION=(ADDRESS=(PROTOCOL=TCP)(HOST=CMBD1)(PORT=1521))(CONNECT_DATA=(SID=DES)(CID=(PROGRAM=C:\Arquivos de programas\Borland\Delphi5\Bin\delphi32.exe)(HOST=DESENV0081)(USER=desenv0001))))

  VERSION INFORMATION:
	TNS for 32-bit Windows: Version 8.1.7.0.0 - Production
	Windows NT TCP/IP NT Protocol Adapter for 32-bit Windows: Version 8.1.7.0.0 - Production
  Time: 06-SET-2002 17:54:16
  Tracing not turned on.
  Tns error struct:
    nr err code: 0
    ns main err code: 12545
    TNS-12545: A conexão falhou porque o objeto ou host de destino não existe
    ns secondary err code: 12560
    nt main err code: 515
    TNS-00515: A conexão falhou porque o objeto ou host de destino não existe
    nt secondary err code: 1001
    nt OS err code: 0


***********************************************************************
Fatal NI connect error 12560, connecting to:
 (DESCRIPTION=(ADDRESS=(PROTOCOL=BEQ)(PROGRAM=oracle)(ARGV0=oracleORCL)(ARGS='(DESCRIPTION=(LOCAL=YES)(ADDRESS=(PROTOCOL=beq)))'))(CONNECT_DATA=(SID=ORCL)(CID=(PROGRAM=C:\Arquivos de programas\Borland\Delphi5\Bin\delphi32.exe)(HOST=DESENV0081)(USER=desenv0001))))

  VERSION INFORMATION:
	TNS for 32-bit Windows: Version 8.1.7.0.0 - Production
	Oracle Bequeath NT Protocol Adapter for 32-bit Windows: Version 8.1.7.0.0 - Production
  Time: 06-SET-2002 17:54:16
  Tracing not turned on.
  Tns error struct:
    nr err code: 0
    ns main err code: 12560
    TNS-12560: TNS:erro de adaptador de protocolo
    ns secondary err code: 0
    nt main err code: 530
    TNS-00530: Erro do adaptador de protocolo
    nt secondary err code: 126
    nt OS err code: 0


***********************************************************************
Fatal NI connect error 12545, connecting to:
 (DESCRIPTION=(ADDRESS=(PROTOCOL=TCP)(HOST=CMBD1)(PORT=1521))(CONNECT_DATA=(SID=DES)(CID=(PROGRAM=C:\Arquivos de programas\Borland\Delphi5\Bin\delphi32.exe)(HOST=DESENV0081)(USER=desenv0001))))

  VERSION INFORMATION:
	TNS for 32-bit Windows: Version 8.1.7.0.0 - Production
	Windows NT TCP/IP NT Protocol Adapter for 32-bit Windows: Version 8.1.7.0.0 - Production
  Time: 06-SET-2002 17:54:32
  Tracing not turned on.
  Tns error struct:
    nr err code: 0
    ns main err code: 12545
    TNS-12545: A conexão falhou porque o objeto ou host de destino não existe
    ns secondary err code: 12560
    nt main err code: 515
    TNS-00515: A conexão falhou porque o objeto ou host de destino não existe
    nt secondary err code: 1001
    nt OS err code: 0


***********************************************************************
Fatal NI connect error 12560, connecting to:
 (DESCRIPTION=(ADDRESS=(PROTOCOL=BEQ)(PROGRAM=oracle)(ARGV0=oracleORCL)(ARGS='(DESCRIPTION=(LOCAL=YES)(ADDRESS=(PROTOCOL=beq)))'))(CONNECT_DATA=(SID=ORCL)(CID=(PROGRAM=C:\Arquivos de programas\Borland\Delphi5\Bin\delphi32.exe)(HOST=DESENV0081)(USER=desenv0001))))

  VERSION INFORMATION:
	TNS for 32-bit Windows: Version 8.1.7.0.0 - Production
	Oracle Bequeath NT Protocol Adapter for 32-bit Windows: Version 8.1.7.0.0 - Production
  Time: 06-SET-2002 17:54:32
  Tracing not turned on.
  Tns error struct:
    nr err code: 0
    ns main err code: 12560
    TNS-12560: TNS:erro de adaptador de protocolo
    ns secondary err code: 0
    nt main err code: 530
    TNS-00530: Erro do adaptador de protocolo
    nt secondary err code: 126
    nt OS err code: 0


***********************************************************************
Fatal NI connect error 12545, connecting to:
 (DESCRIPTION=(ADDRESS=(PROTOCOL=TCP)(HOST=CMBD1)(PORT=1521))(CONNECT_DATA=(SID=DES)(CID=(PROGRAM=C:\Arquivos de programas\Borland\Delphi5\Bin\delphi32.exe)(HOST=DESENV0081)(USER=desenv0001))))

  VERSION INFORMATION:
	TNS for 32-bit Windows: Version 8.1.7.0.0 - Production
	Windows NT TCP/IP NT Protocol Adapter for 32-bit Windows: Version 8.1.7.0.0 - Production
  Time: 06-SET-2002 17:54:47
  Tracing not turned on.
  Tns error struct:
    nr err code: 0
    ns main err code: 12545
    TNS-12545: A conexão falhou porque o objeto ou host de destino não existe
    ns secondary err code: 12560
    nt main err code: 515
    TNS-00515: A conexão falhou porque o objeto ou host de destino não existe
    nt secondary err code: 1001
    nt OS err code: 0


***********************************************************************
Fatal NI connect error 12560, connecting to:
 (DESCRIPTION=(ADDRESS=(PROTOCOL=BEQ)(PROGRAM=oracle)(ARGV0=oracleORCL)(ARGS='(DESCRIPTION=(LOCAL=YES)(ADDRESS=(PROTOCOL=beq)))'))(CONNECT_DATA=(SID=ORCL)(CID=(PROGRAM=C:\Arquivos de programas\Borland\Delphi5\Bin\delphi32.exe)(HOST=DESENV0081)(USER=desenv0001))))

  VERSION INFORMATION:
	TNS for 32-bit Windows: Version 8.1.7.0.0 - Production
	Oracle Bequeath NT Protocol Adapter for 32-bit Windows: Version 8.1.7.0.0 - Production
  Time: 06-SET-2002 17:54:47
  Tracing not turned on.
  Tns error struct:
    nr err code: 0
    ns main err code: 12560
    TNS-12560: TNS:erro de adaptador de protocolo
    ns secondary err code: 0
    nt main err code: 530
    TNS-00530: Erro do adaptador de protocolo
    nt secondary err code: 126
    nt OS err code: 0


***********************************************************************
Fatal NI connect error 12545, connecting to:
 (DESCRIPTION=(ADDRESS=(PROTOCOL=TCP)(HOST=CMBD1)(PORT=1521))(CONNECT_DATA=(SID=DES)(CID=(PROGRAM=C:\Arquivos de programas\Borland\Delphi5\Bin\delphi32.exe)(HOST=DESENV0081)(USER=desenv0001))))

  VERSION INFORMATION:
	TNS for 32-bit Windows: Version 8.1.7.0.0 - Production
	Windows NT TCP/IP NT Protocol Adapter for 32-bit Windows: Version 8.1.7.0.0 - Production
  Time: 06-SET-2002 17:54:59
  Tracing not turned on.
  Tns error struct:
    nr err code: 0
    ns main err code: 12545
    TNS-12545: A conexão falhou porque o objeto ou host de destino não existe
    ns secondary err code: 12560
    nt main err code: 515
    TNS-00515: A conexão falhou porque o objeto ou host de destino não existe
    nt secondary err code: 1001
    nt OS err code: 0


***********************************************************************
Fatal NI connect error 12560, connecting to:
 (DESCRIPTION=(ADDRESS=(PROTOCOL=BEQ)(PROGRAM=oracle)(ARGV0=oracleORCL)(ARGS='(DESCRIPTION=(LOCAL=YES)(ADDRESS=(PROTOCOL=beq)))'))(CONNECT_DATA=(SID=ORCL)(CID=(PROGRAM=C:\Arquivos de programas\Borland\Delphi5\Bin\delphi32.exe)(HOST=DESENV0081)(USER=desenv0001))))

  VERSION INFORMATION:
	TNS for 32-bit Windows: Version 8.1.7.0.0 - Production
	Oracle Bequeath NT Protocol Adapter for 32-bit Windows: Version 8.1.7.0.0 - Production
  Time: 06-SET-2002 17:54:59
  Tracing not turned on.
  Tns error struct:
    nr err code: 0
    ns main err code: 12560
    TNS-12560: TNS:erro de adaptador de protocolo
    ns secondary err code: 0
    nt main err code: 530
    TNS-00530: Erro do adaptador de protocolo
    nt secondary err code: 126
    nt OS err code: 0


***********************************************************************
Fatal NI connect error 12560, connecting to:
 (DESCRIPTION=(ADDRESS=(PROTOCOL=BEQ)(PROGRAM=oracle)(ARGV0=oracleORCL)(ARGS='(DESCRIPTION=(LOCAL=YES)(ADDRESS=(PROTOCOL=beq)))'))(CONNECT_DATA=(SID=ORCL)(CID=(PROGRAM=C:\Arquivos de programas\Borland\Delphi5\Bin\delphi32.exe)(HOST=DESENV0081)(USER=desenv0001))))

  VERSION INFORMATION:
	TNS for 32-bit Windows: Version 8.1.7.0.0 - Production
	Oracle Bequeath NT Protocol Adapter for 32-bit Windows: Version 8.1.7.0.0 - Production
  Time: 10-SET-2002 09:06:37
  Tracing not turned on.
  Tns error struct:
    nr err code: 0
    ns main err code: 12560
    TNS-12560: TNS:erro de adaptador de protocolo
    ns secondary err code: 0
    nt main err code: 530
    TNS-00530: Erro do adaptador de protocolo
    nt secondary err code: 126
    nt OS err code: 0


***********************************************************************
Fatal NI connect error 12560, connecting to:
 (DESCRIPTION=(ADDRESS=(PROTOCOL=BEQ)(PROGRAM=oracle)(ARGV0=oracleORCL)(ARGS='(DESCRIPTION=(LOCAL=YES)(ADDRESS=(PROTOCOL=beq)))'))(CONNECT_DATA=(SID=ORCL)(CID=(PROGRAM=C:\Arquivos de programas\Borland\Delphi5\Bin\delphi32.exe)(HOST=DESENV0081)(USER=desenv0001))))

  VERSION INFORMATION:
	TNS for 32-bit Windows: Version 8.1.7.0.0 - Production
	Oracle Bequeath NT Protocol Adapter for 32-bit Windows: Version 8.1.7.0.0 - Production
  Time: 10-SET-2002 09:06:56
  Tracing not turned on.
  Tns error struct:
    nr err code: 0
    ns main err code: 12560
    TNS-12560: TNS:erro de adaptador de protocolo
    ns secondary err code: 0
    nt main err code: 530
    TNS-00530: Erro do adaptador de protocolo
    nt secondary err code: 126
    nt OS err code: 0


***********************************************************************
Fatal NI connect error 12560, connecting to:
 (DESCRIPTION=(ADDRESS=(PROTOCOL=BEQ)(PROGRAM=oracle)(ARGV0=oracleORCL)(ARGS='(DESCRIPTION=(LOCAL=YES)(ADDRESS=(PROTOCOL=beq)))'))(CONNECT_DATA=(SID=ORCL)(CID=(PROGRAM=C:\Arquivos de programas\Borland\Delphi5\Bin\delphi32.exe)(HOST=DESENV0081)(USER=desenv0001))))

  VERSION INFORMATION:
	TNS for 32-bit Windows: Version 8.1.7.0.0 - Production
	Oracle Bequeath NT Protocol Adapter for 32-bit Windows: Version 8.1.7.0.0 - Production
  Time: 10-SET-2002 09:06:56
  Tracing not turned on.
  Tns error struct:
    nr err code: 0
    ns main err code: 12560
    TNS-12560: TNS:erro de adaptador de protocolo
    ns secondary err code: 0
    nt main err code: 530
    TNS-00530: Erro do adaptador de protocolo
    nt secondary err code: 126
    nt OS err code: 0


***********************************************************************
Fatal NI connect error 12545, connecting to:
 (DESCRIPTION=(ADDRESS=(PROTOCOL=TCP)(HOST=CMBD1)(PORT=1521))(CONNECT_DATA=(SID=DES)(CID=(PROGRAM=C:\Arquivos de programas\Borland\Delphi5\Bin\delphi32.exe)(HOST=DESENV0081)(USER=desenv0001))))

  VERSION INFORMATION:
	TNS for 32-bit Windows: Version 8.1.7.0.0 - Production
	Windows NT TCP/IP NT Protocol Adapter for 32-bit Windows: Version 8.1.7.0.0 - Production
  Time: 10-SET-2002 14:16:55
  Tracing not turned on.
  Tns error struct:
    nr err code: 0
    ns main err code: 12545
    TNS-12545: A conexão falhou porque o objeto ou host de destino não existe
    ns secondary err code: 12560
    nt main err code: 515
    TNS-00515: A conexão falhou porque o objeto ou host de destino não existe
    nt secondary err code: 1001
    nt OS err code: 0


***********************************************************************
Fatal NI connect error 12560, connecting to:
 (DESCRIPTION=(ADDRESS=(PROTOCOL=BEQ)(PROGRAM=oracle)(ARGV0=oracleORCL)(ARGS='(DESCRIPTION=(LOCAL=YES)(ADDRESS=(PROTOCOL=beq)))'))(CONNECT_DATA=(SID=ORCL)(CID=(PROGRAM=C:\Arquivos de programas\Borland\Delphi5\Bin\delphi32.exe)(HOST=DESENV0081)(USER=desenv0001))))

  VERSION INFORMATION:
	TNS for 32-bit Windows: Version 8.1.7.0.0 - Production
	Oracle Bequeath NT Protocol Adapter for 32-bit Windows: Version 8.1.7.0.0 - Production
  Time: 10-SET-2002 14:16:55
  Tracing not turned on.
  Tns error struct:
    nr err code: 0
    ns main err code: 12560
    TNS-12560: TNS:erro de adaptador de protocolo
    ns secondary err code: 0
    nt main err code: 530
    TNS-00530: Erro do adaptador de protocolo
    nt secondary err code: 126
    nt OS err code: 0


***********************************************************************
Fatal NI connect error 12545, connecting to:
 (DESCRIPTION=(ADDRESS=(PROTOCOL=TCP)(HOST=CMBD1)(PORT=1521))(CONNECT_DATA=(SID=DES)(CID=(PROGRAM=C:\Arquivos de programas\Borland\Delphi5\Bin\delphi32.exe)(HOST=DESENV0081)(USER=desenv0001))))

  VERSION INFORMATION:
	TNS for 32-bit Windows: Version 8.1.7.0.0 - Production
	Windows NT TCP/IP NT Protocol Adapter for 32-bit Windows: Version 8.1.7.0.0 - Production
  Time: 10-SET-2002 14:17:10
  Tracing not turned on.
  Tns error struct:
    nr err code: 0
    ns main err code: 12545
    TNS-12545: A conexão falhou porque o objeto ou host de destino não existe
    ns secondary err code: 12560
    nt main err code: 515
    TNS-00515: A conexão falhou porque o objeto ou host de destino não existe
    nt secondary err code: 1001
    nt OS err code: 0


***********************************************************************
Fatal NI connect error 12560, connecting to:
 (DESCRIPTION=(ADDRESS=(PROTOCOL=BEQ)(PROGRAM=oracle)(ARGV0=oracleORCL)(ARGS='(DESCRIPTION=(LOCAL=YES)(ADDRESS=(PROTOCOL=beq)))'))(CONNECT_DATA=(SID=ORCL)(CID=(PROGRAM=C:\Arquivos de programas\Borland\Delphi5\Bin\delphi32.exe)(HOST=DESENV0081)(USER=desenv0001))))

  VERSION INFORMATION:
	TNS for 32-bit Windows: Version 8.1.7.0.0 - Production
	Oracle Bequeath NT Protocol Adapter for 32-bit Windows: Version 8.1.7.0.0 - Production
  Time: 10-SET-2002 14:17:10
  Tracing not turned on.
  Tns error struct:
    nr err code: 0
    ns main err code: 12560
    TNS-12560: TNS:erro de adaptador de protocolo
    ns secondary err code: 0
    nt main err code: 530
    TNS-00530: Erro do adaptador de protocolo
    nt secondary err code: 126
    nt OS err code: 0


***********************************************************************
Fatal NI connect error 12545, connecting to:
 (DESCRIPTION=(ADDRESS=(PROTOCOL=TCP)(HOST=CMBD1)(PORT=1521))(CONNECT_DATA=(SID=DES)(CID=(PROGRAM=C:\Arquivos de programas\Borland\Delphi5\Bin\delphi32.exe)(HOST=DESENV0081)(USER=desenv0001))))

  VERSION INFORMATION:
	TNS for 32-bit Windows: Version 8.1.7.0.0 - Production
	Windows NT TCP/IP NT Protocol Adapter for 32-bit Windows: Version 8.1.7.0.0 - Production
  Time: 10-SET-2002 14:17:16
  Tracing not turned on.
  Tns error struct:
    nr err code: 0
    ns main err code: 12545
    TNS-12545: A conexão falhou porque o objeto ou host de destino não existe
    ns secondary err code: 12560
    nt main err code: 515
    TNS-00515: A conexão falhou porque o objeto ou host de destino não existe
    nt secondary err code: 1001
    nt OS err code: 0


***********************************************************************
Fatal NI connect error 12560, connecting to:
 (DESCRIPTION=(ADDRESS=(PROTOCOL=BEQ)(PROGRAM=oracle)(ARGV0=oracleORCL)(ARGS='(DESCRIPTION=(LOCAL=YES)(ADDRESS=(PROTOCOL=beq)))'))(CONNECT_DATA=(SID=ORCL)(CID=(PROGRAM=C:\Arquivos de programas\Borland\Delphi5\Bin\delphi32.exe)(HOST=DESENV0081)(USER=desenv0001))))

  VERSION INFORMATION:
	TNS for 32-bit Windows: Version 8.1.7.0.0 - Production
	Oracle Bequeath NT Protocol Adapter for 32-bit Windows: Version 8.1.7.0.0 - Production
  Time: 10-SET-2002 14:17:16
  Tracing not turned on.
  Tns error struct:
    nr err code: 0
    ns main err code: 12560
    TNS-12560: TNS:erro de adaptador de protocolo
    ns secondary err code: 0
    nt main err code: 530
    TNS-00530: Erro do adaptador de protocolo
    nt secondary err code: 126
    nt OS err code: 0


***********************************************************************
Fatal NI connect error 12545, connecting to:
 (DESCRIPTION=(ADDRESS=(PROTOCOL=TCP)(HOST=CMBD1)(PORT=1521))(CONNECT_DATA=(SID=DES)(CID=(PROGRAM=C:\Arquivos de programas\Borland\Delphi5\Bin\delphi32.exe)(HOST=DESENV0081)(USER=desenv0001))))

  VERSION INFORMATION:
	TNS for 32-bit Windows: Version 8.1.7.0.0 - Production
	Windows NT TCP/IP NT Protocol Adapter for 32-bit Windows: Version 8.1.7.0.0 - Production
  Time: 11-SET-2002 15:53:19
  Tracing not turned on.
  Tns error struct:
    nr err code: 0
    ns main err code: 12545
    TNS-12545: A conexão falhou porque o objeto ou host de destino não existe
    ns secondary err code: 12560
    nt main err code: 515
    TNS-00515: A conexão falhou porque o objeto ou host de destino não existe
    nt secondary err code: 1001
    nt OS err code: 0


***********************************************************************
Fatal NI connect error 12560, connecting to:
 (DESCRIPTION=(ADDRESS=(PROTOCOL=BEQ)(PROGRAM=oracle)(ARGV0=oracleORCL)(ARGS='(DESCRIPTION=(LOCAL=YES)(ADDRESS=(PROTOCOL=beq)))'))(CONNECT_DATA=(SID=ORCL)(CID=(PROGRAM=C:\Arquivos de programas\Borland\Delphi5\Bin\delphi32.exe)(HOST=DESENV0081)(USER=desenv0001))))

  VERSION INFORMATION:
	TNS for 32-bit Windows: Version 8.1.7.0.0 - Production
	Oracle Bequeath NT Protocol Adapter for 32-bit Windows: Version 8.1.7.0.0 - Production
  Time: 11-SET-2002 15:53:20
  Tracing not turned on.
  Tns error struct:
    nr err code: 0
    ns main err code: 12560
    TNS-12560: TNS:erro de adaptador de protocolo
    ns secondary err code: 0
    nt main err code: 530
    TNS-00530: Erro do adaptador de protocolo
    nt secondary err code: 126
    nt OS err code: 0


***********************************************************************
Fatal NI connect error 12545, connecting to:
 (DESCRIPTION=(ADDRESS=(PROTOCOL=TCP)(HOST=CMBD1)(PORT=1521))(CONNECT_DATA=(SID=DES)(CID=(PROGRAM=C:\Arquivos de programas\Borland\Delphi5\Bin\delphi32.exe)(HOST=DESENV0081)(USER=desenv0001))))

  VERSION INFORMATION:
	TNS for 32-bit Windows: Version 8.1.7.0.0 - Production
	Windows NT TCP/IP NT Protocol Adapter for 32-bit Windows: Version 8.1.7.0.0 - Production
  Time: 12-SET-2002 10:33:09
  Tracing not turned on.
  Tns error struct:
    nr err code: 0
    ns main err code: 12545
    TNS-12545: A conexão falhou porque o objeto ou host de destino não existe
    ns secondary err code: 12560
    nt main err code: 515
    TNS-00515: A conexão falhou porque o objeto ou host de destino não existe
    nt secondary err code: 1001
    nt OS err code: 0


***********************************************************************
Fatal NI connect error 12560, connecting to:
 (DESCRIPTION=(ADDRESS=(PROTOCOL=BEQ)(PROGRAM=oracle)(ARGV0=oracleORCL)(ARGS='(DESCRIPTION=(LOCAL=YES)(ADDRESS=(PROTOCOL=beq)))'))(CONNECT_DATA=(SID=ORCL)(CID=(PROGRAM=C:\Arquivos de programas\Borland\Delphi5\Bin\delphi32.exe)(HOST=DESENV0081)(USER=desenv0001))))

  VERSION INFORMATION:
	TNS for 32-bit Windows: Version 8.1.7.0.0 - Production
	Oracle Bequeath NT Protocol Adapter for 32-bit Windows: Version 8.1.7.0.0 - Production
  Time: 12-SET-2002 10:33:10
  Tracing not turned on.
  Tns error struct:
    nr err code: 0
    ns main err code: 12560
    TNS-12560: TNS:erro de adaptador de protocolo
    ns secondary err code: 0
    nt main err code: 530
    TNS-00530: Erro do adaptador de protocolo
    nt secondary err code: 126
    nt OS err code: 0


***********************************************************************
Fatal NI connect error 12545, connecting to:
 (DESCRIPTION=(ADDRESS=(PROTOCOL=TCP)(HOST=CMBD1)(PORT=1521))(CONNECT_DATA=(SID=DES)(CID=(PROGRAM=C:\Arquivos de programas\Borland\Delphi5\Bin\delphi32.exe)(HOST=DESENV0081)(USER=desenv0001))))

  VERSION INFORMATION:
	TNS for 32-bit Windows: Version 8.1.7.0.0 - Production
	Windows NT TCP/IP NT Protocol Adapter for 32-bit Windows: Version 8.1.7.0.0 - Production
  Time: 12-SET-2002 10:55:20
  Tracing not turned on.
  Tns error struct:
    nr err code: 0
    ns main err code: 12545
    TNS-12545: A conexão falhou porque o objeto ou host de destino não existe
    ns secondary err code: 12560
    nt main err code: 515
    TNS-00515: A conexão falhou porque o objeto ou host de destino não existe
    nt secondary err code: 1001
    nt OS err code: 0


***********************************************************************
Fatal NI connect error 12560, connecting to:
 (DESCRIPTION=(ADDRESS=(PROTOCOL=BEQ)(PROGRAM=oracle)(ARGV0=oracleORCL)(ARGS='(DESCRIPTION=(LOCAL=YES)(ADDRESS=(PROTOCOL=beq)))'))(CONNECT_DATA=(SID=ORCL)(CID=(PROGRAM=C:\Arquivos de programas\Borland\Delphi5\Bin\delphi32.exe)(HOST=DESENV0081)(USER=desenv0001))))

  VERSION INFORMATION:
	TNS for 32-bit Windows: Version 8.1.7.0.0 - Production
	Oracle Bequeath NT Protocol Adapter for 32-bit Windows: Version 8.1.7.0.0 - Production
  Time: 12-SET-2002 10:55:20
  Tracing not turned on.
  Tns error struct:
    nr err code: 0
    ns main err code: 12560
    TNS-12560: TNS:erro de adaptador de protocolo
    ns secondary err code: 0
    nt main err code: 530
    TNS-00530: Erro do adaptador de protocolo
    nt secondary err code: 126
    nt OS err code: 0


***********************************************************************
Fatal NI connect error 12545, connecting to:
 (DESCRIPTION=(ADDRESS=(PROTOCOL=TCP)(HOST=CMBD1)(PORT=1521))(CONNECT_DATA=(SID=DES)(CID=(PROGRAM=C:\Arquivos de programas\Borland\Delphi5\Bin\delphi32.exe)(HOST=DESENV0081)(USER=desenv0001))))

  VERSION INFORMATION:
	TNS for 32-bit Windows: Version 8.1.7.0.0 - Production
	Windows NT TCP/IP NT Protocol Adapter for 32-bit Windows: Version 8.1.7.0.0 - Production
  Time: 12-SET-2002 11:23:05
  Tracing not turned on.
  Tns error struct:
    nr err code: 0
    ns main err code: 12545
    TNS-12545: A conexão falhou porque o objeto ou host de destino não existe
    ns secondary err code: 12560
    nt main err code: 515
    TNS-00515: A conexão falhou porque o objeto ou host de destino não existe
    nt secondary err code: 1001
    nt OS err code: 0


***********************************************************************
Fatal NI connect error 12560, connecting to:
 (DESCRIPTION=(ADDRESS=(PROTOCOL=BEQ)(PROGRAM=oracle)(ARGV0=oracleORCL)(ARGS='(DESCRIPTION=(LOCAL=YES)(ADDRESS=(PROTOCOL=beq)))'))(CONNECT_DATA=(SID=ORCL)(CID=(PROGRAM=C:\Arquivos de programas\Borland\Delphi5\Bin\delphi32.exe)(HOST=DESENV0081)(USER=desenv0001))))

  VERSION INFORMATION:
	TNS for 32-bit Windows: Version 8.1.7.0.0 - Production
	Oracle Bequeath NT Protocol Adapter for 32-bit Windows: Version 8.1.7.0.0 - Production
  Time: 12-SET-2002 11:23:05
  Tracing not turned on.
  Tns error struct:
    nr err code: 0
    ns main err code: 12560
    TNS-12560: TNS:erro de adaptador de protocolo
    ns secondary err code: 0
    nt main err code: 530
    TNS-00530: Erro do adaptador de protocolo
    nt secondary err code: 126
    nt OS err code: 0


***********************************************************************
Fatal NI connect error 12545, connecting to:
 (DESCRIPTION=(ADDRESS=(PROTOCOL=TCP)(HOST=CMBD1)(PORT=1521))(CONNECT_DATA=(SID=DES)(CID=(PROGRAM=C:\Arquivos de programas\Borland\Delphi5\Bin\Delphi32.exe)(HOST=DESENV0081)(USER=desenv0001))))

  VERSION INFORMATION:
	TNS for 32-bit Windows: Version 8.1.7.0.0 - Production
	Windows NT TCP/IP NT Protocol Adapter for 32-bit Windows: Version 8.1.7.0.0 - Production
  Time: 16-SET-2002 15:54:21
  Tracing not turned on.
  Tns error struct:
    nr err code: 0
    ns main err code: 12545
    TNS-12545: A conexão falhou porque o objeto ou host de destino não existe
    ns secondary err code: 12560
    nt main err code: 515
    TNS-00515: A conexão falhou porque o objeto ou host de destino não existe
    nt secondary err code: 1001
    nt OS err code: 0


***********************************************************************
Fatal NI connect error 12560, connecting to:
 (DESCRIPTION=(ADDRESS=(PROTOCOL=BEQ)(PROGRAM=oracle)(ARGV0=oracleORCL)(ARGS='(DESCRIPTION=(LOCAL=YES)(ADDRESS=(PROTOCOL=beq)))'))(CONNECT_DATA=(SID=ORCL)(CID=(PROGRAM=C:\Arquivos de programas\Borland\Delphi5\Bin\Delphi32.exe)(HOST=DESENV0081)(USER=desenv0001))))

  VERSION INFORMATION:
	TNS for 32-bit Windows: Version 8.1.7.0.0 - Production
	Oracle Bequeath NT Protocol Adapter for 32-bit Windows: Version 8.1.7.0.0 - Production
  Time: 16-SET-2002 15:54:22
  Tracing not turned on.
  Tns error struct:
    nr err code: 0
    ns main err code: 12560
    TNS-12560: TNS:erro de adaptador de protocolo
    ns secondary err code: 0
    nt main err code: 530
    TNS-00530: Erro do adaptador de protocolo
    nt secondary err code: 126
    nt OS err code: 0


***********************************************************************
Fatal NI connect error 12545, connecting to:
 (DESCRIPTION=(ADDRESS=(PROTOCOL=TCP)(HOST=CMBD1)(PORT=1521))(CONNECT_DATA=(SID=DES)(CID=(PROGRAM=C:\Arquivos de programas\Borland\Delphi5\Bin\delphi32.exe)(HOST=DESENV0081)(USER=desenv0001))))

  VERSION INFORMATION:
	TNS for 32-bit Windows: Version 8.1.7.0.0 - Production
	Windows NT TCP/IP NT Protocol Adapter for 32-bit Windows: Version 8.1.7.0.0 - Production
  Time: 17-SET-2002 10:29:53
  Tracing not turned on.
  Tns error struct:
    nr err code: 0
    ns main err code: 12545
    TNS-12545: A conexão falhou porque o objeto ou host de destino não existe
    ns secondary err code: 12560
    nt main err code: 515
    TNS-00515: A conexão falhou porque o objeto ou host de destino não existe
    nt secondary err code: 1001
    nt OS err code: 0


***********************************************************************
Fatal NI connect error 12560, connecting to:
 (DESCRIPTION=(ADDRESS=(PROTOCOL=BEQ)(PROGRAM=oracle)(ARGV0=oracleORCL)(ARGS='(DESCRIPTION=(LOCAL=YES)(ADDRESS=(PROTOCOL=beq)))'))(CONNECT_DATA=(SID=ORCL)(CID=(PROGRAM=C:\Arquivos de programas\Borland\Delphi5\Bin\delphi32.exe)(HOST=DESENV0081)(USER=desenv0001))))

  VERSION INFORMATION:
	TNS for 32-bit Windows: Version 8.1.7.0.0 - Production
	Oracle Bequeath NT Protocol Adapter for 32-bit Windows: Version 8.1.7.0.0 - Production
  Time: 17-SET-2002 10:29:53
  Tracing not turned on.
  Tns error struct:
    nr err code: 0
    ns main err code: 12560
    TNS-12560: TNS:erro de adaptador de protocolo
    ns secondary err code: 0
    nt main err code: 530
    TNS-00530: Erro do adaptador de protocolo
    nt secondary err code: 126
    nt OS err code: 0


***********************************************************************
Fatal NI connect error 12545, connecting to:
 (DESCRIPTION=(ADDRESS=(PROTOCOL=TCP)(HOST=CMBD1)(PORT=1521))(CONNECT_DATA=(SID=DES)(CID=(PROGRAM=C:\Arquivos de programas\Borland\Delphi5\Bin\delphi32.exe)(HOST=DESENV0081)(USER=desenv0001))))

  VERSION INFORMATION:
	TNS for 32-bit Windows: Version 8.1.7.0.0 - Production
	Windows NT TCP/IP NT Protocol Adapter for 32-bit Windows: Version 8.1.7.0.0 - Production
  Time: 18-SET-2002 16:39:17
  Tracing not turned on.
  Tns error struct:
    nr err code: 0
    ns main err code: 12545
    TNS-12545: A conexão falhou porque o objeto ou host de destino não existe
    ns secondary err code: 12560
    nt main err code: 515
    TNS-00515: A conexão falhou porque o objeto ou host de destino não existe
    nt secondary err code: 1001
    nt OS err code: 0


***********************************************************************
Fatal NI connect error 12560, connecting to:
 (DESCRIPTION=(ADDRESS=(PROTOCOL=BEQ)(PROGRAM=oracle)(ARGV0=oracleORCL)(ARGS='(DESCRIPTION=(LOCAL=YES)(ADDRESS=(PROTOCOL=beq)))'))(CONNECT_DATA=(SID=ORCL)(CID=(PROGRAM=C:\Arquivos de programas\Borland\Delphi5\Bin\delphi32.exe)(HOST=DESENV0081)(USER=desenv0001))))

  VERSION INFORMATION:
	TNS for 32-bit Windows: Version 8.1.7.0.0 - Production
	Oracle Bequeath NT Protocol Adapter for 32-bit Windows: Version 8.1.7.0.0 - Production
  Time: 18-SET-2002 16:39:17
  Tracing not turned on.
  Tns error struct:
    nr err code: 0
    ns main err code: 12560
    TNS-12560: TNS:erro de adaptador de protocolo
    ns secondary err code: 0
    nt main err code: 530
    TNS-00530: Erro do adaptador de protocolo
    nt secondary err code: 126
    nt OS err code: 0


***********************************************************************
Fatal NI connect error 12545, connecting to:
 (DESCRIPTION=(ADDRESS=(PROTOCOL=TCP)(HOST=CMBD1)(PORT=1521))(CONNECT_DATA=(SID=DES)(CID=(PROGRAM=C:\Arquivos de programas\Borland\Delphi5\Bin\delphi32.exe)(HOST=DESENV0081)(USER=desenv0001))))

  VERSION INFORMATION:
	TNS for 32-bit Windows: Version 8.1.7.0.0 - Production
	Windows NT TCP/IP NT Protocol Adapter for 32-bit Windows: Version 8.1.7.0.0 - Production
  Time: 18-SET-2002 16:39:30
  Tracing not turned on.
  Tns error struct:
    nr err code: 0
    ns main err code: 12545
    TNS-12545: A conexão falhou porque o objeto ou host de destino não existe
    ns secondary err code: 12560
    nt main err code: 515
    TNS-00515: A conexão falhou porque o objeto ou host de destino não existe
    nt secondary err code: 1001
    nt OS err code: 0


***********************************************************************
Fatal NI connect error 12560, connecting to:
 (DESCRIPTION=(ADDRESS=(PROTOCOL=BEQ)(PROGRAM=oracle)(ARGV0=oracleORCL)(ARGS='(DESCRIPTION=(LOCAL=YES)(ADDRESS=(PROTOCOL=beq)))'))(CONNECT_DATA=(SID=ORCL)(CID=(PROGRAM=C:\Arquivos de programas\Borland\Delphi5\Bin\delphi32.exe)(HOST=DESENV0081)(USER=desenv0001))))

  VERSION INFORMATION:
	TNS for 32-bit Windows: Version 8.1.7.0.0 - Production
	Oracle Bequeath NT Protocol Adapter for 32-bit Windows: Version 8.1.7.0.0 - Production
  Time: 18-SET-2002 16:39:30
  Tracing not turned on.
  Tns error struct:
    nr err code: 0
    ns main err code: 12560
    TNS-12560: TNS:erro de adaptador de protocolo
    ns secondary err code: 0
    nt main err code: 530
    TNS-00530: Erro do adaptador de protocolo
    nt secondary err code: 126
    nt OS err code: 0


***********************************************************************
Fatal NI connect error 12545, connecting to:
 (DESCRIPTION=(ADDRESS=(PROTOCOL=TCP)(HOST=CMBD3A)(PORT=1521))(CONNECT_DATA=(SID=FCRT)(CID=(PROGRAM=C:\Arquivos de programas\Borland\Delphi5\Bin\delphi32.exe)(HOST=DESENV0081)(USER=Desenv0001))))

  VERSION INFORMATION:
	TNS for 32-bit Windows: Version 8.1.7.0.0 - Production
	Windows NT TCP/IP NT Protocol Adapter for 32-bit Windows: Version 8.1.7.0.0 - Production
  Time: 19-SET-2002 16:19:38
  Tracing not turned on.
  Tns error struct:
    nr err code: 0
    ns main err code: 12545
    TNS-12545: A conexão falhou porque o objeto ou host de destino não existe
    ns secondary err code: 12560
    nt main err code: 515
    TNS-00515: A conexão falhou porque o objeto ou host de destino não existe
    nt secondary err code: 1001
    nt OS err code: 0


***********************************************************************
Fatal NI connect error 12560, connecting to:
 (DESCRIPTION=(ADDRESS=(PROTOCOL=BEQ)(PROGRAM=oracle)(ARGV0=oracleORCL)(ARGS='(DESCRIPTION=(LOCAL=YES)(ADDRESS=(PROTOCOL=beq)))'))(CONNECT_DATA=(SID=ORCL)(CID=(PROGRAM=C:\Arquivos de programas\Borland\Delphi5\Bin\delphi32.exe)(HOST=DESENV0081)(USER=Desenv0001))))

  VERSION INFORMATION:
	TNS for 32-bit Windows: Version 8.1.7.0.0 - Production
	Oracle Bequeath NT Protocol Adapter for 32-bit Windows: Version 8.1.7.0.0 - Production
  Time: 19-SET-2002 16:19:38
  Tracing not turned on.
  Tns error struct:
    nr err code: 0
    ns main err code: 12560
    TNS-12560: TNS:erro de adaptador de protocolo
    ns secondary err code: 0
    nt main err code: 530
    TNS-00530: Erro do adaptador de protocolo
    nt secondary err code: 126
    nt OS err code: 0


***********************************************************************
Fatal NI connect error 12545, connecting to:
 (DESCRIPTION=(ADDRESS=(PROTOCOL=TCP)(HOST=CMBD1)(PORT=1521))(CONNECT_DATA=(SID=DES)(CID=(PROGRAM=C:\Arquivos de programas\Borland\Delphi5\Bin\Delphi32.exe)(HOST=DESENV0081)(USER=desenv0001))))

  VERSION INFORMATION:
	TNS for 32-bit Windows: Version 8.1.7.0.0 - Production
	Windows NT TCP/IP NT Protocol Adapter for 32-bit Windows: Version 8.1.7.0.0 - Production
  Time: 25-SET-2002 16:37:57
  Tracing not turned on.
  Tns error struct:
    nr err code: 0
    ns main err code: 12545
    TNS-12545: A conexão falhou porque o objeto ou host de destino não existe
    ns secondary err code: 12560
    nt main err code: 515
    TNS-00515: A conexão falhou porque o objeto ou host de destino não existe
    nt secondary err code: 1001
    nt OS err code: 0


***********************************************************************
Fatal NI connect error 12560, connecting to:
 (DESCRIPTION=(ADDRESS=(PROTOCOL=BEQ)(PROGRAM=oracle)(ARGV0=oracleORCL)(ARGS='(DESCRIPTION=(LOCAL=YES)(ADDRESS=(PROTOCOL=beq)))'))(CONNECT_DATA=(SID=ORCL)(CID=(PROGRAM=C:\Arquivos de programas\Borland\Delphi5\Bin\Delphi32.exe)(HOST=DESENV0081)(USER=desenv0001))))

  VERSION INFORMATION:
	TNS for 32-bit Windows: Version 8.1.7.0.0 - Production
	Oracle Bequeath NT Protocol Adapter for 32-bit Windows: Version 8.1.7.0.0 - Production
  Time: 25-SET-2002 16:37:58
  Tracing not turned on.
  Tns error struct:
    nr err code: 0
    ns main err code: 12560
    TNS-12560: TNS:erro de adaptador de protocolo
    ns secondary err code: 0
    nt main err code: 530
    TNS-00530: Erro do adaptador de protocolo
    nt secondary err code: 126
    nt OS err code: 0


***********************************************************************
Fatal NI connect error 12545, connecting to:
 (DESCRIPTION=(ADDRESS=(PROTOCOL=TCP)(HOST=CMBD3A)(PORT=1521))(CONNECT_DATA=(SID=FCRT)(CID=(PROGRAM=C:\Arquivos de programas\Borland\Delphi5\Bin\delphi32.exe)(HOST=DESENV0081)(USER=Desenv0001))))

  VERSION INFORMATION:
	TNS for 32-bit Windows: Version 8.1.7.0.0 - Production
	Windows NT TCP/IP NT Protocol Adapter for 32-bit Windows: Version 8.1.7.0.0 - Production
  Time: 30-SET-2002 15:43:53
  Tracing not turned on.
  Tns error struct:
    nr err code: 0
    ns main err code: 12545
    TNS-12545: A conexão falhou porque o objeto ou host de destino não existe
    ns secondary err code: 12560
    nt main err code: 515
    TNS-00515: A conexão falhou porque o objeto ou host de destino não existe
    nt secondary err code: 1001
    nt OS err code: 0


***********************************************************************
Fatal NI connect error 12560, connecting to:
 (DESCRIPTION=(ADDRESS=(PROTOCOL=BEQ)(PROGRAM=oracle)(ARGV0=oracleORCL)(ARGS='(DESCRIPTION=(LOCAL=YES)(ADDRESS=(PROTOCOL=beq)))'))(CONNECT_DATA=(SID=ORCL)(CID=(PROGRAM=C:\Arquivos de programas\Borland\Delphi5\Bin\delphi32.exe)(HOST=DESENV0081)(USER=Desenv0001))))

  VERSION INFORMATION:
	TNS for 32-bit Windows: Version 8.1.7.0.0 - Production
	Oracle Bequeath NT Protocol Adapter for 32-bit Windows: Version 8.1.7.0.0 - Production
  Time: 30-SET-2002 15:43:53
  Tracing not turned on.
  Tns error struct:
    nr err code: 0
    ns main err code: 12560
    TNS-12560: TNS:erro de adaptador de protocolo
    ns secondary err code: 0
    nt main err code: 530
    TNS-00530: Erro do adaptador de protocolo
    nt secondary err code: 126
    nt OS err code: 0


***********************************************************************
Fatal NI connect error 12560, connecting to:
 (DESCRIPTION=(ADDRESS=(PROTOCOL=BEQ)(PROGRAM=oracle)(ARGV0=oracleORCL)(ARGS='(DESCRIPTION=(LOCAL=YES)(ADDRESS=(PROTOCOL=beq)))'))(CONNECT_DATA=(SID=ORCL)(CID=(PROGRAM=C:\Arquivos de programas\Borland\Delphi5\Bin\delphi32.exe)(HOST=DESENV0081)(USER=desenv0001))))

  VERSION INFORMATION:
	TNS for 32-bit Windows: Version 8.1.7.0.0 - Production
	Oracle Bequeath NT Protocol Adapter for 32-bit Windows: Version 8.1.7.0.0 - Production
  Time: 01-OUT-2002 13:15:49
  Tracing not turned on.
  Tns error struct:
    nr err code: 0
    ns main err code: 12560
    TNS-12560: TNS:erro de adaptador de protocolo
    ns secondary err code: 0
    nt main err code: 530
    TNS-00530: Erro do adaptador de protocolo
    nt secondary err code: 126
    nt OS err code: 0


***********************************************************************
Fatal NI connect error 12560, connecting to:
 (DESCRIPTION=(ADDRESS=(PROTOCOL=BEQ)(PROGRAM=oracle)(ARGV0=oracleORCL)(ARGS='(DESCRIPTION=(LOCAL=YES)(ADDRESS=(PROTOCOL=beq)))'))(CONNECT_DATA=(SID=ORCL)(CID=(PROGRAM=C:\Arquivos de programas\Borland\Delphi5\Bin\delphi32.exe)(HOST=DESENV0081)(USER=desenv0001))))

  VERSION INFORMATION:
	TNS for 32-bit Windows: Version 8.1.7.0.0 - Production
	Oracle Bequeath NT Protocol Adapter for 32-bit Windows: Version 8.1.7.0.0 - Production
  Time: 01-OUT-2002 13:16:01
  Tracing not turned on.
  Tns error struct:
    nr err code: 0
    ns main err code: 12560
    TNS-12560: TNS:erro de adaptador de protocolo
    ns secondary err code: 0
    nt main err code: 530
    TNS-00530: Erro do adaptador de protocolo
    nt secondary err code: 126
    nt OS err code: 0


***********************************************************************
Fatal NI connect error 12560, connecting to:
 (DESCRIPTION=(ADDRESS=(PROTOCOL=BEQ)(PROGRAM=oracle)(ARGV0=oracleORCL)(ARGS='(DESCRIPTION=(LOCAL=YES)(ADDRESS=(PROTOCOL=beq)))'))(CONNECT_DATA=(SID=ORCL)(CID=(PROGRAM=C:\Arquivos de programas\Borland\Delphi5\Bin\delphi32.exe)(HOST=DESENV0081)(USER=desenv0001))))

  VERSION INFORMATION:
	TNS for 32-bit Windows: Version 8.1.7.0.0 - Production
	Oracle Bequeath NT Protocol Adapter for 32-bit Windows: Version 8.1.7.0.0 - Production
  Time: 01-OUT-2002 13:16:01
  Tracing not turned on.
  Tns error struct:
    nr err code: 0
    ns main err code: 12560
    TNS-12560: TNS:erro de adaptador de protocolo
    ns secondary err code: 0
    nt main err code: 530
    TNS-00530: Erro do adaptador de protocolo
    nt secondary err code: 126
    nt OS err code: 0


***********************************************************************
Fatal NI connect error 12535, connecting to:
 (DESCRIPTION=(ADDRESS=(PROTOCOL=TCP)(HOST=CMBD3A)(PORT=1521))(CONNECT_DATA=(SID=FCRT)(CID=(PROGRAM=C:\Arquivos de programas\Borland\Delphi5\Bin\delphi32.exe)(HOST=DESENV0081)(USER=desenv0001))))

  VERSION INFORMATION:
	TNS for 32-bit Windows: Version 8.1.7.0.0 - Production
	Windows NT TCP/IP NT Protocol Adapter for 32-bit Windows: Version 8.1.7.0.0 - Production
  Time: 01-OUT-2002 13:16:22
  Tracing not turned on.
  Tns error struct:
    nr err code: 0
    ns main err code: 12535
    TNS-12535: TNS:timeout da operação
    ns secondary err code: 12560
    nt main err code: 505
    TNS-00505: Operação com tempo de espera
    nt secondary err code: 60
    nt OS err code: 0


***********************************************************************
Fatal NI connect error 12560, connecting to:
 (DESCRIPTION=(ADDRESS=(PROTOCOL=BEQ)(PROGRAM=oracle)(ARGV0=oracleORCL)(ARGS='(DESCRIPTION=(LOCAL=YES)(ADDRESS=(PROTOCOL=beq)))'))(CONNECT_DATA=(SID=ORCL)(CID=(PROGRAM=C:\Arquivos de programas\Borland\Delphi5\Bin\delphi32.exe)(HOST=DESENV0081)(USER=desenv0001))))

  VERSION INFORMATION:
	TNS for 32-bit Windows: Version 8.1.7.0.0 - Production
	Oracle Bequeath NT Protocol Adapter for 32-bit Windows: Version 8.1.7.0.0 - Production
  Time: 01-OUT-2002 13:16:22
  Tracing not turned on.
  Tns error struct:
    nr err code: 0
    ns main err code: 12560
    TNS-12560: TNS:erro de adaptador de protocolo
    ns secondary err code: 0
    nt main err code: 530
    TNS-00530: Erro do adaptador de protocolo
    nt secondary err code: 126
    nt OS err code: 0


***********************************************************************
Fatal NI connect error 12545, connecting to:
 (DESCRIPTION=(ADDRESS=(PROTOCOL=TCP)(HOST=CMBD1)(PORT=1521))(CONNECT_DATA=(SID=DES)(CID=(PROGRAM=C:\Arquivos de programas\Borland\Delphi5\Bin\Delphi32.exe)(HOST=DESENV0081)(USER=desenv0001))))

  VERSION INFORMATION:
	TNS for 32-bit Windows: Version 8.1.7.0.0 - Production
	Windows NT TCP/IP NT Protocol Adapter for 32-bit Windows: Version 8.1.7.0.0 - Production
  Time: 02-OUT-2002 10:04:37
  Tracing not turned on.
  Tns error struct:
    nr err code: 0
    ns main err code: 12545
    TNS-12545: A conexão falhou porque o objeto ou host de destino não existe
    ns secondary err code: 12560
    nt main err code: 515
    TNS-00515: A conexão falhou porque o objeto ou host de destino não existe
    nt secondary err code: 1001
    nt OS err code: 0


***********************************************************************
Fatal NI connect error 12560, connecting to:
 (DESCRIPTION=(ADDRESS=(PROTOCOL=BEQ)(PROGRAM=oracle)(ARGV0=oracleORCL)(ARGS='(DESCRIPTION=(LOCAL=YES)(ADDRESS=(PROTOCOL=beq)))'))(CONNECT_DATA=(SID=ORCL)(CID=(PROGRAM=C:\Arquivos de programas\Borland\Delphi5\Bin\Delphi32.exe)(HOST=DESENV0081)(USER=desenv0001))))

  VERSION INFORMATION:
	TNS for 32-bit Windows: Version 8.1.7.0.0 - Production
	Oracle Bequeath NT Protocol Adapter for 32-bit Windows: Version 8.1.7.0.0 - Production
  Time: 02-OUT-2002 10:04:37
  Tracing not turned on.
  Tns error struct:
    nr err code: 0
    ns main err code: 12560
    TNS-12560: TNS:erro de adaptador de protocolo
    ns secondary err code: 0
    nt main err code: 530
    TNS-00530: Erro do adaptador de protocolo
    nt secondary err code: 126
    nt OS err code: 0


***********************************************************************
Fatal NI connect error 12560, connecting to:
 (DESCRIPTION=(ADDRESS=(PROTOCOL=BEQ)(PROGRAM=oracle)(ARGV0=oracleORCL)(ARGS='(DESCRIPTION=(LOCAL=YES)(ADDRESS=(PROTOCOL=beq)))'))(CONNECT_DATA=(SID=ORCL)(CID=(PROGRAM=C:\Arquivos de programas\Borland\Delphi5\Bin\delphi32.exe)(HOST=DESENV0081)(USER=desenv0001))))

  VERSION INFORMATION:
	TNS for 32-bit Windows: Version 8.1.7.0.0 - Production
	Oracle Bequeath NT Protocol Adapter for 32-bit Windows: Version 8.1.7.0.0 - Production
  Time: 03-OUT-2002 17:56:46
  Tracing not turned on.
  Tns error struct:
    nr err code: 0
    ns main err code: 12560
    TNS-12560: TNS:erro de adaptador de protocolo
    ns secondary err code: 0
    nt main err code: 530
    TNS-00530: Erro do adaptador de protocolo
    nt secondary err code: 126
    nt OS err code: 0


***********************************************************************
Fatal NI connect error 12545, connecting to:
 (DESCRIPTION=(ADDRESS=(PROTOCOL=TCP)(HOST=CMBD1)(PORT=1521))(CONNECT_DATA=(SID=DES)(CID=(PROGRAM=C:\Arquivos de programas\Borland\Delphi5\Bin\delphi32.exe)(HOST=DESENV0081)(USER=desenv0001))))

  VERSION INFORMATION:
	TNS for 32-bit Windows: Version 8.1.7.0.0 - Production
	Windows NT TCP/IP NT Protocol Adapter for 32-bit Windows: Version 8.1.7.0.0 - Production
  Time: 11-OUT-2002 10:41:33
  Tracing not turned on.
  Tns error struct:
    nr err code: 0
    ns main err code: 12545
    TNS-12545: A conexão falhou porque o objeto ou host de destino não existe
    ns secondary err code: 12560
    nt main err code: 515
    TNS-00515: A conexão falhou porque o objeto ou host de destino não existe
    nt secondary err code: 1001
    nt OS err code: 0


***********************************************************************
Fatal NI connect error 12560, connecting to:
 (DESCRIPTION=(ADDRESS=(PROTOCOL=BEQ)(PROGRAM=oracle)(ARGV0=oracleORCL)(ARGS='(DESCRIPTION=(LOCAL=YES)(ADDRESS=(PROTOCOL=beq)))'))(CONNECT_DATA=(SID=ORCL)(CID=(PROGRAM=C:\Arquivos de programas\Borland\Delphi5\Bin\delphi32.exe)(HOST=DESENV0081)(USER=desenv0001))))

  VERSION INFORMATION:
	TNS for 32-bit Windows: Version 8.1.7.0.0 - Production
	Oracle Bequeath NT Protocol Adapter for 32-bit Windows: Version 8.1.7.0.0 - Production
  Time: 11-OUT-2002 10:41:33
  Tracing not turned on.
  Tns error struct:
    nr err code: 0
    ns main err code: 12560
    TNS-12560: TNS:erro de adaptador de protocolo
    ns secondary err code: 0
    nt main err code: 530
    TNS-00530: Erro do adaptador de protocolo
    nt secondary err code: 126
    nt OS err code: 0


***********************************************************************
Fatal NI connect error 12545, connecting to:
 (DESCRIPTION=(ADDRESS=(PROTOCOL=TCP)(HOST=CMBD1)(PORT=1521))(CONNECT_DATA=(SID=DES)(CID=(PROGRAM=C:\Arquivos de programas\Borland\Delphi5\Bin\delphi32.exe)(HOST=DESENV0081)(USER=desenv0001))))

  VERSION INFORMATION:
	TNS for 32-bit Windows: Version 8.1.7.0.0 - Production
	Windows NT TCP/IP NT Protocol Adapter for 32-bit Windows: Version 8.1.7.0.0 - Production
  Time: 11-OUT-2002 14:38:39
  Tracing not turned on.
  Tns error struct:
    nr err code: 0
    ns main err code: 12545
    TNS-12545: A conexão falhou porque o objeto ou host de destino não existe
    ns secondary err code: 12560
    nt main err code: 515
    TNS-00515: A conexão falhou porque o objeto ou host de destino não existe
    nt secondary err code: 1001
    nt OS err code: 0


***********************************************************************
Fatal NI connect error 12560, connecting to:
 (DESCRIPTION=(ADDRESS=(PROTOCOL=BEQ)(PROGRAM=oracle)(ARGV0=oracleORCL)(ARGS='(DESCRIPTION=(LOCAL=YES)(ADDRESS=(PROTOCOL=beq)))'))(CONNECT_DATA=(SID=ORCL)(CID=(PROGRAM=C:\Arquivos de programas\Borland\Delphi5\Bin\delphi32.exe)(HOST=DESENV0081)(USER=desenv0001))))

  VERSION INFORMATION:
	TNS for 32-bit Windows: Version 8.1.7.0.0 - Production
	Oracle Bequeath NT Protocol Adapter for 32-bit Windows: Version 8.1.7.0.0 - Production
  Time: 11-OUT-2002 14:38:40
  Tracing not turned on.
  Tns error struct:
    nr err code: 0
    ns main err code: 12560
    TNS-12560: TNS:erro de adaptador de protocolo
    ns secondary err code: 0
    nt main err code: 530
    TNS-00530: Erro do adaptador de protocolo
    nt secondary err code: 126
    nt OS err code: 0


***********************************************************************
Fatal NI connect error 12545, connecting to:
 (DESCRIPTION=(ADDRESS=(PROTOCOL=TCP)(HOST=CMBD1)(PORT=1521))(CONNECT_DATA=(SID=DES)(CID=(PROGRAM=C:\Arquivos de programas\Borland\Delphi5\Bin\delphi32.exe)(HOST=DESENV0081)(USER=desenv0001))))

  VERSION INFORMATION:
	TNS for 32-bit Windows: Version 8.1.7.0.0 - Production
	Windows NT TCP/IP NT Protocol Adapter for 32-bit Windows: Version 8.1.7.0.0 - Production
  Time: 11-OUT-2002 14:38:55
  Tracing not turned on.
  Tns error struct:
    nr err code: 0
    ns main err code: 12545
    TNS-12545: A conexão falhou porque o objeto ou host de destino não existe
    ns secondary err code: 12560
    nt main err code: 515
    TNS-00515: A conexão falhou porque o objeto ou host de destino não existe
    nt secondary err code: 1001
    nt OS err code: 0


***********************************************************************
Fatal NI connect error 12560, connecting to:
 (DESCRIPTION=(ADDRESS=(PROTOCOL=BEQ)(PROGRAM=oracle)(ARGV0=oracleORCL)(ARGS='(DESCRIPTION=(LOCAL=YES)(ADDRESS=(PROTOCOL=beq)))'))(CONNECT_DATA=(SID=ORCL)(CID=(PROGRAM=C:\Arquivos de programas\Borland\Delphi5\Bin\delphi32.exe)(HOST=DESENV0081)(USER=desenv0001))))

  VERSION INFORMATION:
	TNS for 32-bit Windows: Version 8.1.7.0.0 - Production
	Oracle Bequeath NT Protocol Adapter for 32-bit Windows: Version 8.1.7.0.0 - Production
  Time: 11-OUT-2002 14:38:55
  Tracing not turned on.
  Tns error struct:
    nr err code: 0
    ns main err code: 12560
    TNS-12560: TNS:erro de adaptador de protocolo
    ns secondary err code: 0
    nt main err code: 530
    TNS-00530: Erro do adaptador de protocolo
    nt secondary err code: 126
    nt OS err code: 0


***********************************************************************
Fatal NI connect error 12560, connecting to:
 (DESCRIPTION=(ADDRESS=(PROTOCOL=BEQ)(PROGRAM=oracle)(ARGV0=oracleORCL)(ARGS='(DESCRIPTION=(LOCAL=YES)(ADDRESS=(PROTOCOL=beq)))'))(CONNECT_DATA=(SID=ORCL)(CID=(PROGRAM=C:\Arquivos de programas\Borland\Delphi5\Bin\delphi32.exe)(HOST=DESENV0081)(USER=desenv0001))))

  VERSION INFORMATION:
	TNS for 32-bit Windows: Version 8.1.7.0.0 - Production
	Oracle Bequeath NT Protocol Adapter for 32-bit Windows: Version 8.1.7.0.0 - Production
  Time: 11-OUT-2002 16:01:19
  Tracing not turned on.
  Tns error struct:
    nr err code: 0
    ns main err code: 12560
    TNS-12560: TNS:erro de adaptador de protocolo
    ns secondary err code: 0
    nt main err code: 530
    TNS-00530: Erro do adaptador de protocolo
    nt secondary err code: 126
    nt OS err code: 0


***********************************************************************
Fatal NI connect error 12560, connecting to:
 (DESCRIPTION=(ADDRESS=(PROTOCOL=BEQ)(PROGRAM=oracle)(ARGV0=oracleORCL)(ARGS='(DESCRIPTION=(LOCAL=YES)(ADDRESS=(PROTOCOL=beq)))'))(CONNECT_DATA=(SID=ORCL)(CID=(PROGRAM=C:\Arquivos de programas\Borland\Delphi5\Bin\delphi32.exe)(HOST=DESENV0081)(USER=desenv0001))))

  VERSION INFORMATION:
	TNS for 32-bit Windows: Version 8.1.7.0.0 - Production
	Oracle Bequeath NT Protocol Adapter for 32-bit Windows: Version 8.1.7.0.0 - Production
  Time: 14-OUT-2002 10:23:16
  Tracing not turned on.
  Tns error struct:
    nr err code: 0
    ns main err code: 12560
    TNS-12560: TNS:erro de adaptador de protocolo
    ns secondary err code: 0
    nt main err code: 530
    TNS-00530: Erro do adaptador de protocolo
    nt secondary err code: 126
    nt OS err code: 0


***********************************************************************
Fatal NI connect error 12560, connecting to:
 (DESCRIPTION=(ADDRESS=(PROTOCOL=BEQ)(PROGRAM=oracle)(ARGV0=oracleORCL)(ARGS='(DESCRIPTION=(LOCAL=YES)(ADDRESS=(PROTOCOL=beq)))'))(CONNECT_DATA=(SID=ORCL)(CID=(PROGRAM=C:\Arquivos de programas\Borland\Delphi5\Bin\Delphi32.exe)(HOST=DESENV0081)(USER=Desenv0001))))

  VERSION INFORMATION:
	TNS for 32-bit Windows: Version 8.1.7.0.0 - Production
	Oracle Bequeath NT Protocol Adapter for 32-bit Windows: Version 8.1.7.0.0 - Production
  Time: 14-OUT-2002 15:36:29
  Tracing not turned on.
  Tns error struct:
    nr err code: 0
    ns main err code: 12560
    TNS-12560: TNS:erro de adaptador de protocolo
    ns secondary err code: 0
    nt main err code: 530
    TNS-00530: Erro do adaptador de protocolo
    nt secondary err code: 126
    nt OS err code: 0


***********************************************************************
Fatal NI connect error 12560, connecting to:
 (DESCRIPTION=(ADDRESS=(PROTOCOL=BEQ)(PROGRAM=oracle)(ARGV0=oracleORCL)(ARGS='(DESCRIPTION=(LOCAL=YES)(ADDRESS=(PROTOCOL=beq)))'))(CONNECT_DATA=(SID=ORCL)(CID=(PROGRAM=C:\Arquivos de programas\Borland\Delphi5\Bin\Delphi32.exe)(HOST=DESENV0081)(USER=desenv0001))))

  VERSION INFORMATION:
	TNS for 32-bit Windows: Version 8.1.7.0.0 - Production
	Oracle Bequeath NT Protocol Adapter for 32-bit Windows: Version 8.1.7.0.0 - Production
  Time: 14-OUT-2002 17:36:42
  Tracing not turned on.
  Tns error struct:
    nr err code: 0
    ns main err code: 12560
    TNS-12560: TNS:erro de adaptador de protocolo
    ns secondary err code: 0
    nt main err code: 530
    TNS-00530: Erro do adaptador de protocolo
    nt secondary err code: 126
    nt OS err code: 0


***********************************************************************
Fatal NI connect error 12545, connecting to:
 (DESCRIPTION=(ADDRESS=(PROTOCOL=TCP)(HOST=CMBD1)(PORT=1521))(CONNECT_DATA=(SID=DES)(CID=(PROGRAM=C:\Arquivos de programas\Borland\Delphi5\Bin\delphi32.exe)(HOST=DESENV0081)(USER=desenv0001))))

  VERSION INFORMATION:
	TNS for 32-bit Windows: Version 8.1.7.0.0 - Production
	Windows NT TCP/IP NT Protocol Adapter for 32-bit Windows: Version 8.1.7.0.0 - Production
  Time: 15-OUT-2002 14:45:36
  Tracing not turned on.
  Tns error struct:
    nr err code: 0
    ns main err code: 12545
    TNS-12545: A conexão falhou porque o objeto ou host de destino não existe
    ns secondary err code: 12560
    nt main err code: 515
    TNS-00515: A conexão falhou porque o objeto ou host de destino não existe
    nt secondary err code: 1001
    nt OS err code: 0


***********************************************************************
Fatal NI connect error 12560, connecting to:
 (DESCRIPTION=(ADDRESS=(PROTOCOL=BEQ)(PROGRAM=oracle)(ARGV0=oracleORCL)(ARGS='(DESCRIPTION=(LOCAL=YES)(ADDRESS=(PROTOCOL=beq)))'))(CONNECT_DATA=(SID=ORCL)(CID=(PROGRAM=C:\Arquivos de programas\Borland\Delphi5\Bin\delphi32.exe)(HOST=DESENV0081)(USER=desenv0001))))

  VERSION INFORMATION:
	TNS for 32-bit Windows: Version 8.1.7.0.0 - Production
	Oracle Bequeath NT Protocol Adapter for 32-bit Windows: Version 8.1.7.0.0 - Production
  Time: 15-OUT-2002 14:45:36
  Tracing not turned on.
  Tns error struct:
    nr err code: 0
    ns main err code: 12560
    TNS-12560: TNS:erro de adaptador de protocolo
    ns secondary err code: 0
    nt main err code: 530
    TNS-00530: Erro do adaptador de protocolo
    nt secondary err code: 126
    nt OS err code: 0


***********************************************************************
Fatal NI connect error 12545, connecting to:
 (DESCRIPTION=(ADDRESS=(PROTOCOL=TCP)(HOST=CMBD1)(PORT=1521))(CONNECT_DATA=(SID=DES)(CID=(PROGRAM=C:\Arquivos de programas\Borland\Delphi5\Bin\Delphi32.exe)(HOST=DESENV0081)(USER=desenv0001))))

  VERSION INFORMATION:
	TNS for 32-bit Windows: Version 8.1.7.0.0 - Production
	Windows NT TCP/IP NT Protocol Adapter for 32-bit Windows: Version 8.1.7.0.0 - Production
  Time: 17-OUT-2002 14:43:06
  Tracing not turned on.
  Tns error struct:
    nr err code: 0
    ns main err code: 12545
    TNS-12545: A conexão falhou porque o objeto ou host de destino não existe
    ns secondary err code: 12560
    nt main err code: 515
    TNS-00515: A conexão falhou porque o objeto ou host de destino não existe
    nt secondary err code: 1001
    nt OS err code: 0


***********************************************************************
Fatal NI connect error 12560, connecting to:
 (DESCRIPTION=(ADDRESS=(PROTOCOL=BEQ)(PROGRAM=oracle)(ARGV0=oracleORCL)(ARGS='(DESCRIPTION=(LOCAL=YES)(ADDRESS=(PROTOCOL=beq)))'))(CONNECT_DATA=(SID=ORCL)(CID=(PROGRAM=C:\Arquivos de programas\Borland\Delphi5\Bin\Delphi32.exe)(HOST=DESENV0081)(USER=desenv0001))))

  VERSION INFORMATION:
	TNS for 32-bit Windows: Version 8.1.7.0.0 - Production
	Oracle Bequeath NT Protocol Adapter for 32-bit Windows: Version 8.1.7.0.0 - Production
  Time: 17-OUT-2002 14:43:07
  Tracing not turned on.
  Tns error struct:
    nr err code: 0
    ns main err code: 12560
    TNS-12560: TNS:erro de adaptador de protocolo
    ns secondary err code: 0
    nt main err code: 530
    TNS-00530: Erro do adaptador de protocolo
    nt secondary err code: 126
    nt OS err code: 0


***********************************************************************
Fatal NI connect error 12560, connecting to:
 (DESCRIPTION=(ADDRESS=(PROTOCOL=BEQ)(PROGRAM=oracle)(ARGV0=oracleORCL)(ARGS='(DESCRIPTION=(LOCAL=YES)(ADDRESS=(PROTOCOL=beq)))'))(CONNECT_DATA=(SID=ORCL)(CID=(PROGRAM=C:\Arquivos de programas\Borland\Delphi5\Bin\Delphi32.exe)(HOST=DESENV0081)(USER=desenv0001))))

  VERSION INFORMATION:
	TNS for 32-bit Windows: Version 8.1.7.0.0 - Production
	Oracle Bequeath NT Protocol Adapter for 32-bit Windows: Version 8.1.7.0.0 - Production
  Time: 17-OUT-2002 15:27:42
  Tracing not turned on.
  Tns error struct:
    nr err code: 0
    ns main err code: 12560
    TNS-12560: TNS:erro de adaptador de protocolo
    ns secondary err code: 0
    nt main err code: 530
    TNS-00530: Erro do adaptador de protocolo
    nt secondary err code: 126
    nt OS err code: 0


***********************************************************************
Fatal NI connect error 12560, connecting to:
 (DESCRIPTION=(ADDRESS=(PROTOCOL=BEQ)(PROGRAM=oracle)(ARGV0=oracleORCL)(ARGS='(DESCRIPTION=(LOCAL=YES)(ADDRESS=(PROTOCOL=beq)))'))(CONNECT_DATA=(SID=ORCL)(CID=(PROGRAM=C:\Arquivos de programas\Borland\Delphi5\Bin\delphi32.exe)(HOST=DESENV0081)(USER=desenv0001))))

  VERSION INFORMATION:
	TNS for 32-bit Windows: Version 8.1.7.0.0 - Production
	Oracle Bequeath NT Protocol Adapter for 32-bit Windows: Version 8.1.7.0.0 - Production
  Time: 17-OUT-2002 17:35:24
  Tracing not turned on.
  Tns error struct:
    nr err code: 0
    ns main err code: 12560
    TNS-12560: TNS:erro de adaptador de protocolo
    ns secondary err code: 0
    nt main err code: 530
    TNS-00530: Erro do adaptador de protocolo
    nt secondary err code: 126
    nt OS err code: 0


***********************************************************************
Fatal NI connect error 12560, connecting to:
 (DESCRIPTION=(ADDRESS=(PROTOCOL=BEQ)(PROGRAM=oracle)(ARGV0=oracleORCL)(ARGS='(DESCRIPTION=(LOCAL=YES)(ADDRESS=(PROTOCOL=beq)))'))(CONNECT_DATA=(SID=ORCL)(CID=(PROGRAM=C:\Arquivos de programas\Borland\Delphi5\Bin\delphi32.exe)(HOST=DESENV0081)(USER=desenv0001))))

  VERSION INFORMATION:
	TNS for 32-bit Windows: Version 8.1.7.0.0 - Production
	Oracle Bequeath NT Protocol Adapter for 32-bit Windows: Version 8.1.7.0.0 - Production
  Time: 18-OUT-2002 11:00:31
  Tracing not turned on.
  Tns error struct:
    nr err code: 0
    ns main err code: 12560
    TNS-12560: TNS:erro de adaptador de protocolo
    ns secondary err code: 0
    nt main err code: 530
    TNS-00530: Erro do adaptador de protocolo
    nt secondary err code: 126
    nt OS err code: 0


***********************************************************************
Fatal NI connect error 12560, connecting to:
 (DESCRIPTION=(ADDRESS=(PROTOCOL=BEQ)(PROGRAM=oracle)(ARGV0=oracleORCL)(ARGS='(DESCRIPTION=(LOCAL=YES)(ADDRESS=(PROTOCOL=beq)))'))(CONNECT_DATA=(SID=ORCL)(CID=(PROGRAM=C:\Arquivos de programas\Borland\Delphi5\Bin\delphi32.exe)(HOST=DESENV0081)(USER=desenv0001))))

  VERSION INFORMATION:
	TNS for 32-bit Windows: Version 8.1.7.0.0 - Production
	Oracle Bequeath NT Protocol Adapter for 32-bit Windows: Version 8.1.7.0.0 - Production
  Time: 18-OUT-2002 21:13:20
  Tracing not turned on.
  Tns error struct:
    nr err code: 0
    ns main err code: 12560
    TNS-12560: TNS:erro de adaptador de protocolo
    ns secondary err code: 0
    nt main err code: 530
    TNS-00530: Erro do adaptador de protocolo
    nt secondary err code: 126
    nt OS err code: 0


***********************************************************************
Fatal NI connect error 12560, connecting to:
 (DESCRIPTION=(ADDRESS=(PROTOCOL=BEQ)(PROGRAM=oracle)(ARGV0=oracleORCL)(ARGS='(DESCRIPTION=(LOCAL=YES)(ADDRESS=(PROTOCOL=beq)))'))(CONNECT_DATA=(SID=ORCL)(CID=(PROGRAM=C:\Arquivos de programas\Borland\Delphi5\Bin\delphi32.exe)(HOST=DESENV0081)(USER=desenv0001))))

  VERSION INFORMATION:
	TNS for 32-bit Windows: Version 8.1.7.0.0 - Production
	Oracle Bequeath NT Protocol Adapter for 32-bit Windows: Version 8.1.7.0.0 - Production
  Time: 19-OUT-2002 09:19:41
  Tracing not turned on.
  Tns error struct:
    nr err code: 0
    ns main err code: 12560
    TNS-12560: TNS:erro de adaptador de protocolo
    ns secondary err code: 0
    nt main err code: 530
    TNS-00530: Erro do adaptador de protocolo
    nt secondary err code: 126
    nt OS err code: 0


***********************************************************************
Fatal NI connect error 12560, connecting to:
 (DESCRIPTION=(ADDRESS=(PROTOCOL=BEQ)(PROGRAM=oracle)(ARGV0=oracleORCL)(ARGS='(DESCRIPTION=(LOCAL=YES)(ADDRESS=(PROTOCOL=beq)))'))(CONNECT_DATA=(SID=ORCL)(CID=(PROGRAM=C:\Arquivos de programas\Borland\Delphi5\Bin\Delphi32.exe)(HOST=DESENV0081)(USER=desenv0001))))

  VERSION INFORMATION:
	TNS for 32-bit Windows: Version 8.1.7.0.0 - Production
	Oracle Bequeath NT Protocol Adapter for 32-bit Windows: Version 8.1.7.0.0 - Production
  Time: 19-OUT-2002 11:06:38
  Tracing not turned on.
  Tns error struct:
    nr err code: 0
    ns main err code: 12560
    TNS-12560: TNS:erro de adaptador de protocolo
    ns secondary err code: 0
    nt main err code: 530
    TNS-00530: Erro do adaptador de protocolo
    nt secondary err code: 126
    nt OS err code: 0


***********************************************************************
Fatal NI connect error 12560, connecting to:
 (DESCRIPTION=(ADDRESS=(PROTOCOL=BEQ)(PROGRAM=oracle)(ARGV0=oracleORCL)(ARGS='(DESCRIPTION=(LOCAL=YES)(ADDRESS=(PROTOCOL=beq)))'))(CONNECT_DATA=(SID=ORCL)(CID=(PROGRAM=C:\Arquivos de programas\Borland\Delphi5\Bin\delphi32.exe)(HOST=DESENV0081)(USER=desenv0001))))

  VERSION INFORMATION:
	TNS for 32-bit Windows: Version 8.1.7.0.0 - Production
	Oracle Bequeath NT Protocol Adapter for 32-bit Windows: Version 8.1.7.0.0 - Production
  Time: 19-OUT-2002 12:35:26
  Tracing not turned on.
  Tns error struct:
    nr err code: 0
    ns main err code: 12560
    TNS-12560: TNS:erro de adaptador de protocolo
    ns secondary err code: 0
    nt main err code: 530
    TNS-00530: Erro do adaptador de protocolo
    nt secondary err code: 126
    nt OS err code: 0


***********************************************************************
Fatal NI connect error 12560, connecting to:
 (DESCRIPTION=(ADDRESS=(PROTOCOL=BEQ)(PROGRAM=oracle)(ARGV0=oracleORCL)(ARGS='(DESCRIPTION=(LOCAL=YES)(ADDRESS=(PROTOCOL=beq)))'))(CONNECT_DATA=(SID=ORCL)(CID=(PROGRAM=C:\Arquivos de programas\Borland\Delphi5\Bin\delphi32.exe)(HOST=DESENV0081)(USER=desenv0001))))

  VERSION INFORMATION:
	TNS for 32-bit Windows: Version 8.1.7.0.0 - Production
	Oracle Bequeath NT Protocol Adapter for 32-bit Windows: Version 8.1.7.0.0 - Production
  Time: 21-OUT-2002 17:42:04
  Tracing not turned on.
  Tns error struct:
    nr err code: 0
    ns main err code: 12560
    TNS-12560: TNS:erro de adaptador de protocolo
    ns secondary err code: 0
    nt main err code: 530
    TNS-00530: Erro do adaptador de protocolo
    nt secondary err code: 126
    nt OS err code: 0


***********************************************************************
Fatal NI connect error 12560, connecting to:
 (DESCRIPTION=(ADDRESS=(PROTOCOL=BEQ)(PROGRAM=oracle)(ARGV0=oracleORCL)(ARGS='(DESCRIPTION=(LOCAL=YES)(ADDRESS=(PROTOCOL=beq)))'))(CONNECT_DATA=(SID=ORCL)(CID=(PROGRAM=C:\Arquivos de programas\Borland\Delphi5\Bin\delphi32.exe)(HOST=DESENV0081)(USER=desenv0001))))

  VERSION INFORMATION:
	TNS for 32-bit Windows: Version 8.1.7.0.0 - Production
	Oracle Bequeath NT Protocol Adapter for 32-bit Windows: Version 8.1.7.0.0 - Production
  Time: 22-OUT-2002 15:22:55
  Tracing not turned on.
  Tns error struct:
    nr err code: 0
    ns main err code: 12560
    TNS-12560: TNS:erro de adaptador de protocolo
    ns secondary err code: 0
    nt main err code: 530
    TNS-00530: Erro do adaptador de protocolo
    nt secondary err code: 126
    nt OS err code: 0


***********************************************************************
Fatal NI connect error 12560, connecting to:
 (DESCRIPTION=(ADDRESS=(PROTOCOL=BEQ)(PROGRAM=oracle)(ARGV0=oracleORCL)(ARGS='(DESCRIPTION=(LOCAL=YES)(ADDRESS=(PROTOCOL=beq)))'))(CONNECT_DATA=(SID=ORCL)(CID=(PROGRAM=C:\Arquivos de programas\Borland\Delphi5\Bin\delphi32.exe)(HOST=DESENV0081)(USER=desenv0001))))

  VERSION INFORMATION:
	TNS for 32-bit Windows: Version 8.1.7.0.0 - Production
	Oracle Bequeath NT Protocol Adapter for 32-bit Windows: Version 8.1.7.0.0 - Production
  Time: 22-OUT-2002 17:33:18
  Tracing not turned on.
  Tns error struct:
    nr err code: 0
    ns main err code: 12560
    TNS-12560: TNS:erro de adaptador de protocolo
    ns secondary err code: 0
    nt main err code: 530
    TNS-00530: Erro do adaptador de protocolo
    nt secondary err code: 126
    nt OS err code: 0


***********************************************************************
Fatal NI connect error 12545, connecting to:
 (DESCRIPTION=(ADDRESS=(PROTOCOL=TCP)(HOST=CMBD1)(PORT=1521))(CONNECT_DATA=(SID=DES)(CID=(PROGRAM=C:\Arquivos de programas\Borland\Delphi5\Bin\delphi32.exe)(HOST=DESENV0081)(USER=desenv0001))))

  VERSION INFORMATION:
	TNS for 32-bit Windows: Version 8.1.7.0.0 - Production
	Windows NT TCP/IP NT Protocol Adapter for 32-bit Windows: Version 8.1.7.0.0 - Production
  Time: 28-OUT-2002 13:44:14
  Tracing not turned on.
  Tns error struct:
    nr err code: 0
    ns main err code: 12545
    TNS-12545: A conexão falhou porque o objeto ou host de destino não existe
    ns secondary err code: 12560
    nt main err code: 515
    TNS-00515: A conexão falhou porque o objeto ou host de destino não existe
    nt secondary err code: 1001
    nt OS err code: 0


***********************************************************************
Fatal NI connect error 12560, connecting to:
 (DESCRIPTION=(ADDRESS=(PROTOCOL=BEQ)(PROGRAM=oracle)(ARGV0=oracleORCL)(ARGS='(DESCRIPTION=(LOCAL=YES)(ADDRESS=(PROTOCOL=beq)))'))(CONNECT_DATA=(SID=ORCL)(CID=(PROGRAM=C:\Arquivos de programas\Borland\Delphi5\Bin\delphi32.exe)(HOST=DESENV0081)(USER=desenv0001))))

  VERSION INFORMATION:
	TNS for 32-bit Windows: Version 8.1.7.0.0 - Production
	Oracle Bequeath NT Protocol Adapter for 32-bit Windows: Version 8.1.7.0.0 - Production
  Time: 28-OUT-2002 13:44:14
  Tracing not turned on.
  Tns error struct:
    nr err code: 0
    ns main err code: 12560
    TNS-12560: TNS:erro de adaptador de protocolo
    ns secondary err code: 0
    nt main err code: 530
    TNS-00530: Erro do adaptador de protocolo
    nt secondary err code: 126
    nt OS err code: 0


***********************************************************************
Fatal NI connect error 12545, connecting to:
 (DESCRIPTION=(ADDRESS=(PROTOCOL=TCP)(HOST=CMBD1)(PORT=1521))(CONNECT_DATA=(SID=DES)(CID=(PROGRAM=C:\Arquivos de programas\Borland\Delphi5\Bin\delphi32.exe)(HOST=DESENV0081)(USER=desenv0001))))

  VERSION INFORMATION:
	TNS for 32-bit Windows: Version 8.1.7.0.0 - Production
	Windows NT TCP/IP NT Protocol Adapter for 32-bit Windows: Version 8.1.7.0.0 - Production
  Time: 28-OUT-2002 13:44:45
  Tracing not turned on.
  Tns error struct:
    nr err code: 0
    ns main err code: 12545
    TNS-12545: A conexão falhou porque o objeto ou host de destino não existe
    ns secondary err code: 12560
    nt main err code: 515
    TNS-00515: A conexão falhou porque o objeto ou host de destino não existe
    nt secondary err code: 1001
    nt OS err code: 0


***********************************************************************
Fatal NI connect error 12560, connecting to:
 (DESCRIPTION=(ADDRESS=(PROTOCOL=BEQ)(PROGRAM=oracle)(ARGV0=oracleORCL)(ARGS='(DESCRIPTION=(LOCAL=YES)(ADDRESS=(PROTOCOL=beq)))'))(CONNECT_DATA=(SID=ORCL)(CID=(PROGRAM=C:\Arquivos de programas\Borland\Delphi5\Bin\delphi32.exe)(HOST=DESENV0081)(USER=desenv0001))))

  VERSION INFORMATION:
	TNS for 32-bit Windows: Version 8.1.7.0.0 - Production
	Oracle Bequeath NT Protocol Adapter for 32-bit Windows: Version 8.1.7.0.0 - Production
  Time: 28-OUT-2002 13:44:45
  Tracing not turned on.
  Tns error struct:
    nr err code: 0
    ns main err code: 12560
    TNS-12560: TNS:erro de adaptador de protocolo
    ns secondary err code: 0
    nt main err code: 530
    TNS-00530: Erro do adaptador de protocolo
    nt secondary err code: 126
    nt OS err code: 0


***********************************************************************
Fatal NI connect error 12545, connecting to:
 (DESCRIPTION=(ADDRESS=(PROTOCOL=TCP)(HOST=CMBD1)(PORT=1521))(CONNECT_DATA=(SID=DES)(CID=(PROGRAM=C:\Arquivos de programas\Borland\Delphi5\Bin\delphi32.exe)(HOST=DESENV0081)(USER=desenv0001))))

  VERSION INFORMATION:
	TNS for 32-bit Windows: Version 8.1.7.0.0 - Production
	Windows NT TCP/IP NT Protocol Adapter for 32-bit Windows: Version 8.1.7.0.0 - Production
  Time: 28-OUT-2002 13:45:08
  Tracing not turned on.
  Tns error struct:
    nr err code: 0
    ns main err code: 12545
    TNS-12545: A conexão falhou porque o objeto ou host de destino não existe
    ns secondary err code: 12560
    nt main err code: 515
    TNS-00515: A conexão falhou porque o objeto ou host de destino não existe
    nt secondary err code: 1001
    nt OS err code: 0


***********************************************************************
Fatal NI connect error 12560, connecting to:
 (DESCRIPTION=(ADDRESS=(PROTOCOL=BEQ)(PROGRAM=oracle)(ARGV0=oracleORCL)(ARGS='(DESCRIPTION=(LOCAL=YES)(ADDRESS=(PROTOCOL=beq)))'))(CONNECT_DATA=(SID=ORCL)(CID=(PROGRAM=C:\Arquivos de programas\Borland\Delphi5\Bin\delphi32.exe)(HOST=DESENV0081)(USER=desenv0001))))

  VERSION INFORMATION:
	TNS for 32-bit Windows: Version 8.1.7.0.0 - Production
	Oracle Bequeath NT Protocol Adapter for 32-bit Windows: Version 8.1.7.0.0 - Production
	Windows NT TCP/IP NT Protocol Adapter for 32-bit Windows: Version 8.1.7.0.0 - Production
  Time: 28-OUT-2002 13:45:08
  Tracing not turned on.
  Tns error struct:
    nr err code: 0
    ns main err code: 12560
    TNS-12560: TNS:erro de adaptador de protocolo
    ns secondary err code: 0
    nt main err code: 530
    TNS-00530: Erro do adaptador de protocolo
    nt secondary err code: 126
    nt OS err code: 0


***********************************************************************
Fatal NI connect error 12545, connecting to:
 (DESCRIPTION=(ADDRESS=(PROTOCOL=TCP)(HOST=CMBD1)(PORT=1521))(CONNECT_DATA=(SID=DES)(CID=(PROGRAM=C:\Arquivos de programas\Borland\Delphi5\Bin\delphi32.exe)(HOST=DESENV0081)(USER=desenv0001))))

  VERSION INFORMATION:
	TNS for 32-bit Windows: Version 8.1.7.0.0 - Production
	Windows NT TCP/IP NT Protocol Adapter for 32-bit Windows: Version 8.1.7.0.0 - Production
  Time: 28-OUT-2002 13:47:07
  Tracing not turned on.
  Tns error struct:
    nr err code: 0
    ns main err code: 12545
    TNS-12545: A conexão falhou porque o objeto ou host de destino não existe
    ns secondary err code: 12560
    nt main err code: 515
    TNS-00515: A conexão falhou porque o objeto ou host de destino não existe
    nt secondary err code: 1001
    nt OS err code: 0


***********************************************************************
Fatal NI connect error 12560, connecting to:
 (DESCRIPTION=(ADDRESS=(PROTOCOL=BEQ)(PROGRAM=oracle)(ARGV0=oracleORCL)(ARGS='(DESCRIPTION=(LOCAL=YES)(ADDRESS=(PROTOCOL=beq)))'))(CONNECT_DATA=(SID=ORCL)(CID=(PROGRAM=C:\Arquivos de programas\Borland\Delphi5\Bin\delphi32.exe)(HOST=DESENV0081)(USER=desenv0001))))

  VERSION INFORMATION:
	TNS for 32-bit Windows: Version 8.1.7.0.0 - Production
	Oracle Bequeath NT Protocol Adapter for 32-bit Windows: Version 8.1.7.0.0 - Production
	Windows NT TCP/IP NT Protocol Adapter for 32-bit Windows: Version 8.1.7.0.0 - Production
  Time: 28-OUT-2002 13:47:07
  Tracing not turned on.
  Tns error struct:
    nr err code: 0
    ns main err code: 12560
    TNS-12560: TNS:erro de adaptador de protocolo
    ns secondary err code: 0
    nt main err code: 530
    TNS-00530: Erro do adaptador de protocolo
    nt secondary err code: 126
    nt OS err code: 0


***********************************************************************
Fatal NI connect error 12545, connecting to:
 (DESCRIPTION=(ADDRESS=(PROTOCOL=TCP)(HOST=CMBD1)(PORT=1521))(CONNECT_DATA=(SID=DES)(CID=(PROGRAM=C:\Arquivos de programas\Borland\Delphi5\Bin\delphi32.exe)(HOST=DESENV0081)(USER=desenv0001))))

  VERSION INFORMATION:
	TNS for 32-bit Windows: Version 8.1.7.0.0 - Production
	Windows NT TCP/IP NT Protocol Adapter for 32-bit Windows: Version 8.1.7.0.0 - Production
  Time: 28-OUT-2002 13:47:54
  Tracing not turned on.
  Tns error struct:
    nr err code: 0
    ns main err code: 12545
    TNS-12545: A conexão falhou porque o objeto ou host de destino não existe
    ns secondary err code: 12560
    nt main err code: 515
    TNS-00515: A conexão falhou porque o objeto ou host de destino não existe
    nt secondary err code: 1001
    nt OS err code: 0


***********************************************************************
Fatal NI connect error 12560, connecting to:
 (DESCRIPTION=(ADDRESS=(PROTOCOL=BEQ)(PROGRAM=oracle)(ARGV0=oracleORCL)(ARGS='(DESCRIPTION=(LOCAL=YES)(ADDRESS=(PROTOCOL=beq)))'))(CONNECT_DATA=(SID=ORCL)(CID=(PROGRAM=C:\Arquivos de programas\Borland\Delphi5\Bin\delphi32.exe)(HOST=DESENV0081)(USER=desenv0001))))

  VERSION INFORMATION:
	TNS for 32-bit Windows: Version 8.1.7.0.0 - Production
	Oracle Bequeath NT Protocol Adapter for 32-bit Windows: Version 8.1.7.0.0 - Production
  Time: 28-OUT-2002 13:47:54
  Tracing not turned on.
  Tns error struct:
    nr err code: 0
    ns main err code: 12560
    TNS-12560: TNS:erro de adaptador de protocolo
    ns secondary err code: 0
    nt main err code: 530
    TNS-00530: Erro do adaptador de protocolo
    nt secondary err code: 126
    nt OS err code: 0


***********************************************************************
Fatal NI connect error 12545, connecting to:
 (DESCRIPTION=(ADDRESS=(PROTOCOL=TCP)(HOST=CMBD1)(PORT=1521))(CONNECT_DATA=(SID=DES)(CID=(PROGRAM=C:\Arquivos de programas\Borland\Delphi5\Bin\delphi32.exe)(HOST=DESENV0081)(USER=desenv0001))))

  VERSION INFORMATION:
	TNS for 32-bit Windows: Version 8.1.7.0.0 - Production
	Windows NT TCP/IP NT Protocol Adapter for 32-bit Windows: Version 8.1.7.0.0 - Production
  Time: 28-OUT-2002 13:48:17
  Tracing not turned on.
  Tns error struct:
    nr err code: 0
    ns main err code: 12545
    TNS-12545: A conexão falhou porque o objeto ou host de destino não existe
    ns secondary err code: 12560
    nt main err code: 515
    TNS-00515: A conexão falhou porque o objeto ou host de destino não existe
    nt secondary err code: 1001
    nt OS err code: 0


***********************************************************************
Fatal NI connect error 12560, connecting to:
 (DESCRIPTION=(ADDRESS=(PROTOCOL=BEQ)(PROGRAM=oracle)(ARGV0=oracleORCL)(ARGS='(DESCRIPTION=(LOCAL=YES)(ADDRESS=(PROTOCOL=beq)))'))(CONNECT_DATA=(SID=ORCL)(CID=(PROGRAM=C:\Arquivos de programas\Borland\Delphi5\Bin\delphi32.exe)(HOST=DESENV0081)(USER=desenv0001))))

  VERSION INFORMATION:
	TNS for 32-bit Windows: Version 8.1.7.0.0 - Production
	Oracle Bequeath NT Protocol Adapter for 32-bit Windows: Version 8.1.7.0.0 - Production
  Time: 28-OUT-2002 13:48:17
  Tracing not turned on.
  Tns error struct:
    nr err code: 0
    ns main err code: 12560
    TNS-12560: TNS:erro de adaptador de protocolo
    ns secondary err code: 0
    nt main err code: 530
    TNS-00530: Erro do adaptador de protocolo
    nt secondary err code: 126
    nt OS err code: 0


***********************************************************************
Fatal NI connect error 12545, connecting to:
 (DESCRIPTION=(ADDRESS=(PROTOCOL=TCP)(HOST=CMBD1)(PORT=1521))(CONNECT_DATA=(SID=DES)(CID=(PROGRAM=C:\Arquivos de programas\Borland\Delphi5\Bin\delphi32.exe)(HOST=DESENV0081)(USER=desenv0001))))

  VERSION INFORMATION:
	TNS for 32-bit Windows: Version 8.1.7.0.0 - Production
	Windows NT TCP/IP NT Protocol Adapter for 32-bit Windows: Version 8.1.7.0.0 - Production
  Time: 28-OUT-2002 13:48:46
  Tracing not turned on.
  Tns error struct:
    nr err code: 0
    ns main err code: 12545
    TNS-12545: A conexão falhou porque o objeto ou host de destino não existe
    ns secondary err code: 12560
    nt main err code: 515
    TNS-00515: A conexão falhou porque o objeto ou host de destino não existe
    nt secondary err code: 1001
    nt OS err code: 0


***********************************************************************
Fatal NI connect error 12560, connecting to:
 (DESCRIPTION=(ADDRESS=(PROTOCOL=BEQ)(PROGRAM=oracle)(ARGV0=oracleORCL)(ARGS='(DESCRIPTION=(LOCAL=YES)(ADDRESS=(PROTOCOL=beq)))'))(CONNECT_DATA=(SID=ORCL)(CID=(PROGRAM=C:\Arquivos de programas\Borland\Delphi5\Bin\delphi32.exe)(HOST=DESENV0081)(USER=desenv0001))))

  VERSION INFORMATION:
	TNS for 32-bit Windows: Version 8.1.7.0.0 - Production
	Oracle Bequeath NT Protocol Adapter for 32-bit Windows: Version 8.1.7.0.0 - Production
  Time: 28-OUT-2002 13:48:46
  Tracing not turned on.
  Tns error struct:
    nr err code: 0
    ns main err code: 12560
    TNS-12560: TNS:erro de adaptador de protocolo
    ns secondary err code: 0
    nt main err code: 530
    TNS-00530: Erro do adaptador de protocolo
    nt secondary err code: 126
    nt OS err code: 0


***********************************************************************
Fatal NI connect error 12545, connecting to:
 (DESCRIPTION=(ADDRESS=(PROTOCOL=TCP)(HOST=CMBD1)(PORT=1521))(CONNECT_DATA=(SID=DES)(CID=(PROGRAM=C:\Arquivos de programas\Borland\Delphi5\Bin\delphi32.exe)(HOST=DESENV0081)(USER=desenv0001))))

  VERSION INFORMATION:
	TNS for 32-bit Windows: Version 8.1.7.0.0 - Production
	Windows NT TCP/IP NT Protocol Adapter for 32-bit Windows: Version 8.1.7.0.0 - Production
  Time: 28-OUT-2002 13:49:19
  Tracing not turned on.
  Tns error struct:
    nr err code: 0
    ns main err code: 12545
    TNS-12545: A conexão falhou porque o objeto ou host de destino não existe
    ns secondary err code: 12560
    nt main err code: 515
    TNS-00515: A conexão falhou porque o objeto ou host de destino não existe
    nt secondary err code: 1001
    nt OS err code: 0


***********************************************************************
Fatal NI connect error 12560, connecting to:
 (DESCRIPTION=(ADDRESS=(PROTOCOL=BEQ)(PROGRAM=oracle)(ARGV0=oracleORCL)(ARGS='(DESCRIPTION=(LOCAL=YES)(ADDRESS=(PROTOCOL=beq)))'))(CONNECT_DATA=(SID=ORCL)(CID=(PROGRAM=C:\Arquivos de programas\Borland\Delphi5\Bin\delphi32.exe)(HOST=DESENV0081)(USER=desenv0001))))

  VERSION INFORMATION:
	TNS for 32-bit Windows: Version 8.1.7.0.0 - Production
	Oracle Bequeath NT Protocol Adapter for 32-bit Windows: Version 8.1.7.0.0 - Production
  Time: 28-OUT-2002 13:49:19
  Tracing not turned on.
  Tns error struct:
    nr err code: 0
    ns main err code: 12560
    TNS-12560: TNS:erro de adaptador de protocolo
    ns secondary err code: 0
    nt main err code: 530
    TNS-00530: Erro do adaptador de protocolo
    nt secondary err code: 126
    nt OS err code: 0


***********************************************************************
Fatal NI connect error 12545, connecting to:
 (DESCRIPTION=(ADDRESS=(PROTOCOL=TCP)(HOST=CMBD1)(PORT=1521))(CONNECT_DATA=(SID=DES)(CID=(PROGRAM=C:\Arquivos de programas\Borland\Delphi5\Bin\delphi32.exe)(HOST=DESENV0081)(USER=desenv0001))))

  VERSION INFORMATION:
	TNS for 32-bit Windows: Version 8.1.7.0.0 - Production
	Windows NT TCP/IP NT Protocol Adapter for 32-bit Windows: Version 8.1.7.0.0 - Production
  Time: 28-OUT-2002 15:04:34
  Tracing not turned on.
  Tns error struct:
    nr err code: 0
    ns main err code: 12545
    TNS-12545: A conexão falhou porque o objeto ou host de destino não existe
    ns secondary err code: 12560
    nt main err code: 515
    TNS-00515: A conexão falhou porque o objeto ou host de destino não existe
    nt secondary err code: 1001
    nt OS err code: 0


***********************************************************************
Fatal NI connect error 12560, connecting to:
 (DESCRIPTION=(ADDRESS=(PROTOCOL=BEQ)(PROGRAM=oracle)(ARGV0=oracleORCL)(ARGS='(DESCRIPTION=(LOCAL=YES)(ADDRESS=(PROTOCOL=beq)))'))(CONNECT_DATA=(SID=ORCL)(CID=(PROGRAM=C:\Arquivos de programas\Borland\Delphi5\Bin\delphi32.exe)(HOST=DESENV0081)(USER=desenv0001))))

  VERSION INFORMATION:
	TNS for 32-bit Windows: Version 8.1.7.0.0 - Production
	Oracle Bequeath NT Protocol Adapter for 32-bit Windows: Version 8.1.7.0.0 - Production
  Time: 28-OUT-2002 15:04:34
  Tracing not turned on.
  Tns error struct:
    nr err code: 0
    ns main err code: 12560
    TNS-12560: TNS:erro de adaptador de protocolo
    ns secondary err code: 0
    nt main err code: 530
    TNS-00530: Erro do adaptador de protocolo
    nt secondary err code: 126
    nt OS err code: 0


***********************************************************************
Fatal NI connect error 12545, connecting to:
 (DESCRIPTION=(ADDRESS=(PROTOCOL=TCP)(HOST=CMBD1)(PORT=1521))(CONNECT_DATA=(SID=DES)(CID=(PROGRAM=C:\Arquivos de programas\Borland\Delphi5\Bin\delphi32.exe)(HOST=DESENV0081)(USER=desenv0001))))

  VERSION INFORMATION:
	TNS for 32-bit Windows: Version 8.1.7.0.0 - Production
	Windows NT TCP/IP NT Protocol Adapter for 32-bit Windows: Version 8.1.7.0.0 - Production
  Time: 28-OUT-2002 15:04:57
  Tracing not turned on.
  Tns error struct:
    nr err code: 0
    ns main err code: 12545
    TNS-12545: A conexão falhou porque o objeto ou host de destino não existe
    ns secondary err code: 12560
    nt main err code: 515
    TNS-00515: A conexão falhou porque o objeto ou host de destino não existe
    nt secondary err code: 1001
    nt OS err code: 0


***********************************************************************
Fatal NI connect error 12560, connecting to:
 (DESCRIPTION=(ADDRESS=(PROTOCOL=BEQ)(PROGRAM=oracle)(ARGV0=oracleORCL)(ARGS='(DESCRIPTION=(LOCAL=YES)(ADDRESS=(PROTOCOL=beq)))'))(CONNECT_DATA=(SID=ORCL)(CID=(PROGRAM=C:\Arquivos de programas\Borland\Delphi5\Bin\delphi32.exe)(HOST=DESENV0081)(USER=desenv0001))))

  VERSION INFORMATION:
	TNS for 32-bit Windows: Version 8.1.7.0.0 - Production
	Oracle Bequeath NT Protocol Adapter for 32-bit Windows: Version 8.1.7.0.0 - Production
  Time: 28-OUT-2002 15:04:57
  Tracing not turned on.
  Tns error struct:
    nr err code: 0
    ns main err code: 12560
    TNS-12560: TNS:erro de adaptador de protocolo
    ns secondary err code: 0
    nt main err code: 530
    TNS-00530: Erro do adaptador de protocolo
    nt secondary err code: 126
    nt OS err code: 0


***********************************************************************
Fatal NI connect error 12560, connecting to:
 (DESCRIPTION=(ADDRESS=(PROTOCOL=BEQ)(PROGRAM=oracle)(ARGV0=oracleORCL)(ARGS='(DESCRIPTION=(LOCAL=YES)(ADDRESS=(PROTOCOL=beq)))'))(CONNECT_DATA=(SID=ORCL)(CID=(PROGRAM=C:\Arquivos de programas\Borland\Delphi5\Bin\delphi32.exe)(HOST=DESENV0081)(USER=desenv0001))))

  VERSION INFORMATION:
	TNS for 32-bit Windows: Version 8.1.7.0.0 - Production
	Oracle Bequeath NT Protocol Adapter for 32-bit Windows: Version 8.1.7.0.0 - Production
  Time: 28-OUT-2002 15:33:16
  Tracing not turned on.
  Tns error struct:
    nr err code: 0
    ns main err code: 12560
    TNS-12560: TNS:erro de adaptador de protocolo
    ns secondary err code: 0
    nt main err code: 530
    TNS-00530: Erro do adaptador de protocolo
    nt secondary err code: 126
    nt OS err code: 0


***********************************************************************
Fatal NI connect error 12545, connecting to:
 (DESCRIPTION=(ADDRESS=(PROTOCOL=TCP)(HOST=CMBD1)(PORT=1521))(CONNECT_DATA=(SID=DES)(CID=(PROGRAM=C:\Arquivos de programas\Borland\Delphi5\Bin\delphi32.exe)(HOST=DESENV0081)(USER=desenv0001))))

  VERSION INFORMATION:
	TNS for 32-bit Windows: Version 8.1.7.0.0 - Production
	Windows NT TCP/IP NT Protocol Adapter for 32-bit Windows: Version 8.1.7.0.0 - Production
  Time: 31-OUT-2002 11:30:02
  Tracing not turned on.
  Tns error struct:
    nr err code: 0
    ns main err code: 12545
    TNS-12545: A conexão falhou porque o objeto ou host de destino não existe
    ns secondary err code: 12560
    nt main err code: 515
    TNS-00515: A conexão falhou porque o objeto ou host de destino não existe
    nt secondary err code: 1001
    nt OS err code: 0


***********************************************************************
Fatal NI connect error 12560, connecting to:
 (DESCRIPTION=(ADDRESS=(PROTOCOL=BEQ)(PROGRAM=oracle)(ARGV0=oracleORCL)(ARGS='(DESCRIPTION=(LOCAL=YES)(ADDRESS=(PROTOCOL=beq)))'))(CONNECT_DATA=(SID=ORCL)(CID=(PROGRAM=C:\Arquivos de programas\Borland\Delphi5\Bin\delphi32.exe)(HOST=DESENV0081)(USER=desenv0001))))

  VERSION INFORMATION:
	TNS for 32-bit Windows: Version 8.1.7.0.0 - Production
	Oracle Bequeath NT Protocol Adapter for 32-bit Windows: Version 8.1.7.0.0 - Production
  Time: 31-OUT-2002 11:30:03
  Tracing not turned on.
  Tns error struct:
    nr err code: 0
    ns main err code: 12560
    TNS-12560: TNS:erro de adaptador de protocolo
    ns secondary err code: 0
    nt main err code: 530
    TNS-00530: Erro do adaptador de protocolo
    nt secondary err code: 126
    nt OS err code: 0


***********************************************************************
Fatal NI connect error 12545, connecting to:
 (DESCRIPTION=(ADDRESS=(PROTOCOL=TCP)(HOST=CMBD1)(PORT=1521))(CONNECT_DATA=(SID=DES)(CID=(PROGRAM=C:\Arquivos de programas\Borland\Delphi5\Bin\Delphi32.exe)(HOST=DESENV0081)(USER=desenv0001))))

  VERSION INFORMATION:
	TNS for 32-bit Windows: Version 8.1.7.0.0 - Production
	Windows NT TCP/IP NT Protocol Adapter for 32-bit Windows: Version 8.1.7.0.0 - Production
  Time: 22-NOV-2002 11:24:24
  Tracing not turned on.
  Tns error struct:
    nr err code: 0
    ns main err code: 12545
    TNS-12545: A conexão falhou porque o objeto ou host de destino não existe
    ns secondary err code: 12560
    nt main err code: 515
    TNS-00515: A conexão falhou porque o objeto ou host de destino não existe
    nt secondary err code: 1001
    nt OS err code: 0


***********************************************************************
Fatal NI connect error 12560, connecting to:
 (DESCRIPTION=(ADDRESS=(PROTOCOL=BEQ)(PROGRAM=oracle)(ARGV0=oracleORCL)(ARGS='(DESCRIPTION=(LOCAL=YES)(ADDRESS=(PROTOCOL=beq)))'))(CONNECT_DATA=(SID=ORCL)(CID=(PROGRAM=C:\Arquivos de programas\Borland\Delphi5\Bin\Delphi32.exe)(HOST=DESENV0081)(USER=desenv0001))))

  VERSION INFORMATION:
	TNS for 32-bit Windows: Version 8.1.7.0.0 - Production
	Oracle Bequeath NT Protocol Adapter for 32-bit Windows: Version 8.1.7.0.0 - Production
  Time: 22-NOV-2002 11:24:24
  Tracing not turned on.
  Tns error struct:
    nr err code: 0
    ns main err code: 12560
    TNS-12560: TNS:erro de adaptador de protocolo
    ns secondary err code: 0
    nt main err code: 530
    TNS-00530: Erro do adaptador de protocolo
    nt secondary err code: 126
    nt OS err code: 0
