

***********************************************************************
Fatal NI connect error 12560, connecting to:
 (DESCRIPTION=(ADDRESS=(PROTOCOL=BEQ)(PROGRAM=oracle)(ARGV0=oracleORCL)(ARGS='(DESCRIPTION=(LOCAL=YES)(ADDRESS=(PROTOCOL=beq)))'))(CONNECT_DATA=(SID=ORCL)(CID=(PROGRAM=C:\Arquivos de programas\Borland\Delphi5\Bin\Delphi32.exe)(HOST=DESENV0081)(USER=desenv0001))))

  VERSION INFORMATION:
	TNS for 32-bit Windows: Version 8.1.7.0.0 - Production
	Oracle Bequeath NT Protocol Adapter for 32-bit Windows: Version 8.1.7.0.0 - Production
  Time: 05-MAR-2002 17:07:34
  Tracing not turned on.
  Tns error struct:
    nr err code: 0
    ns main err code: 12560
    TNS-12560: TNS:erro de adaptador de protocolo
    ns secondary err code: 0
    nt main err code: 530
    TNS-00530: Erro do adaptador de protocolo
    nt secondary err code: 126
    nt OS err code: 0


***********************************************************************
Fatal NI connect error 12560, connecting to:
 (DESCRIPTION=(ADDRESS=(PROTOCOL=BEQ)(PROGRAM=oracle)(ARGV0=oracleORCL)(ARGS='(DESCRIPTION=(LOCAL=YES)(ADDRESS=(PROTOCOL=beq)))'))(CONNECT_DATA=(SID=ORCL)(CID=(PROGRAM=C:\Arquivos de programas\Borland\Delphi5\Bin\Delphi32.exe)(HOST=DESENV0081)(USER=desenv0001))))

  VERSION INFORMATION:
	TNS for 32-bit Windows: Version 8.1.7.0.0 - Production
	Oracle Bequeath NT Protocol Adapter for 32-bit Windows: Version 8.1.7.0.0 - Production
  Time: 13-MAR-2002 10:38:15
  Tracing not turned on.
  Tns error struct:
    nr err code: 0
    ns main err code: 12560
    TNS-12560: TNS:erro de adaptador de protocolo
    ns secondary err code: 0
    nt main err code: 530
    TNS-00530: Erro do adaptador de protocolo
    nt secondary err code: 126
    nt OS err code: 0


***********************************************************************
Fatal NI connect error 12500, connecting to:
 (DESCRIPTION=(ADDRESS=(PROTOCOL=TCP)(HOST=CMBD1)(PORT=1521))(CONNECT_DATA=(SID=DES)(CID=(PROGRAM=C:\Arquivos de programas\Borland\Delphi5\Bin\Delphi32.exe)(HOST=DESENV0081)(USER=desenv0001))))

  VERSION INFORMATION:
	TNS for 32-bit Windows: Version 8.1.7.0.0 - Production
	Windows NT TCP/IP NT Protocol Adapter for 32-bit Windows: Version 8.1.7.0.0 - Production
  Time: 13-MAR-2002 11:23:22
  Tracing not turned on.
  Tns error struct:
    nr err code: 0
    ns main err code: 12564
    TNS-12564: TNS:conexão recusada
    ns secondary err code: 0
    nt main err code: 0
    nt secondary err code: 0
    nt OS err code: 0


***********************************************************************
Fatal NI connect error 12560, connecting to:
 (DESCRIPTION=(ADDRESS=(PROTOCOL=BEQ)(PROGRAM=oracle)(ARGV0=oracleORCL)(ARGS='(DESCRIPTION=(LOCAL=YES)(ADDRESS=(PROTOCOL=beq)))'))(CONNECT_DATA=(SID=ORCL)(CID=(PROGRAM=C:\Arquivos de programas\Borland\Delphi5\Bin\Delphi32.exe)(HOST=DESENV0081)(USER=desenv0001))))

  VERSION INFORMATION:
	TNS for 32-bit Windows: Version 8.1.7.0.0 - Production
	Oracle Bequeath NT Protocol Adapter for 32-bit Windows: Version 8.1.7.0.0 - Production
  Time: 14-MAR-2002 16:44:46
  Tracing not turned on.
  Tns error struct:
    nr err code: 0
    ns main err code: 12560
    TNS-12560: TNS:erro de adaptador de protocolo
    ns secondary err code: 0
    nt main err code: 530
    TNS-00530: Erro do adaptador de protocolo
    nt secondary err code: 126
    nt OS err code: 0


***********************************************************************
Fatal NI connect error 12500, connecting to:
 (DESCRIPTION=(ADDRESS=(PROTOCOL=TCP)(HOST=CMBD8)(PORT=1521))(CONNECT_DATA=(SID=ANDR)(CID=(PROGRAM=C:\Arquivos de programas\Borland\Delphi5\Bin\Delphi32.exe)(HOST=DESENV0081)(USER=desenv0001))))

  VERSION INFORMATION:
	TNS for 32-bit Windows: Version 8.1.7.0.0 - Production
	Windows NT TCP/IP NT Protocol Adapter for 32-bit Windows: Version 8.1.7.0.0 - Production
  Time: 15-MAR-2002 09:59:30
  Tracing not turned on.
  Tns error struct:
    nr err code: 0
    ns main err code: 12564
    TNS-12564: TNS:conexão recusada
    ns secondary err code: 0
    nt main err code: 0
    nt secondary err code: 0
    nt OS err code: 0


***********************************************************************
Fatal NI connect error 12545, connecting to:
 (DESCRIPTION=(ADDRESS=(PROTOCOL=TCP)(HOST=CMDB3A)(PORT=1521))(CONNECT_DATA=(SID=ANDR)(CID=(PROGRAM=C:\Arquivos de programas\Borland\Delphi5\Bin\Delphi32.exe)(HOST=DESENV0081)(USER=desenv0001))))

  VERSION INFORMATION:
	TNS for 32-bit Windows: Version 8.1.7.0.0 - Production
	Windows NT TCP/IP NT Protocol Adapter for 32-bit Windows: Version 8.1.7.0.0 - Production
  Time: 15-MAR-2002 11:28:55
  Tracing not turned on.
  Tns error struct:
    nr err code: 0
    ns main err code: 12545
    TNS-12545: A conexão falhou porque o objeto ou host de destino não existe
    ns secondary err code: 12560
    nt main err code: 515
    TNS-00515: A conexão falhou porque o objeto ou host de destino não existe
    nt secondary err code: 1001
    nt OS err code: 0


***********************************************************************
Fatal NI connect error 12560, connecting to:
 (DESCRIPTION=(ADDRESS=(PROTOCOL=BEQ)(PROGRAM=oracle)(ARGV0=oracleORCL)(ARGS='(DESCRIPTION=(LOCAL=YES)(ADDRESS=(PROTOCOL=beq)))'))(CONNECT_DATA=(SID=ORCL)(CID=(PROGRAM=C:\Arquivos de programas\Borland\Delphi5\Bin\Delphi32.exe)(HOST=DESENV0081)(USER=desenv0001))))

  VERSION INFORMATION:
	TNS for 32-bit Windows: Version 8.1.7.0.0 - Production
	Oracle Bequeath NT Protocol Adapter for 32-bit Windows: Version 8.1.7.0.0 - Production
  Time: 20-MAR-2002 15:20:41
  Tracing not turned on.
  Tns error struct:
    nr err code: 0
    ns main err code: 12560
    TNS-12560: TNS:erro de adaptador de protocolo
    ns secondary err code: 0
    nt main err code: 530
    TNS-00530: Erro do adaptador de protocolo
    nt secondary err code: 126
    nt OS err code: 0


***********************************************************************
Fatal NI connect error 12638, connecting to:
 (DESCRIPTION=(ADDRESS=(PROTOCOL=TCP)(HOST=CMBD3A)(PORT=1521))(CONNECT_DATA=(SID=REFE)(CID=(PROGRAM=C:\Arquivos de programas\Borland\Delphi5\Bin\delphi32.exe)(HOST=DESENV0081)(USER=desenv0001))))

  VERSION INFORMATION:
	TNS for 32-bit Windows: Version 8.1.7.0.0 - Production
	Windows NT TCP/IP NT Protocol Adapter for 32-bit Windows: Version 8.1.7.0.0 - Production
  Time: 12-ABR-2003 17:42:22
  Tracing not turned on.
  Tns error struct:
    nr err code: 0
    ns main err code: 12638
    TNS-12638: Falha na recuperação de credencial
    ns secondary err code: 0
    nt main err code: 0
    nt secondary err code: 0
    nt OS err code: 0


***********************************************************************
Fatal NI connect error 12560, connecting to:
 (DESCRIPTION=(ADDRESS=(PROTOCOL=BEQ)(PROGRAM=oracle)(ARGV0=oracleORCL)(ARGS='(DESCRIPTION=(LOCAL=YES)(ADDRESS=(PROTOCOL=beq)))'))(CONNECT_DATA=(SID=ORCL)(CID=(PROGRAM=C:\Arquivos de programas\Borland\Delphi5\Bin\delphi32.exe)(HOST=DESENV0081)(USER=desenv0001))))

  VERSION INFORMATION:
	TNS for 32-bit Windows: Version 8.1.7.0.0 - Production
	Oracle Bequeath NT Protocol Adapter for 32-bit Windows: Version 8.1.7.0.0 - Production
  Time: 12-ABR-2003 17:42:22
  Tracing not turned on.
  Tns error struct:
    nr err code: 0
    ns main err code: 12560
    TNS-12560: TNS:erro de adaptador de protocolo
    ns secondary err code: 0
    nt main err code: 530
    TNS-00530: Erro do adaptador de protocolo
    nt secondary err code: 126
    nt OS err code: 0


***********************************************************************
Fatal NI connect error 12505, connecting to:
 (DESCRIPTION=(ADDRESS=(PROTOCOL=TCP)(HOST=CMBD1)(PORT=1521))(CONNECT_DATA=(SID=DES)(CID=(PROGRAM=C:\Arquivos de programas\Borland\Delphi5\Bin\delphi32.exe)(HOST=DESENV0081)(USER=desenv0001))))

  VERSION INFORMATION:
	TNS for 32-bit Windows: Version 8.1.7.0.0 - Production
	Windows NT TCP/IP NT Protocol Adapter for 32-bit Windows: Version 8.1.7.0.0 - Production
  Time: 25-ABR-2002 17:28:46
  Tracing not turned on.
  Tns error struct:
    nr err code: 0
    ns main err code: 12564
    TNS-12564: TNS:conexão recusada
    ns secondary err code: 0
    nt main err code: 0
    nt secondary err code: 0
    nt OS err code: 0


***********************************************************************
Fatal NI connect error 12560, connecting to:
 (DESCRIPTION=(ADDRESS=(PROTOCOL=BEQ)(PROGRAM=oracle)(ARGV0=oracleORCL)(ARGS='(DESCRIPTION=(LOCAL=YES)(ADDRESS=(PROTOCOL=beq)))'))(CONNECT_DATA=(SID=ORCL)(CID=(PROGRAM=C:\Arquivos de programas\Borland\Delphi5\Bin\delphi32.exe)(HOST=DESENV0081)(USER=desenv0001))))

  VERSION INFORMATION:
	TNS for 32-bit Windows: Version 8.1.7.0.0 - Production
	Oracle Bequeath NT Protocol Adapter for 32-bit Windows: Version 8.1.7.0.0 - Production
  Time: 25-ABR-2002 17:28:46
  Tracing not turned on.
  Tns error struct:
    nr err code: 0
    ns main err code: 12560
    TNS-12560: TNS:erro de adaptador de protocolo
    ns secondary err code: 0
    nt main err code: 530
    TNS-00530: Erro do adaptador de protocolo
    nt secondary err code: 126
    nt OS err code: 0


***********************************************************************
Fatal NI connect error 12505, connecting to:
 (DESCRIPTION=(ADDRESS=(PROTOCOL=TCP)(HOST=CMBD1)(PORT=1521))(CONNECT_DATA=(SID=DES)(CID=(PROGRAM=C:\Arquivos de programas\Borland\Delphi5\Bin\delphi32.exe)(HOST=DESENV0081)(USER=desenv0001))))

  VERSION INFORMATION:
	TNS for 32-bit Windows: Version 8.1.7.0.0 - Production
	Windows NT TCP/IP NT Protocol Adapter for 32-bit Windows: Version 8.1.7.0.0 - Production
  Time: 25-ABR-2002 17:29:05
  Tracing not turned on.
  Tns error struct:
    nr err code: 0
    ns main err code: 12564
    TNS-12564: TNS:conexão recusada
    ns secondary err code: 0
    nt main err code: 0
    nt secondary err code: 0
    nt OS err code: 0


***********************************************************************
Fatal NI connect error 12560, connecting to:
 (DESCRIPTION=(ADDRESS=(PROTOCOL=BEQ)(PROGRAM=oracle)(ARGV0=oracleORCL)(ARGS='(DESCRIPTION=(LOCAL=YES)(ADDRESS=(PROTOCOL=beq)))'))(CONNECT_DATA=(SID=ORCL)(CID=(PROGRAM=C:\Arquivos de programas\Borland\Delphi5\Bin\delphi32.exe)(HOST=DESENV0081)(USER=desenv0001))))

  VERSION INFORMATION:
	TNS for 32-bit Windows: Version 8.1.7.0.0 - Production
	Oracle Bequeath NT Protocol Adapter for 32-bit Windows: Version 8.1.7.0.0 - Production
  Time: 25-ABR-2002 17:29:05
  Tracing not turned on.
  Tns error struct:
    nr err code: 0
    ns main err code: 12560
    TNS-12560: TNS:erro de adaptador de protocolo
    ns secondary err code: 0
    nt main err code: 530
    TNS-00530: Erro do adaptador de protocolo
    nt secondary err code: 126
    nt OS err code: 0


***********************************************************************
Fatal NI connect error 12505, connecting to:
 (DESCRIPTION=(ADDRESS=(PROTOCOL=TCP)(HOST=CMBD1)(PORT=1521))(CONNECT_DATA=(SID=DES)(CID=(PROGRAM=C:\Arquivos de programas\Borland\Delphi5\Bin\Delphi32.exe)(HOST=DESENV0081)(USER=desenv0001))))

  VERSION INFORMATION:
	TNS for 32-bit Windows: Version 8.1.7.0.0 - Production
	Windows NT TCP/IP NT Protocol Adapter for 32-bit Windows: Version 8.1.7.0.0 - Production
  Time: 09-MAI-2002 11:34:52
  Tracing not turned on.
  Tns error struct:
    nr err code: 0
    ns main err code: 12564
    TNS-12564: TNS:conexão recusada
    ns secondary err code: 0
    nt main err code: 0
    nt secondary err code: 0
    nt OS err code: 0


***********************************************************************
Fatal NI connect error 12560, connecting to:
 (DESCRIPTION=(ADDRESS=(PROTOCOL=BEQ)(PROGRAM=oracle)(ARGV0=oracleORCL)(ARGS='(DESCRIPTION=(LOCAL=YES)(ADDRESS=(PROTOCOL=beq)))'))(CONNECT_DATA=(SID=ORCL)(CID=(PROGRAM=C:\Arquivos de programas\Borland\Delphi5\Bin\Delphi32.exe)(HOST=DESENV0081)(USER=desenv0001))))

  VERSION INFORMATION:
	TNS for 32-bit Windows: Version 8.1.7.0.0 - Production
	Oracle Bequeath NT Protocol Adapter for 32-bit Windows: Version 8.1.7.0.0 - Production
  Time: 09-MAI-2002 11:34:52
  Tracing not turned on.
  Tns error struct:
    nr err code: 0
    ns main err code: 12560
    TNS-12560: TNS:erro de adaptador de protocolo
    ns secondary err code: 0
    nt main err code: 530
    TNS-00530: Erro do adaptador de protocolo
    nt secondary err code: 126
    nt OS err code: 0


***********************************************************************
Fatal NI connect error 12545, connecting to:
 (DESCRIPTION=(ADDRESS=(PROTOCOL=TCP)(HOST=CMBD3A)(PORT=1521))(CONNECT_DATA=(SID=FCRT)(CID=(PROGRAM=C:\Arquivos de programas\Borland\Delphi5\Bin\Delphi32.exe)(HOST=DESENV0081)(USER=Desenv0001))))

  VERSION INFORMATION:
	TNS for 32-bit Windows: Version 8.1.7.0.0 - Production
	Windows NT TCP/IP NT Protocol Adapter for 32-bit Windows: Version 8.1.7.0.0 - Production
  Time: 10-MAI-2002 09:07:44
  Tracing not turned on.
  Tns error struct:
    nr err code: 0
    ns main err code: 12545
    TNS-12545: A conexão falhou porque o objeto ou host de destino não existe
    ns secondary err code: 12560
    nt main err code: 515
    TNS-00515: A conexão falhou porque o objeto ou host de destino não existe
    nt secondary err code: 1001
    nt OS err code: 0


***********************************************************************
Fatal NI connect error 12560, connecting to:
 (DESCRIPTION=(ADDRESS=(PROTOCOL=BEQ)(PROGRAM=oracle)(ARGV0=oracleORCL)(ARGS='(DESCRIPTION=(LOCAL=YES)(ADDRESS=(PROTOCOL=beq)))'))(CONNECT_DATA=(SID=ORCL)(CID=(PROGRAM=C:\Arquivos de programas\Borland\Delphi5\Bin\Delphi32.exe)(HOST=DESENV0081)(USER=Desenv0001))))

  VERSION INFORMATION:
	TNS for 32-bit Windows: Version 8.1.7.0.0 - Production
	Oracle Bequeath NT Protocol Adapter for 32-bit Windows: Version 8.1.7.0.0 - Production
  Time: 10-MAI-2002 09:07:45
  Tracing not turned on.
  Tns error struct:
    nr err code: 0
    ns main err code: 12560
    TNS-12560: TNS:erro de adaptador de protocolo
    ns secondary err code: 0
    nt main err code: 530
    TNS-00530: Erro do adaptador de protocolo
    nt secondary err code: 126
    nt OS err code: 0


***********************************************************************
Fatal NI connect error 12545, connecting to:
 (DESCRIPTION=(ADDRESS=(PROTOCOL=TCP)(HOST=CMBD3A)(PORT=1521))(CONNECT_DATA=(SID=FCRT)(CID=(PROGRAM=C:\Arquivos de programas\Borland\Delphi5\Bin\delphi32.exe)(HOST=DESENV0081)(USER=Desenv0001))))

  VERSION INFORMATION:
	TNS for 32-bit Windows: Version 8.1.7.0.0 - Production
	Windows NT TCP/IP NT Protocol Adapter for 32-bit Windows: Version 8.1.7.0.0 - Production
  Time: 10-MAI-2002 09:08:26
  Tracing not turned on.
  Tns error struct:
    nr err code: 0
    ns main err code: 12545
    TNS-12545: A conexão falhou porque o objeto ou host de destino não existe
    ns secondary err code: 12560
    nt main err code: 515
    TNS-00515: A conexão falhou porque o objeto ou host de destino não existe
    nt secondary err code: 1001
    nt OS err code: 0


***********************************************************************
Fatal NI connect error 12560, connecting to:
 (DESCRIPTION=(ADDRESS=(PROTOCOL=BEQ)(PROGRAM=oracle)(ARGV0=oracleORCL)(ARGS='(DESCRIPTION=(LOCAL=YES)(ADDRESS=(PROTOCOL=beq)))'))(CONNECT_DATA=(SID=ORCL)(CID=(PROGRAM=C:\Arquivos de programas\Borland\Delphi5\Bin\delphi32.exe)(HOST=DESENV0081)(USER=Desenv0001))))

  VERSION INFORMATION:
	TNS for 32-bit Windows: Version 8.1.7.0.0 - Production
	Oracle Bequeath NT Protocol Adapter for 32-bit Windows: Version 8.1.7.0.0 - Production
  Time: 10-MAI-2002 09:08:26
  Tracing not turned on.
  Tns error struct:
    nr err code: 0
    ns main err code: 12560
    TNS-12560: TNS:erro de adaptador de protocolo
    ns secondary err code: 0
    nt main err code: 530
    TNS-00530: Erro do adaptador de protocolo
    nt secondary err code: 126
    nt OS err code: 0


***********************************************************************
Fatal NI connect error 12505, connecting to:
 (DESCRIPTION=(ADDRESS=(PROTOCOL=TCP)(HOST=CMBD1)(PORT=1521))(CONNECT_DATA=(SID=DES)(CID=(PROGRAM=C:\Arquivos de programas\Borland\Delphi5\Bin\Delphi32.exe)(HOST=DESENV0081)(USER=desenv0001))))

  VERSION INFORMATION:
	TNS for 32-bit Windows: Version 8.1.7.0.0 - Production
	Windows NT TCP/IP NT Protocol Adapter for 32-bit Windows: Version 8.1.7.0.0 - Production
  Time: 13-MAI-2002 13:23:18
  Tracing not turned on.
  Tns error struct:
    nr err code: 0
    ns main err code: 12564
    TNS-12564: TNS:conexão recusada
    ns secondary err code: 0
    nt main err code: 0
    nt secondary err code: 0
    nt OS err code: 0


***********************************************************************
Fatal NI connect error 12560, connecting to:
 (DESCRIPTION=(ADDRESS=(PROTOCOL=BEQ)(PROGRAM=oracle)(ARGV0=oracleORCL)(ARGS='(DESCRIPTION=(LOCAL=YES)(ADDRESS=(PROTOCOL=beq)))'))(CONNECT_DATA=(SID=ORCL)(CID=(PROGRAM=C:\Arquivos de programas\Borland\Delphi5\Bin\Delphi32.exe)(HOST=DESENV0081)(USER=desenv0001))))

  VERSION INFORMATION:
	TNS for 32-bit Windows: Version 8.1.7.0.0 - Production
	Oracle Bequeath NT Protocol Adapter for 32-bit Windows: Version 8.1.7.0.0 - Production
  Time: 13-MAI-2002 13:23:19
  Tracing not turned on.
  Tns error struct:
    nr err code: 0
    ns main err code: 12560
    TNS-12560: TNS:erro de adaptador de protocolo
    ns secondary err code: 0
    nt main err code: 530
    TNS-00530: Erro do adaptador de protocolo
    nt secondary err code: 126
    nt OS err code: 0


***********************************************************************
Fatal NI connect error 12505, connecting to:
 (DESCRIPTION=(ADDRESS=(PROTOCOL=TCP)(HOST=CMBD1)(PORT=1521))(CONNECT_DATA=(SID=DES)(CID=(PROGRAM=C:\Arquivos de programas\Borland\Delphi5\Bin\delphi32.exe)(HOST=DESENV0081)(USER=desenv0001))))

  VERSION INFORMATION:
	TNS for 32-bit Windows: Version 8.1.7.0.0 - Production
	Windows NT TCP/IP NT Protocol Adapter for 32-bit Windows: Version 8.1.7.0.0 - Production
  Time: 14-MAI-2002 10:12:30
  Tracing not turned on.
  Tns error struct:
    nr err code: 0
    ns main err code: 12564
    TNS-12564: TNS:conexão recusada
    ns secondary err code: 0
    nt main err code: 0
    nt secondary err code: 0
    nt OS err code: 0


***********************************************************************
Fatal NI connect error 12560, connecting to:
 (DESCRIPTION=(ADDRESS=(PROTOCOL=BEQ)(PROGRAM=oracle)(ARGV0=oracleORCL)(ARGS='(DESCRIPTION=(LOCAL=YES)(ADDRESS=(PROTOCOL=beq)))'))(CONNECT_DATA=(SID=ORCL)(CID=(PROGRAM=C:\Arquivos de programas\Borland\Delphi5\Bin\delphi32.exe)(HOST=DESENV0081)(USER=desenv0001))))

  VERSION INFORMATION:
	TNS for 32-bit Windows: Version 8.1.7.0.0 - Production
	Oracle Bequeath NT Protocol Adapter for 32-bit Windows: Version 8.1.7.0.0 - Production
  Time: 14-MAI-2002 10:12:31
  Tracing not turned on.
  Tns error struct:
    nr err code: 0
    ns main err code: 12560
    TNS-12560: TNS:erro de adaptador de protocolo
    ns secondary err code: 0
    nt main err code: 530
    TNS-00530: Erro do adaptador de protocolo
    nt secondary err code: 126
    nt OS err code: 0


***********************************************************************
Fatal NI connect error 12505, connecting to:
 (DESCRIPTION=(ADDRESS=(PROTOCOL=TCP)(HOST=CMBD1)(PORT=1521))(CONNECT_DATA=(SID=DES)(CID=(PROGRAM=C:\Arquivos de programas\Borland\Delphi5\Bin\Delphi32.exe)(HOST=DESENV0081)(USER=desenv0001))))

  VERSION INFORMATION:
	TNS for 32-bit Windows: Version 8.1.7.0.0 - Production
	Windows NT TCP/IP NT Protocol Adapter for 32-bit Windows: Version 8.1.7.0.0 - Production
  Time: 21-MAI-2002 10:09:46
  Tracing not turned on.
  Tns error struct:
    nr err code: 0
    ns main err code: 12564
    TNS-12564: TNS:conexão recusada
    ns secondary err code: 0
    nt main err code: 0
    nt secondary err code: 0
    nt OS err code: 0


***********************************************************************
Fatal NI connect error 12560, connecting to:
 (DESCRIPTION=(ADDRESS=(PROTOCOL=BEQ)(PROGRAM=oracle)(ARGV0=oracleORCL)(ARGS='(DESCRIPTION=(LOCAL=YES)(ADDRESS=(PROTOCOL=beq)))'))(CONNECT_DATA=(SID=ORCL)(CID=(PROGRAM=C:\Arquivos de programas\Borland\Delphi5\Bin\Delphi32.exe)(HOST=DESENV0081)(USER=desenv0001))))

  VERSION INFORMATION:
	TNS for 32-bit Windows: Version 8.1.7.0.0 - Production
	Oracle Bequeath NT Protocol Adapter for 32-bit Windows: Version 8.1.7.0.0 - Production
  Time: 21-MAI-2002 10:09:47
  Tracing not turned on.
  Tns error struct:
    nr err code: 0
    ns main err code: 12560
    TNS-12560: TNS:erro de adaptador de protocolo
    ns secondary err code: 0
    nt main err code: 530
    TNS-00530: Erro do adaptador de protocolo
    nt secondary err code: 126
    nt OS err code: 0


***********************************************************************
Fatal NI connect error 12505, connecting to:
 (DESCRIPTION=(ADDRESS=(PROTOCOL=TCP)(HOST=CMBD1)(PORT=1521))(CONNECT_DATA=(SID=DES)(CID=(PROGRAM=C:\Arquivos de programas\Borland\Delphi5\Bin\Delphi32.exe)(HOST=DESENV0081)(USER=desenv0001))))

  VERSION INFORMATION:
	TNS for 32-bit Windows: Version 8.1.7.0.0 - Production
	Windows NT TCP/IP NT Protocol Adapter for 32-bit Windows: Version 8.1.7.0.0 - Production
  Time: 22-MAI-2002 15:16:37
  Tracing not turned on.
  Tns error struct:
    nr err code: 0
    ns main err code: 12564
    TNS-12564: TNS:conexão recusada
    ns secondary err code: 0
    nt main err code: 0
    nt secondary err code: 0
    nt OS err code: 0


***********************************************************************
Fatal NI connect error 12560, connecting to:
 (DESCRIPTION=(ADDRESS=(PROTOCOL=BEQ)(PROGRAM=oracle)(ARGV0=oracleORCL)(ARGS='(DESCRIPTION=(LOCAL=YES)(ADDRESS=(PROTOCOL=beq)))'))(CONNECT_DATA=(SID=ORCL)(CID=(PROGRAM=C:\Arquivos de programas\Borland\Delphi5\Bin\Delphi32.exe)(HOST=DESENV0081)(USER=desenv0001))))

  VERSION INFORMATION:
	TNS for 32-bit Windows: Version 8.1.7.0.0 - Production
	Oracle Bequeath NT Protocol Adapter for 32-bit Windows: Version 8.1.7.0.0 - Production
  Time: 22-MAI-2002 15:16:37
  Tracing not turned on.
  Tns error struct:
    nr err code: 0
    ns main err code: 12560
    TNS-12560: TNS:erro de adaptador de protocolo
    ns secondary err code: 0
    nt main err code: 530
    TNS-00530: Erro do adaptador de protocolo
    nt secondary err code: 126
    nt OS err code: 0


***********************************************************************
Fatal NI connect error 12505, connecting to:
 (DESCRIPTION=(ADDRESS=(PROTOCOL=TCP)(HOST=CMBD1)(PORT=1521))(CONNECT_DATA=(SID=DES)(CID=(PROGRAM=C:\Arquivos de programas\Borland\Delphi5\Bin\Delphi32.exe)(HOST=DESENV0081)(USER=desenv0001))))

  VERSION INFORMATION:
	TNS for 32-bit Windows: Version 8.1.7.0.0 - Production
	Windows NT TCP/IP NT Protocol Adapter for 32-bit Windows: Version 8.1.7.0.0 - Production
  Time: 23-MAI-2002 10:07:36
  Tracing not turned on.
  Tns error struct:
    nr err code: 0
    ns main err code: 12564
    TNS-12564: TNS:conexão recusada
    ns secondary err code: 0
    nt main err code: 0
    nt secondary err code: 0
    nt OS err code: 0


***********************************************************************
Fatal NI connect error 12560, connecting to:
 (DESCRIPTION=(ADDRESS=(PROTOCOL=BEQ)(PROGRAM=oracle)(ARGV0=oracleORCL)(ARGS='(DESCRIPTION=(LOCAL=YES)(ADDRESS=(PROTOCOL=beq)))'))(CONNECT_DATA=(SID=ORCL)(CID=(PROGRAM=C:\Arquivos de programas\Borland\Delphi5\Bin\Delphi32.exe)(HOST=DESENV0081)(USER=desenv0001))))

  VERSION INFORMATION:
	TNS for 32-bit Windows: Version 8.1.7.0.0 - Production
	Oracle Bequeath NT Protocol Adapter for 32-bit Windows: Version 8.1.7.0.0 - Production
  Time: 23-MAI-2002 10:07:37
  Tracing not turned on.
  Tns error struct:
    nr err code: 0
    ns main err code: 12560
    TNS-12560: TNS:erro de adaptador de protocolo
    ns secondary err code: 0
    nt main err code: 530
    TNS-00530: Erro do adaptador de protocolo
    nt secondary err code: 126
    nt OS err code: 0


***********************************************************************
Fatal NI connect error 12505, connecting to:
 (DESCRIPTION=(ADDRESS=(PROTOCOL=TCP)(HOST=CMBD1)(PORT=1521))(CONNECT_DATA=(SID=DES)(CID=(PROGRAM=C:\Arquivos de programas\Borland\Delphi5\Bin\Delphi32.exe)(HOST=DESENV0081)(USER=desenv0001))))

  VERSION INFORMATION:
	TNS for 32-bit Windows: Version 8.1.7.0.0 - Production
	Windows NT TCP/IP NT Protocol Adapter for 32-bit Windows: Version 8.1.7.0.0 - Production
  Time: 29-MAI-2002 11:42:48
  Tracing not turned on.
  Tns error struct:
    nr err code: 0
    ns main err code: 12564
    TNS-12564: TNS:conexão recusada
    ns secondary err code: 0
    nt main err code: 0
    nt secondary err code: 0
    nt OS err code: 0


***********************************************************************
Fatal NI connect error 12560, connecting to:
 (DESCRIPTION=(ADDRESS=(PROTOCOL=BEQ)(PROGRAM=oracle)(ARGV0=oracleORCL)(ARGS='(DESCRIPTION=(LOCAL=YES)(ADDRESS=(PROTOCOL=beq)))'))(CONNECT_DATA=(SID=ORCL)(CID=(PROGRAM=C:\Arquivos de programas\Borland\Delphi5\Bin\Delphi32.exe)(HOST=DESENV0081)(USER=desenv0001))))

  VERSION INFORMATION:
	TNS for 32-bit Windows: Version 8.1.7.0.0 - Production
	Oracle Bequeath NT Protocol Adapter for 32-bit Windows: Version 8.1.7.0.0 - Production
  Time: 29-MAI-2002 11:42:48
  Tracing not turned on.
  Tns error struct:
    nr err code: 0
    ns main err code: 12560
    TNS-12560: TNS:erro de adaptador de protocolo
    ns secondary err code: 0
    nt main err code: 530
    TNS-00530: Erro do adaptador de protocolo
    nt secondary err code: 126
    nt OS err code: 0


***********************************************************************
Fatal NI connect error 12505, connecting to:
 (DESCRIPTION=(ADDRESS=(PROTOCOL=TCP)(HOST=CMBD1)(PORT=1521))(CONNECT_DATA=(SID=DES)(CID=(PROGRAM=C:\Arquivos de programas\Borland\Delphi5\Bin\Delphi32.exe)(HOST=DESENV0081)(USER=desenv0001))))

  VERSION INFORMATION:
	TNS for 32-bit Windows: Version 8.1.7.0.0 - Production
	Windows NT TCP/IP NT Protocol Adapter for 32-bit Windows: Version 8.1.7.0.0 - Production
  Time: 29-MAI-2002 11:45:01
  Tracing not turned on.
  Tns error struct:
    nr err code: 0
    ns main err code: 12564
    TNS-12564: TNS:conexão recusada
    ns secondary err code: 0
    nt main err code: 0
    nt secondary err code: 0
    nt OS err code: 0


***********************************************************************
Fatal NI connect error 12560, connecting to:
 (DESCRIPTION=(ADDRESS=(PROTOCOL=BEQ)(PROGRAM=oracle)(ARGV0=oracleORCL)(ARGS='(DESCRIPTION=(LOCAL=YES)(ADDRESS=(PROTOCOL=beq)))'))(CONNECT_DATA=(SID=ORCL)(CID=(PROGRAM=C:\Arquivos de programas\Borland\Delphi5\Bin\Delphi32.exe)(HOST=DESENV0081)(USER=desenv0001))))

  VERSION INFORMATION:
	TNS for 32-bit Windows: Version 8.1.7.0.0 - Production
	Oracle Bequeath NT Protocol Adapter for 32-bit Windows: Version 8.1.7.0.0 - Production
  Time: 29-MAI-2002 11:45:01
  Tracing not turned on.
  Tns error struct:
    nr err code: 0
    ns main err code: 12560
    TNS-12560: TNS:erro de adaptador de protocolo
    ns secondary err code: 0
    nt main err code: 530
    TNS-00530: Erro do adaptador de protocolo
    nt secondary err code: 126
    nt OS err code: 0


***********************************************************************
Fatal NI connect error 12505, connecting to:
 (DESCRIPTION=(ADDRESS=(PROTOCOL=TCP)(HOST=CMBD1)(PORT=1521))(CONNECT_DATA=(SID=DES)(CID=(PROGRAM=C:\Arquivos de programas\Borland\Delphi5\Bin\Delphi32.exe)(HOST=DESENV0081)(USER=desenv0001))))

  VERSION INFORMATION:
	TNS for 32-bit Windows: Version 8.1.7.0.0 - Production
	Windows NT TCP/IP NT Protocol Adapter for 32-bit Windows: Version 8.1.7.0.0 - Production
  Time: 04-JUN-2002 09:34:45
  Tracing not turned on.
  Tns error struct:
    nr err code: 0
    ns main err code: 12564
    TNS-12564: TNS:conexão recusada
    ns secondary err code: 0
    nt main err code: 0
    nt secondary err code: 0
    nt OS err code: 0


***********************************************************************
Fatal NI connect error 12560, connecting to:
 (DESCRIPTION=(ADDRESS=(PROTOCOL=BEQ)(PROGRAM=oracle)(ARGV0=oracleORCL)(ARGS='(DESCRIPTION=(LOCAL=YES)(ADDRESS=(PROTOCOL=beq)))'))(CONNECT_DATA=(SID=ORCL)(CID=(PROGRAM=C:\Arquivos de programas\Borland\Delphi5\Bin\Delphi32.exe)(HOST=DESENV0081)(USER=desenv0001))))

  VERSION INFORMATION:
	TNS for 32-bit Windows: Version 8.1.7.0.0 - Production
	Oracle Bequeath NT Protocol Adapter for 32-bit Windows: Version 8.1.7.0.0 - Production
  Time: 04-JUN-2002 09:34:45
  Tracing not turned on.
  Tns error struct:
    nr err code: 0
    ns main err code: 12560
    TNS-12560: TNS:erro de adaptador de protocolo
    ns secondary err code: 0
    nt main err code: 530
    TNS-00530: Erro do adaptador de protocolo
    nt secondary err code: 126
    nt OS err code: 0


***********************************************************************
Fatal NI connect error 12505, connecting to:
 (DESCRIPTION=(ADDRESS=(PROTOCOL=TCP)(HOST=CMBD1)(PORT=1521))(CONNECT_DATA=(SID=DES)(CID=(PROGRAM=C:\Arquivos de programas\Borland\Delphi5\Bin\Delphi32.exe)(HOST=DESENV0081)(USER=desenv0001))))

  VERSION INFORMATION:
	TNS for 32-bit Windows: Version 8.1.7.0.0 - Production
	Windows NT TCP/IP NT Protocol Adapter for 32-bit Windows: Version 8.1.7.0.0 - Production
  Time: 04-JUN-2002 11:04:29
  Tracing not turned on.
  Tns error struct:
    nr err code: 0
    ns main err code: 12564
    TNS-12564: TNS:conexão recusada
    ns secondary err code: 0
    nt main err code: 0
    nt secondary err code: 0
    nt OS err code: 0


***********************************************************************
Fatal NI connect error 12560, connecting to:
 (DESCRIPTION=(ADDRESS=(PROTOCOL=BEQ)(PROGRAM=oracle)(ARGV0=oracleORCL)(ARGS='(DESCRIPTION=(LOCAL=YES)(ADDRESS=(PROTOCOL=beq)))'))(CONNECT_DATA=(SID=ORCL)(CID=(PROGRAM=C:\Arquivos de programas\Borland\Delphi5\Bin\Delphi32.exe)(HOST=DESENV0081)(USER=desenv0001))))

  VERSION INFORMATION:
	TNS for 32-bit Windows: Version 8.1.7.0.0 - Production
	Oracle Bequeath NT Protocol Adapter for 32-bit Windows: Version 8.1.7.0.0 - Production
  Time: 04-JUN-2002 11:04:30
  Tracing not turned on.
  Tns error struct:
    nr err code: 0
    ns main err code: 12560
    TNS-12560: TNS:erro de adaptador de protocolo
    ns secondary err code: 0
    nt main err code: 530
    TNS-00530: Erro do adaptador de protocolo
    nt secondary err code: 126
    nt OS err code: 0


***********************************************************************
Fatal NI connect error 12638, connecting to:
 (DESCRIPTION=(ADDRESS=(PROTOCOL=TCP)(HOST=CMBD3A)(PORT=1521))(CONNECT_DATA=(SID=REFE)(CID=(PROGRAM=C:\Arquivos de programas\Borland\Delphi5\Bin\delphi32.exe)(HOST=DESENV0081)(USER=desenv0001))))

  VERSION INFORMATION:
	TNS for 32-bit Windows: Version 8.1.7.0.0 - Production
	Windows NT TCP/IP NT Protocol Adapter for 32-bit Windows: Version 8.1.7.0.0 - Production
  Time: 19-JUL-2002 11:57:06
  Tracing not turned on.
  Tns error struct:
    nr err code: 0
    ns main err code: 12638
    TNS-12638: Falha na recuperação de credencial
    ns secondary err code: 0
    nt main err code: 0
    nt secondary err code: 0
    nt OS err code: 0


***********************************************************************
Fatal NI connect error 12560, connecting to:
 (DESCRIPTION=(ADDRESS=(PROTOCOL=BEQ)(PROGRAM=oracle)(ARGV0=oracleORCL)(ARGS='(DESCRIPTION=(LOCAL=YES)(ADDRESS=(PROTOCOL=beq)))'))(CONNECT_DATA=(SID=ORCL)(CID=(PROGRAM=C:\Arquivos de programas\Borland\Delphi5\Bin\delphi32.exe)(HOST=DESENV0081)(USER=desenv0001))))

  VERSION INFORMATION:
	TNS for 32-bit Windows: Version 8.1.7.0.0 - Production
	Oracle Bequeath NT Protocol Adapter for 32-bit Windows: Version 8.1.7.0.0 - Production
  Time: 19-JUL-2002 11:57:06
  Tracing not turned on.
  Tns error struct:
    nr err code: 0
    ns main err code: 12560
    TNS-12560: TNS:erro de adaptador de protocolo
    ns secondary err code: 0
    nt main err code: 530
    TNS-00530: Erro do adaptador de protocolo
    nt secondary err code: 126
    nt OS err code: 0


***********************************************************************
Fatal NI connect error 12545, connecting to:
 (DESCRIPTION=(ADDRESS=(PROTOCOL=TCP)(HOST=CMBD1)(PORT=1521))(CONNECT_DATA=(SID=DES)(CID=(PROGRAM=C:\Arquivos de programas\Borland\Delphi5\Bin\delphi32.exe)(HOST=DESENV0081)(USER=desenv0001))))

  VERSION INFORMATION:
	TNS for 32-bit Windows: Version 8.1.7.0.0 - Production
	Windows NT TCP/IP NT Protocol Adapter for 32-bit Windows: Version 8.1.7.0.0 - Production
  Time: 22-AGO-2002 17:18:10
  Tracing not turned on.
  Tns error struct:
    nr err code: 0
    ns main err code: 12545
    TNS-12545: A conexão falhou porque o objeto ou host de destino não existe
    ns secondary err code: 12560
    nt main err code: 515
    TNS-00515: A conexão falhou porque o objeto ou host de destino não existe
    nt secondary err code: 1001
    nt OS err code: 0


***********************************************************************
Fatal NI connect error 12560, connecting to:
 (DESCRIPTION=(ADDRESS=(PROTOCOL=BEQ)(PROGRAM=oracle)(ARGV0=oracleORCL)(ARGS='(DESCRIPTION=(LOCAL=YES)(ADDRESS=(PROTOCOL=beq)))'))(CONNECT_DATA=(SID=ORCL)(CID=(PROGRAM=C:\Arquivos de programas\Borland\Delphi5\Bin\delphi32.exe)(HOST=DESENV0081)(USER=desenv0001))))

  VERSION INFORMATION:
	TNS for 32-bit Windows: Version 8.1.7.0.0 - Production
	Oracle Bequeath NT Protocol Adapter for 32-bit Windows: Version 8.1.7.0.0 - Production
  Time: 22-AGO-2002 17:18:10
  Tracing not turned on.
  Tns error struct:
    nr err code: 0
    ns main err code: 12560
    TNS-12560: TNS:erro de adaptador de protocolo
    ns secondary err code: 0
    nt main err code: 530
    TNS-00530: Erro do adaptador de protocolo
    nt secondary err code: 126
    nt OS err code: 0


***********************************************************************
Fatal NI connect error 12560, connecting to:
 (DESCRIPTION=(ADDRESS=(PROTOCOL=BEQ)(PROGRAM=oracle)(ARGV0=oracleORCL)(ARGS='(DESCRIPTION=(LOCAL=YES)(ADDRESS=(PROTOCOL=beq)))'))(CONNECT_DATA=(SID=ORCL)(CID=(PROGRAM=C:\Arquivos de programas\Borland\Delphi5\Bin\delphi32.exe)(HOST=DESENV0081)(USER=desenv0001))))

  VERSION INFORMATION:
	TNS for 32-bit Windows: Version 8.1.7.0.0 - Production
	Oracle Bequeath NT Protocol Adapter for 32-bit Windows: Version 8.1.7.0.0 - Production
  Time: 26-AGO-2002 10:52:34
  Tracing not turned on.
  Tns error struct:
    nr err code: 0
    ns main err code: 12560
    TNS-12560: TNS:erro de adaptador de protocolo
    ns secondary err code: 0
    nt main err code: 530
    TNS-00530: Erro do adaptador de protocolo
    nt secondary err code: 126
    nt OS err code: 0


***********************************************************************
Fatal NI connect error 12560, connecting to:
 (DESCRIPTION=(ADDRESS=(PROTOCOL=BEQ)(PROGRAM=oracle)(ARGV0=oracleORCL)(ARGS='(DESCRIPTION=(LOCAL=YES)(ADDRESS=(PROTOCOL=beq)))'))(CONNECT_DATA=(SID=ORCL)(CID=(PROGRAM=C:\Arquivos de programas\Borland\Delphi5\Bin\delphi32.exe)(HOST=DESENV0081)(USER=desenv0001))))

  VERSION INFORMATION:
	TNS for 32-bit Windows: Version 8.1.7.0.0 - Production
	Oracle Bequeath NT Protocol Adapter for 32-bit Windows: Version 8.1.7.0.0 - Production
  Time: 26-AGO-2002 10:53:07
  Tracing not turned on.
  Tns error struct:
    nr err code: 0
    ns main err code: 12560
    TNS-12560: TNS:erro de adaptador de protocolo
    ns secondary err code: 0
    nt main err code: 530
    TNS-00530: Erro do adaptador de protocolo
    nt secondary err code: 126
    nt OS err code: 0


***********************************************************************
Fatal NI connect error 12560, connecting to:
 (DESCRIPTION=(ADDRESS=(PROTOCOL=BEQ)(PROGRAM=oracle)(ARGV0=oracleORCL)(ARGS='(DESCRIPTION=(LOCAL=YES)(ADDRESS=(PROTOCOL=beq)))'))(CONNECT_DATA=(SID=ORCL)(CID=(PROGRAM=C:\Arquivos de programas\Borland\Delphi5\Bin\delphi32.exe)(HOST=DESENV0081)(USER=desenv0001))))

  VERSION INFORMATION:
	TNS for 32-bit Windows: Version 8.1.7.0.0 - Production
	Oracle Bequeath NT Protocol Adapter for 32-bit Windows: Version 8.1.7.0.0 - Production
  Time: 26-AGO-2002 10:53:07
  Tracing not turned on.
  Tns error struct:
    nr err code: 0
    ns main err code: 12560
    TNS-12560: TNS:erro de adaptador de protocolo
    ns secondary err code: 0
    nt main err code: 530
    TNS-00530: Erro do adaptador de protocolo
    nt secondary err code: 126
    nt OS err code: 0


***********************************************************************
Fatal NI connect error 12560, connecting to:
 (DESCRIPTION=(ADDRESS=(PROTOCOL=BEQ)(PROGRAM=oracle)(ARGV0=oracleORCL)(ARGS='(DESCRIPTION=(LOCAL=YES)(ADDRESS=(PROTOCOL=beq)))'))(CONNECT_DATA=(SID=ORCL)(CID=(PROGRAM=C:\Arquivos de programas\Borland\Delphi5\Bin\delphi32.exe)(HOST=DESENV0081)(USER=desenv0001))))

  VERSION INFORMATION:
	TNS for 32-bit Windows: Version 8.1.7.0.0 - Production
	Oracle Bequeath NT Protocol Adapter for 32-bit Windows: Version 8.1.7.0.0 - Production
  Time: 26-AGO-2002 10:53:08
  Tracing not turned on.
  Tns error struct:
    nr err code: 0
    ns main err code: 12560
    TNS-12560: TNS:erro de adaptador de protocolo
    ns secondary err code: 0
    nt main err code: 530
    TNS-00530: Erro do adaptador de protocolo
    nt secondary err code: 126
    nt OS err code: 0


***********************************************************************
Fatal NI connect error 12560, connecting to:
 (DESCRIPTION=(ADDRESS=(PROTOCOL=BEQ)(PROGRAM=oracle)(ARGV0=oracleORCL)(ARGS='(DESCRIPTION=(LOCAL=YES)(ADDRESS=(PROTOCOL=beq)))'))(CONNECT_DATA=(SID=ORCL)(CID=(PROGRAM=C:\Arquivos de programas\Borland\Delphi5\Bin\delphi32.exe)(HOST=DESENV0081)(USER=desenv0001))))

  VERSION INFORMATION:
	TNS for 32-bit Windows: Version 8.1.7.0.0 - Production
	Oracle Bequeath NT Protocol Adapter for 32-bit Windows: Version 8.1.7.0.0 - Production
  Time: 26-AGO-2002 13:03:45
  Tracing not turned on.
  Tns error struct:
    nr err code: 0
    ns main err code: 12560
    TNS-12560: TNS:erro de adaptador de protocolo
    ns secondary err code: 0
    nt main err code: 530
    TNS-00530: Erro do adaptador de protocolo
    nt secondary err code: 126
    nt OS err code: 0


***********************************************************************
Fatal NI connect error 12560, connecting to:
 (DESCRIPTION=(ADDRESS=(PROTOCOL=BEQ)(PROGRAM=oracle)(ARGV0=oracleORCL)(ARGS='(DESCRIPTION=(LOCAL=YES)(ADDRESS=(PROTOCOL=beq)))'))(CONNECT_DATA=(SID=ORCL)(CID=(PROGRAM=C:\Arquivos de programas\Borland\Delphi5\Bin\delphi32.exe)(HOST=DESENV0081)(USER=desenv0001))))

  VERSION INFORMATION:
	TNS for 32-bit Windows: Version 8.1.7.0.0 - Production
	Oracle Bequeath NT Protocol Adapter for 32-bit Windows: Version 8.1.7.0.0 - Production
  Time: 26-AGO-2002 13:03:45
  Tracing not turned on.
  Tns error struct:
    nr err code: 0
    ns main err code: 12560
    TNS-12560: TNS:erro de adaptador de protocolo
    ns secondary err code: 0
    nt main err code: 530
    TNS-00530: Erro do adaptador de protocolo
    nt secondary err code: 126
    nt OS err code: 0


***********************************************************************
Fatal NI connect error 12560, connecting to:
 (DESCRIPTION=(ADDRESS=(PROTOCOL=BEQ)(PROGRAM=oracle)(ARGV0=oracleORCL)(ARGS='(DESCRIPTION=(LOCAL=YES)(ADDRESS=(PROTOCOL=beq)))'))(CONNECT_DATA=(SID=ORCL)(CID=(PROGRAM=C:\Arquivos de programas\Borland\Delphi5\Bin\delphi32.exe)(HOST=DESENV0081)(USER=desenv0001))))

  VERSION INFORMATION:
	TNS for 32-bit Windows: Version 8.1.7.0.0 - Production
	Oracle Bequeath NT Protocol Adapter for 32-bit Windows: Version 8.1.7.0.0 - Production
  Time: 26-AGO-2002 13:04:37
  Tracing not turned on.
  Tns error struct:
    nr err code: 0
    ns main err code: 12560
    TNS-12560: TNS:erro de adaptador de protocolo
    ns secondary err code: 0
    nt main err code: 530
    TNS-00530: Erro do adaptador de protocolo
    nt secondary err code: 126
    nt OS err code: 0


***********************************************************************
Fatal NI connect error 12560, connecting to:
 (DESCRIPTION=(ADDRESS=(PROTOCOL=BEQ)(PROGRAM=oracle)(ARGV0=oracleORCL)(ARGS='(DESCRIPTION=(LOCAL=YES)(ADDRESS=(PROTOCOL=beq)))'))(CONNECT_DATA=(SID=ORCL)(CID=(PROGRAM=C:\Arquivos de programas\Borland\Delphi5\Bin\delphi32.exe)(HOST=DESENV0081)(USER=desenv0001))))

  VERSION INFORMATION:
	TNS for 32-bit Windows: Version 8.1.7.0.0 - Production
	Oracle Bequeath NT Protocol Adapter for 32-bit Windows: Version 8.1.7.0.0 - Production
  Time: 26-AGO-2002 13:04:37
  Tracing not turned on.
  Tns error struct:
    nr err code: 0
    ns main err code: 12560
    TNS-12560: TNS:erro de adaptador de protocolo
    ns secondary err code: 0
    nt main err code: 530
    TNS-00530: Erro do adaptador de protocolo
    nt secondary err code: 126
    nt OS err code: 0


***********************************************************************
Fatal NI connect error 12560, connecting to:
 (DESCRIPTION=(ADDRESS=(PROTOCOL=BEQ)(PROGRAM=oracle)(ARGV0=oracleORCL)(ARGS='(DESCRIPTION=(LOCAL=YES)(ADDRESS=(PROTOCOL=beq)))'))(CONNECT_DATA=(SID=ORCL)(CID=(PROGRAM=C:\Arquivos de programas\Borland\Delphi5\Bin\delphi32.exe)(HOST=DESENV0081)(USER=desenv0001))))

  VERSION INFORMATION:
	TNS for 32-bit Windows: Version 8.1.7.0.0 - Production
	Oracle Bequeath NT Protocol Adapter for 32-bit Windows: Version 8.1.7.0.0 - Production
  Time: 26-AGO-2002 13:04:37
  Tracing not turned on.
  Tns error struct:
    nr err code: 0
    ns main err code: 12560
    TNS-12560: TNS:erro de adaptador de protocolo
    ns secondary err code: 0
    nt main err code: 530
    TNS-00530: Erro do adaptador de protocolo
    nt secondary err code: 126
    nt OS err code: 0


***********************************************************************
Fatal NI connect error 12560, connecting to:
 (DESCRIPTION=(ADDRESS=(PROTOCOL=BEQ)(PROGRAM=oracle)(ARGV0=oracleORCL)(ARGS='(DESCRIPTION=(LOCAL=YES)(ADDRESS=(PROTOCOL=beq)))'))(CONNECT_DATA=(SID=ORCL)(CID=(PROGRAM=C:\Arquivos de programas\Borland\Delphi5\Bin\delphi32.exe)(HOST=DESENV0081)(USER=desenv0001))))

  VERSION INFORMATION:
	TNS for 32-bit Windows: Version 8.1.7.0.0 - Production
	Oracle Bequeath NT Protocol Adapter for 32-bit Windows: Version 8.1.7.0.0 - Production
  Time: 28-AGO-2002 15:49:48
  Tracing not turned on.
  Tns error struct:
    nr err code: 0
    ns main err code: 12560
    TNS-12560: TNS:erro de adaptador de protocolo
    ns secondary err code: 0
    nt main err code: 530
    TNS-00530: Erro do adaptador de protocolo
    nt secondary err code: 126
    nt OS err code: 0


***********************************************************************
Fatal NI connect error 12560, connecting to:
 (DESCRIPTION=(ADDRESS=(PROTOCOL=BEQ)(PROGRAM=oracle)(ARGV0=oracleORCL)(ARGS='(DESCRIPTION=(LOCAL=YES)(ADDRESS=(PROTOCOL=beq)))'))(CONNECT_DATA=(SID=ORCL)(CID=(PROGRAM=C:\Arquivos de programas\Borland\Delphi5\Bin\delphi32.exe)(HOST=DESENV0081)(USER=desenv0001))))

  VERSION INFORMATION:
	TNS for 32-bit Windows: Version 8.1.7.0.0 - Production
	Oracle Bequeath NT Protocol Adapter for 32-bit Windows: Version 8.1.7.0.0 - Production
  Time: 28-AGO-2002 15:49:50
  Tracing not turned on.
  Tns error struct:
    nr err code: 0
    ns main err code: 12560
    TNS-12560: TNS:erro de adaptador de protocolo
    ns secondary err code: 0
    nt main err code: 530
    TNS-00530: Erro do adaptador de protocolo
    nt secondary err code: 126
    nt OS err code: 0


***********************************************************************
Fatal NI connect error 12560, connecting to:
 (DESCRIPTION=(ADDRESS=(PROTOCOL=BEQ)(PROGRAM=oracle)(ARGV0=oracleORCL)(ARGS='(DESCRIPTION=(LOCAL=YES)(ADDRESS=(PROTOCOL=beq)))'))(CONNECT_DATA=(SID=ORCL)(CID=(PROGRAM=C:\Arquivos de programas\Borland\Delphi5\Bin\delphi32.exe)(HOST=DESENV0081)(USER=desenv0001))))

  VERSION INFORMATION:
	TNS for 32-bit Windows: Version 8.1.7.0.0 - Production
	Oracle Bequeath NT Protocol Adapter for 32-bit Windows: Version 8.1.7.0.0 - Production
  Time: 28-AGO-2002 15:49:50
  Tracing not turned on.
  Tns error struct:
    nr err code: 0
    ns main err code: 12560
    TNS-12560: TNS:erro de adaptador de protocolo
    ns secondary err code: 0
    nt main err code: 530
    TNS-00530: Erro do adaptador de protocolo
    nt secondary err code: 126
    nt OS err code: 0


***********************************************************************
Fatal NI connect error 12545, connecting to:
 (DESCRIPTION=(ADDRESS=(PROTOCOL=TCP)(HOST=CMBD1)(PORT=1521))(CONNECT_DATA=(SID=DES)(CID=(PROGRAM=C:\Arquivos de programas\Borland\Delphi5\Bin\delphi32.exe)(HOST=DESENV0081)(USER=desenv0001))))

  VERSION INFORMATION:
	TNS for 32-bit Windows: Version 8.1.7.0.0 - Production
	Windows NT TCP/IP NT Protocol Adapter for 32-bit Windows: Version 8.1.7.0.0 - Production
  Time: 30-AGO-2002 15:50:06
  Tracing not turned on.
  Tns error struct:
    nr err code: 0
    ns main err code: 12545
    TNS-12545: A conexão falhou porque o objeto ou host de destino não existe
    ns secondary err code: 12560
    nt main err code: 515
    TNS-00515: A conexão falhou porque o objeto ou host de destino não existe
    nt secondary err code: 1001
    nt OS err code: 0


***********************************************************************
Fatal NI connect error 12560, connecting to:
 (DESCRIPTION=(ADDRESS=(PROTOCOL=BEQ)(PROGRAM=oracle)(ARGV0=oracleORCL)(ARGS='(DESCRIPTION=(LOCAL=YES)(ADDRESS=(PROTOCOL=beq)))'))(CONNECT_DATA=(SID=ORCL)(CID=(PROGRAM=C:\Arquivos de programas\Borland\Delphi5\Bin\delphi32.exe)(HOST=DESENV0081)(USER=desenv0001))))

  VERSION INFORMATION:
	TNS for 32-bit Windows: Version 8.1.7.0.0 - Production
	Oracle Bequeath NT Protocol Adapter for 32-bit Windows: Version 8.1.7.0.0 - Production
  Time: 30-AGO-2002 15:50:06
  Tracing not turned on.
  Tns error struct:
    nr err code: 0
    ns main err code: 12560
    TNS-12560: TNS:erro de adaptador de protocolo
    ns secondary err code: 0
    nt main err code: 530
    TNS-00530: Erro do adaptador de protocolo
    nt secondary err code: 126
    nt OS err code: 0


***********************************************************************
Fatal NI connect error 12545, connecting to:
 (DESCRIPTION=(ADDRESS=(PROTOCOL=TCP)(HOST=CMBD1)(PORT=1521))(CONNECT_DATA=(SID=DES)(CID=(PROGRAM=C:\Arquivos de programas\Borland\Delphi5\Bin\delphi32.exe)(HOST=DESENV0081)(USER=desenv0001))))

  VERSION INFORMATION:
	TNS for 32-bit Windows: Version 8.1.7.0.0 - Production
	Windows NT TCP/IP NT Protocol Adapter for 32-bit Windows: Version 8.1.7.0.0 - Production
  Time: 30-AGO-2002 15:52:44
  Tracing not turned on.
  Tns error struct:
    nr err code: 0
    ns main err code: 12545
    TNS-12545: A conexão falhou porque o objeto ou host de destino não existe
    ns secondary err code: 12560
    nt main err code: 515
    TNS-00515: A conexão falhou porque o objeto ou host de destino não existe
    nt secondary err code: 1001
    nt OS err code: 0


***********************************************************************
Fatal NI connect error 12560, connecting to:
 (DESCRIPTION=(ADDRESS=(PROTOCOL=BEQ)(PROGRAM=oracle)(ARGV0=oracleORCL)(ARGS='(DESCRIPTION=(LOCAL=YES)(ADDRESS=(PROTOCOL=beq)))'))(CONNECT_DATA=(SID=ORCL)(CID=(PROGRAM=C:\Arquivos de programas\Borland\Delphi5\Bin\delphi32.exe)(HOST=DESENV0081)(USER=desenv0001))))

  VERSION INFORMATION:
	TNS for 32-bit Windows: Version 8.1.7.0.0 - Production
	Oracle Bequeath NT Protocol Adapter for 32-bit Windows: Version 8.1.7.0.0 - Production
  Time: 30-AGO-2002 15:52:44
  Tracing not turned on.
  Tns error struct:
    nr err code: 0
    ns main err code: 12560
    TNS-12560: TNS:erro de adaptador de protocolo
    ns secondary err code: 0
    nt main err code: 530
    TNS-00530: Erro do adaptador de protocolo
    nt secondary err code: 126
    nt OS err code: 0


***********************************************************************
Fatal NI connect error 12545, connecting to:
 (DESCRIPTION=(ADDRESS=(PROTOCOL=TCP)(HOST=CMBD1)(PORT=1521))(CONNECT_DATA=(SID=DES)(CID=(PROGRAM=C:\Arquivos de programas\Borland\Delphi5\Bin\delphi32.exe)(HOST=DESENV0081)(USER=desenv0001))))

  VERSION INFORMATION:
	TNS for 32-bit Windows: Version 8.1.7.0.0 - Production
	Windows NT TCP/IP NT Protocol Adapter for 32-bit Windows: Version 8.1.7.0.0 - Production
  Time: 30-AGO-2002 15:53:36
  Tracing not turned on.
  Tns error struct:
    nr err code: 0
    ns main err code: 12545
    TNS-12545: A conexão falhou porque o objeto ou host de destino não existe
    ns secondary err code: 12560
    nt main err code: 515
    TNS-00515: A conexão falhou porque o objeto ou host de destino não existe
    nt secondary err code: 1001
    nt OS err code: 0


***********************************************************************
Fatal NI connect error 12560, connecting to:
 (DESCRIPTION=(ADDRESS=(PROTOCOL=BEQ)(PROGRAM=oracle)(ARGV0=oracleORCL)(ARGS='(DESCRIPTION=(LOCAL=YES)(ADDRESS=(PROTOCOL=beq)))'))(CONNECT_DATA=(SID=ORCL)(CID=(PROGRAM=C:\Arquivos de programas\Borland\Delphi5\Bin\delphi32.exe)(HOST=DESENV0081)(USER=desenv0001))))

  VERSION INFORMATION:
	TNS for 32-bit Windows: Version 8.1.7.0.0 - Production
	Oracle Bequeath NT Protocol Adapter for 32-bit Windows: Version 8.1.7.0.0 - Production
  Time: 30-AGO-2002 15:53:36
  Tracing not turned on.
  Tns error struct:
    nr err code: 0
    ns main err code: 12560
    TNS-12560: TNS:erro de adaptador de protocolo
    ns secondary err code: 0
    nt main err code: 530
    TNS-00530: Erro do adaptador de protocolo
    nt secondary err code: 126
    nt OS err code: 0


***********************************************************************
Fatal NI connect error 12560, connecting to:
 (DESCRIPTION=(ADDRESS=(PROTOCOL=BEQ)(PROGRAM=oracle)(ARGV0=oracleORCL)(ARGS='(DESCRIPTION=(LOCAL=YES)(ADDRESS=(PROTOCOL=beq)))'))(CONNECT_DATA=(SID=ORCL)(CID=(PROGRAM=C:\Arquivos de programas\Borland\Delphi5\Bin\delphi32.exe)(HOST=DESENV0081)(USER=desenv0001))))

  VERSION INFORMATION:
	TNS for 32-bit Windows: Version 8.1.7.0.0 - Production
	Oracle Bequeath NT Protocol Adapter for 32-bit Windows: Version 8.1.7.0.0 - Production
  Time: 02-SET-2002 13:30:31
  Tracing not turned on.
  Tns error struct:
    nr err code: 0
    ns main err code: 12560
    TNS-12560: TNS:erro de adaptador de protocolo
    ns secondary err code: 0
    nt main err code: 530
    TNS-00530: Erro do adaptador de protocolo
    nt secondary err code: 126
    nt OS err code: 0


***********************************************************************
Fatal NI connect error 12560, connecting to:
 (DESCRIPTION=(ADDRESS=(PROTOCOL=BEQ)(PROGRAM=oracle)(ARGV0=oracleORCL)(ARGS='(DESCRIPTION=(LOCAL=YES)(ADDRESS=(PROTOCOL=beq)))'))(CONNECT_DATA=(SID=ORCL)(CID=(PROGRAM=C:\Arquivos de programas\Borland\Delphi5\Bin\delphi32.exe)(HOST=DESENV0081)(USER=desenv0001))))

  VERSION INFORMATION:
	TNS for 32-bit Windows: Version 8.1.7.0.0 - Production
	Oracle Bequeath NT Protocol Adapter for 32-bit Windows: Version 8.1.7.0.0 - Production
  Time: 02-SET-2002 13:30:49
  Tracing not turned on.
  Tns error struct:
    nr err code: 0
    ns main err code: 12560
    TNS-12560: TNS:erro de adaptador de protocolo
    ns secondary err code: 0
    nt main err code: 530
    TNS-00530: Erro do adaptador de protocolo
    nt secondary err code: 126
    nt OS err code: 0


***********************************************************************
Fatal NI connect error 12560, connecting to:
 (DESCRIPTION=(ADDRESS=(PROTOCOL=BEQ)(PROGRAM=oracle)(ARGV0=oracleORCL)(ARGS='(DESCRIPTION=(LOCAL=YES)(ADDRESS=(PROTOCOL=beq)))'))(CONNECT_DATA=(SID=ORCL)(CID=(PROGRAM=C:\Arquivos de programas\Borland\Delphi5\Bin\delphi32.exe)(HOST=DESENV0081)(USER=desenv0001))))

  VERSION INFORMATION:
	TNS for 32-bit Windows: Version 8.1.7.0.0 - Production
	Oracle Bequeath NT Protocol Adapter for 32-bit Windows: Version 8.1.7.0.0 - Production
  Time: 02-SET-2002 13:30:49
  Tracing not turned on.
  Tns error struct:
    nr err code: 0
    ns main err code: 12560
    TNS-12560: TNS:erro de adaptador de protocolo
    ns secondary err code: 0
    nt main err code: 530
    TNS-00530: Erro do adaptador de protocolo
    nt secondary err code: 126
    nt OS err code: 0


***********************************************************************
Fatal NI connect error 12545, connecting to:
 (DESCRIPTION=(ADDRESS=(PROTOCOL=TCP)(HOST=CMBD1)(PORT=1521))(CONNECT_DATA=(SID=DES)(CID=(PROGRAM=C:\Arquivos de programas\Borland\Delphi5\Bin\delphi32.exe)(HOST=DESENV0081)(USER=desenv0001))))

  VERSION INFORMATION:
	TNS for 32-bit Windows: Version 8.1.7.0.0 - Production
	Windows NT TCP/IP NT Protocol Adapter for 32-bit Windows: Version 8.1.7.0.0 - Production
  Time: 03-SET-2002 14:04:28
  Tracing not turned on.
  Tns error struct:
    nr err code: 0
    ns main err code: 12545
    TNS-12545: A conexão falhou porque o objeto ou host de destino não existe
    ns secondary err code: 12560
    nt main err code: 515
    TNS-00515: A conexão falhou porque o objeto ou host de destino não existe
    nt secondary err code: 1001
    nt OS err code: 0


***********************************************************************
Fatal NI connect error 12560, connecting to:
 (DESCRIPTION=(ADDRESS=(PROTOCOL=BEQ)(PROGRAM=oracle)(ARGV0=oracleORCL)(ARGS='(DESCRIPTION=(LOCAL=YES)(ADDRESS=(PROTOCOL=beq)))'))(CONNECT_DATA=(SID=ORCL)(CID=(PROGRAM=C:\Arquivos de programas\Borland\Delphi5\Bin\delphi32.exe)(HOST=DESENV0081)(USER=desenv0001))))

  VERSION INFORMATION:
	TNS for 32-bit Windows: Version 8.1.7.0.0 - Production
	Oracle Bequeath NT Protocol Adapter for 32-bit Windows: Version 8.1.7.0.0 - Production
  Time: 03-SET-2002 14:04:28
  Tracing not turned on.
  Tns error struct:
    nr err code: 0
    ns main err code: 12560
    TNS-12560: TNS:erro de adaptador de protocolo
    ns secondary err code: 0
    nt main err code: 530
    TNS-00530: Erro do adaptador de protocolo
    nt secondary err code: 126
    nt OS err code: 0


***********************************************************************
Fatal NI connect error 12545, connecting to:
 (DESCRIPTION=(ADDRESS=(PROTOCOL=TCP)(HOST=CMBD1)(PORT=1521))(CONNECT_DATA=(SID=DES)(CID=(PROGRAM=C:\Arquivos de programas\Borland\Delphi5\Bin\delphi32.exe)(HOST=DESENV0081)(USER=desenv0001))))

  VERSION INFORMATION:
	TNS for 32-bit Windows: Version 8.1.7.0.0 - Production
	Windows NT TCP/IP NT Protocol Adapter for 32-bit Windows: Version 8.1.7.0.0 - Production
  Time: 03-SET-2002 14:04:57
  Tracing not turned on.
  Tns error struct:
    nr err code: 0
    ns main err code: 12545
    TNS-12545: A conexão falhou porque o objeto ou host de destino não existe
    ns secondary err code: 12560
    nt main err code: 515
    TNS-00515: A conexão falhou porque o objeto ou host de destino não existe
    nt secondary err code: 1001
    nt OS err code: 0


***********************************************************************
Fatal NI connect error 12560, connecting to:
 (DESCRIPTION=(ADDRESS=(PROTOCOL=BEQ)(PROGRAM=oracle)(ARGV0=oracleORCL)(ARGS='(DESCRIPTION=(LOCAL=YES)(ADDRESS=(PROTOCOL=beq)))'))(CONNECT_DATA=(SID=ORCL)(CID=(PROGRAM=C:\Arquivos de programas\Borland\Delphi5\Bin\delphi32.exe)(HOST=DESENV0081)(USER=desenv0001))))

  VERSION INFORMATION:
	TNS for 32-bit Windows: Version 8.1.7.0.0 - Production
	Oracle Bequeath NT Protocol Adapter for 32-bit Windows: Version 8.1.7.0.0 - Production
  Time: 03-SET-2002 14:04:57
  Tracing not turned on.
  Tns error struct:
    nr err code: 0
    ns main err code: 12560
    TNS-12560: TNS:erro de adaptador de protocolo
    ns secondary err code: 0
    nt main err code: 530
    TNS-00530: Erro do adaptador de protocolo
    nt secondary err code: 126
    nt OS err code: 0


***********************************************************************
Fatal NI connect error 12545, connecting to:
 (DESCRIPTION=(ADDRESS=(PROTOCOL=TCP)(HOST=CMBD1)(PORT=1521))(CONNECT_DATA=(SID=DES)(CID=(PROGRAM=C:\Arquivos de programas\Borland\Delphi5\Bin\delphi32.exe)(HOST=DESENV0081)(USER=desenv0001))))

  VERSION INFORMATION:
	TNS for 32-bit Windows: Version 8.1.7.0.0 - Production
	Windows NT TCP/IP NT Protocol Adapter for 32-bit Windows: Version 8.1.7.0.0 - Production
  Time: 11-SET-2002 16:30:45
  Tracing not turned on.
  Tns error struct:
    nr err code: 0
    ns main err code: 12545
    TNS-12545: A conexão falhou porque o objeto ou host de destino não existe
    ns secondary err code: 12560
    nt main err code: 515
    TNS-00515: A conexão falhou porque o objeto ou host de destino não existe
    nt secondary err code: 1001
    nt OS err code: 0


***********************************************************************
Fatal NI connect error 12560, connecting to:
 (DESCRIPTION=(ADDRESS=(PROTOCOL=BEQ)(PROGRAM=oracle)(ARGV0=oracleORCL)(ARGS='(DESCRIPTION=(LOCAL=YES)(ADDRESS=(PROTOCOL=beq)))'))(CONNECT_DATA=(SID=ORCL)(CID=(PROGRAM=C:\Arquivos de programas\Borland\Delphi5\Bin\delphi32.exe)(HOST=DESENV0081)(USER=desenv0001))))

  VERSION INFORMATION:
	TNS for 32-bit Windows: Version 8.1.7.0.0 - Production
	Oracle Bequeath NT Protocol Adapter for 32-bit Windows: Version 8.1.7.0.0 - Production
  Time: 11-SET-2002 16:30:45
  Tracing not turned on.
  Tns error struct:
    nr err code: 0
    ns main err code: 12560
    TNS-12560: TNS:erro de adaptador de protocolo
    ns secondary err code: 0
    nt main err code: 530
    TNS-00530: Erro do adaptador de protocolo
    nt secondary err code: 126
    nt OS err code: 0


***********************************************************************
Fatal NI connect error 12545, connecting to:
 (DESCRIPTION=(ADDRESS=(PROTOCOL=TCP)(HOST=CMBD1)(PORT=1521))(CONNECT_DATA=(SID=DES)(CID=(PROGRAM=C:\Arquivos de programas\Borland\Delphi5\Bin\delphi32.exe)(HOST=DESENV0081)(USER=desenv0001))))

  VERSION INFORMATION:
	TNS for 32-bit Windows: Version 8.1.7.0.0 - Production
	Windows NT TCP/IP NT Protocol Adapter for 32-bit Windows: Version 8.1.7.0.0 - Production
  Time: 11-SET-2002 16:39:26
  Tracing not turned on.
  Tns error struct:
    nr err code: 0
    ns main err code: 12545
    TNS-12545: A conexão falhou porque o objeto ou host de destino não existe
    ns secondary err code: 12560
    nt main err code: 515
    TNS-00515: A conexão falhou porque o objeto ou host de destino não existe
    nt secondary err code: 1001
    nt OS err code: 0


***********************************************************************
Fatal NI connect error 12560, connecting to:
 (DESCRIPTION=(ADDRESS=(PROTOCOL=BEQ)(PROGRAM=oracle)(ARGV0=oracleORCL)(ARGS='(DESCRIPTION=(LOCAL=YES)(ADDRESS=(PROTOCOL=beq)))'))(CONNECT_DATA=(SID=ORCL)(CID=(PROGRAM=C:\Arquivos de programas\Borland\Delphi5\Bin\delphi32.exe)(HOST=DESENV0081)(USER=desenv0001))))

  VERSION INFORMATION:
	TNS for 32-bit Windows: Version 8.1.7.0.0 - Production
	Oracle Bequeath NT Protocol Adapter for 32-bit Windows: Version 8.1.7.0.0 - Production
  Time: 11-SET-2002 16:39:26
  Tracing not turned on.
  Tns error struct:
    nr err code: 0
    ns main err code: 12560
    TNS-12560: TNS:erro de adaptador de protocolo
    ns secondary err code: 0
    nt main err code: 530
    TNS-00530: Erro do adaptador de protocolo
    nt secondary err code: 126
    nt OS err code: 0


***********************************************************************
Fatal NI connect error 12545, connecting to:
 (DESCRIPTION=(ADDRESS=(PROTOCOL=TCP)(HOST=CMBD1)(PORT=1521))(CONNECT_DATA=(SID=DES)(CID=(PROGRAM=C:\Arquivos de programas\Borland\Delphi5\Bin\delphi32.exe)(HOST=DESENV0081)(USER=desenv0001))))

  VERSION INFORMATION:
	TNS for 32-bit Windows: Version 8.1.7.0.0 - Production
	Windows NT TCP/IP NT Protocol Adapter for 32-bit Windows: Version 8.1.7.0.0 - Production
  Time: 11-SET-2002 16:39:40
  Tracing not turned on.
  Tns error struct:
    nr err code: 0
    ns main err code: 12545
    TNS-12545: A conexão falhou porque o objeto ou host de destino não existe
    ns secondary err code: 12560
    nt main err code: 515
    TNS-00515: A conexão falhou porque o objeto ou host de destino não existe
    nt secondary err code: 1001
    nt OS err code: 0


***********************************************************************
Fatal NI connect error 12560, connecting to:
 (DESCRIPTION=(ADDRESS=(PROTOCOL=BEQ)(PROGRAM=oracle)(ARGV0=oracleORCL)(ARGS='(DESCRIPTION=(LOCAL=YES)(ADDRESS=(PROTOCOL=beq)))'))(CONNECT_DATA=(SID=ORCL)(CID=(PROGRAM=C:\Arquivos de programas\Borland\Delphi5\Bin\delphi32.exe)(HOST=DESENV0081)(USER=desenv0001))))

  VERSION INFORMATION:
	TNS for 32-bit Windows: Version 8.1.7.0.0 - Production
	Oracle Bequeath NT Protocol Adapter for 32-bit Windows: Version 8.1.7.0.0 - Production
  Time: 11-SET-2002 16:39:40
  Tracing not turned on.
  Tns error struct:
    nr err code: 0
    ns main err code: 12560
    TNS-12560: TNS:erro de adaptador de protocolo
    ns secondary err code: 0
    nt main err code: 530
    TNS-00530: Erro do adaptador de protocolo
    nt secondary err code: 126
    nt OS err code: 0


***********************************************************************
Fatal NI connect error 12545, connecting to:
 (DESCRIPTION=(ADDRESS=(PROTOCOL=TCP)(HOST=CMBD3A)(PORT=1521))(CONNECT_DATA=(SID=FCRT)(CID=(PROGRAM=C:\Arquivos de programas\Borland\Delphi5\Bin\delphi32.exe)(HOST=DESENV0081)(USER=Desenv0001))))

  VERSION INFORMATION:
	TNS for 32-bit Windows: Version 8.1.7.0.0 - Production
	Windows NT TCP/IP NT Protocol Adapter for 32-bit Windows: Version 8.1.7.0.0 - Production
  Time: 07-OUT-2002 10:20:09
  Tracing not turned on.
  Tns error struct:
    nr err code: 0
    ns main err code: 12545
    TNS-12545: A conexão falhou porque o objeto ou host de destino não existe
    ns secondary err code: 12560
    nt main err code: 515
    TNS-00515: A conexão falhou porque o objeto ou host de destino não existe
    nt secondary err code: 1001
    nt OS err code: 0


***********************************************************************
Fatal NI connect error 12560, connecting to:
 (DESCRIPTION=(ADDRESS=(PROTOCOL=BEQ)(PROGRAM=oracle)(ARGV0=oracleORCL)(ARGS='(DESCRIPTION=(LOCAL=YES)(ADDRESS=(PROTOCOL=beq)))'))(CONNECT_DATA=(SID=ORCL)(CID=(PROGRAM=C:\Arquivos de programas\Borland\Delphi5\Bin\delphi32.exe)(HOST=DESENV0081)(USER=Desenv0001))))

  VERSION INFORMATION:
	TNS for 32-bit Windows: Version 8.1.7.0.0 - Production
	Oracle Bequeath NT Protocol Adapter for 32-bit Windows: Version 8.1.7.0.0 - Production
  Time: 07-OUT-2002 10:20:10
  Tracing not turned on.
  Tns error struct:
    nr err code: 0
    ns main err code: 12560
    TNS-12560: TNS:erro de adaptador de protocolo
    ns secondary err code: 0
    nt main err code: 530
    TNS-00530: Erro do adaptador de protocolo
    nt secondary err code: 126
    nt OS err code: 0


***********************************************************************
Fatal NI connect error 12545, connecting to:
 (DESCRIPTION=(ADDRESS=(PROTOCOL=TCP)(HOST=CMBD3A)(PORT=1521))(CONNECT_DATA=(SID=FCRT)(CID=(PROGRAM=C:\Arquivos de programas\Borland\Delphi5\Bin\delphi32.exe)(HOST=DESENV0081)(USER=Desenv0001))))

  VERSION INFORMATION:
	TNS for 32-bit Windows: Version 8.1.7.0.0 - Production
	Windows NT TCP/IP NT Protocol Adapter for 32-bit Windows: Version 8.1.7.0.0 - Production
  Time: 07-OUT-2002 10:33:53
  Tracing not turned on.
  Tns error struct:
    nr err code: 0
    ns main err code: 12545
    TNS-12545: A conexão falhou porque o objeto ou host de destino não existe
    ns secondary err code: 12560
    nt main err code: 515
    TNS-00515: A conexão falhou porque o objeto ou host de destino não existe
    nt secondary err code: 1001
    nt OS err code: 0


***********************************************************************
Fatal NI connect error 12560, connecting to:
 (DESCRIPTION=(ADDRESS=(PROTOCOL=BEQ)(PROGRAM=oracle)(ARGV0=oracleORCL)(ARGS='(DESCRIPTION=(LOCAL=YES)(ADDRESS=(PROTOCOL=beq)))'))(CONNECT_DATA=(SID=ORCL)(CID=(PROGRAM=C:\Arquivos de programas\Borland\Delphi5\Bin\delphi32.exe)(HOST=DESENV0081)(USER=Desenv0001))))

  VERSION INFORMATION:
	TNS for 32-bit Windows: Version 8.1.7.0.0 - Production
	Oracle Bequeath NT Protocol Adapter for 32-bit Windows: Version 8.1.7.0.0 - Production
  Time: 07-OUT-2002 10:33:53
  Tracing not turned on.
  Tns error struct:
    nr err code: 0
    ns main err code: 12560
    TNS-12560: TNS:erro de adaptador de protocolo
    ns secondary err code: 0
    nt main err code: 530
    TNS-00530: Erro do adaptador de protocolo
    nt secondary err code: 126
    nt OS err code: 0


***********************************************************************
Fatal NI connect error 12535, connecting to:
 (DESCRIPTION=(ADDRESS=(PROTOCOL=TCP)(HOST=CMBD3A)(PORT=1521))(CONNECT_DATA=(SID=FCRT)(CID=(PROGRAM=C:\Arquivos de programas\Borland\Delphi5\Bin\delphi32.exe)(HOST=DESENV0081)(USER=desenv0001))))

  VERSION INFORMATION:
	TNS for 32-bit Windows: Version 8.1.7.0.0 - Production
	Windows NT TCP/IP NT Protocol Adapter for 32-bit Windows: Version 8.1.7.0.0 - Production
  Time: 09-OUT-2002 09:04:27
  Tracing not turned on.
  Tns error struct:
    nr err code: 0
    ns main err code: 12535
    TNS-12535: TNS:timeout da operação
    ns secondary err code: 12560
    nt main err code: 505
    TNS-00505: Operação com tempo de espera
    nt secondary err code: 60
    nt OS err code: 0


***********************************************************************
Fatal NI connect error 12560, connecting to:
 (DESCRIPTION=(ADDRESS=(PROTOCOL=BEQ)(PROGRAM=oracle)(ARGV0=oracleORCL)(ARGS='(DESCRIPTION=(LOCAL=YES)(ADDRESS=(PROTOCOL=beq)))'))(CONNECT_DATA=(SID=ORCL)(CID=(PROGRAM=C:\Arquivos de programas\Borland\Delphi5\Bin\delphi32.exe)(HOST=DESENV0081)(USER=desenv0001))))

  VERSION INFORMATION:
	TNS for 32-bit Windows: Version 8.1.7.0.0 - Production
	Oracle Bequeath NT Protocol Adapter for 32-bit Windows: Version 8.1.7.0.0 - Production
  Time: 09-OUT-2002 09:04:27
  Tracing not turned on.
  Tns error struct:
    nr err code: 0
    ns main err code: 12560
    TNS-12560: TNS:erro de adaptador de protocolo
    ns secondary err code: 0
    nt main err code: 530
    TNS-00530: Erro do adaptador de protocolo
    nt secondary err code: 126
    nt OS err code: 0


***********************************************************************
Fatal NI connect error 12535, connecting to:
 (DESCRIPTION=(ADDRESS=(PROTOCOL=TCP)(HOST=CMBD3A)(PORT=1521))(CONNECT_DATA=(SID=FCRT)(CID=(PROGRAM=C:\Arquivos de programas\Borland\Delphi5\Bin\delphi32.exe)(HOST=DESENV0081)(USER=desenv0001))))

  VERSION INFORMATION:
	TNS for 32-bit Windows: Version 8.1.7.0.0 - Production
	Windows NT TCP/IP NT Protocol Adapter for 32-bit Windows: Version 8.1.7.0.0 - Production
  Time: 09-OUT-2002 09:15:39
  Tracing not turned on.
  Tns error struct:
    nr err code: 0
    ns main err code: 12535
    TNS-12535: TNS:timeout da operação
    ns secondary err code: 12560
    nt main err code: 505
    TNS-00505: Operação com tempo de espera
    nt secondary err code: 60
    nt OS err code: 0


***********************************************************************
Fatal NI connect error 12560, connecting to:
 (DESCRIPTION=(ADDRESS=(PROTOCOL=BEQ)(PROGRAM=oracle)(ARGV0=oracleORCL)(ARGS='(DESCRIPTION=(LOCAL=YES)(ADDRESS=(PROTOCOL=beq)))'))(CONNECT_DATA=(SID=ORCL)(CID=(PROGRAM=C:\Arquivos de programas\Borland\Delphi5\Bin\delphi32.exe)(HOST=DESENV0081)(USER=desenv0001))))

  VERSION INFORMATION:
	TNS for 32-bit Windows: Version 8.1.7.0.0 - Production
	Oracle Bequeath NT Protocol Adapter for 32-bit Windows: Version 8.1.7.0.0 - Production
  Time: 09-OUT-2002 09:15:39
  Tracing not turned on.
  Tns error struct:
    nr err code: 0
    ns main err code: 12560
    TNS-12560: TNS:erro de adaptador de protocolo
    ns secondary err code: 0
    nt main err code: 530
    TNS-00530: Erro do adaptador de protocolo
    nt secondary err code: 126
    nt OS err code: 0


***********************************************************************
Fatal NI connect error 12535, connecting to:
 (DESCRIPTION=(ADDRESS=(PROTOCOL=TCP)(HOST=CMBD3A)(PORT=1521))(CONNECT_DATA=(SID=FCRT)(CID=(PROGRAM=C:\Arquivos de programas\Borland\Delphi5\Bin\delphi32.exe)(HOST=DESENV0081)(USER=desenv0001))))

  VERSION INFORMATION:
	TNS for 32-bit Windows: Version 8.1.7.0.0 - Production
	Windows NT TCP/IP NT Protocol Adapter for 32-bit Windows: Version 8.1.7.0.0 - Production
  Time: 09-OUT-2002 09:48:38
  Tracing not turned on.
  Tns error struct:
    nr err code: 0
    ns main err code: 12535
    TNS-12535: TNS:timeout da operação
    ns secondary err code: 12560
    nt main err code: 505
    TNS-00505: Operação com tempo de espera
    nt secondary err code: 60
    nt OS err code: 0


***********************************************************************
Fatal NI connect error 12560, connecting to:
 (DESCRIPTION=(ADDRESS=(PROTOCOL=BEQ)(PROGRAM=oracle)(ARGV0=oracleORCL)(ARGS='(DESCRIPTION=(LOCAL=YES)(ADDRESS=(PROTOCOL=beq)))'))(CONNECT_DATA=(SID=ORCL)(CID=(PROGRAM=C:\Arquivos de programas\Borland\Delphi5\Bin\delphi32.exe)(HOST=DESENV0081)(USER=desenv0001))))

  VERSION INFORMATION:
	TNS for 32-bit Windows: Version 8.1.7.0.0 - Production
	Oracle Bequeath NT Protocol Adapter for 32-bit Windows: Version 8.1.7.0.0 - Production
  Time: 09-OUT-2002 09:48:38
  Tracing not turned on.
  Tns error struct:
    nr err code: 0
    ns main err code: 12560
    TNS-12560: TNS:erro de adaptador de protocolo
    ns secondary err code: 0
    nt main err code: 530
    TNS-00530: Erro do adaptador de protocolo
    nt secondary err code: 126
    nt OS err code: 0


***********************************************************************
Fatal NI connect error 12545, connecting to:
 (DESCRIPTION=(ADDRESS=(PROTOCOL=TCP)(HOST=CMBD1)(PORT=1521))(CONNECT_DATA=(SID=DES)(CID=(PROGRAM=C:\Arquivos de programas\Borland\Delphi5\Bin\Delphi32.exe)(HOST=DESENV0081)(USER=desenv0001))))

  VERSION INFORMATION:
	TNS for 32-bit Windows: Version 8.1.7.0.0 - Production
	Windows NT TCP/IP NT Protocol Adapter for 32-bit Windows: Version 8.1.7.0.0 - Production
  Time: 28-OUT-2002 10:09:27
  Tracing not turned on.
  Tns error struct:
    nr err code: 0
    ns main err code: 12545
    TNS-12545: A conexão falhou porque o objeto ou host de destino não existe
    ns secondary err code: 12560
    nt main err code: 515
    TNS-00515: A conexão falhou porque o objeto ou host de destino não existe
    nt secondary err code: 1001
    nt OS err code: 0


***********************************************************************
Fatal NI connect error 12560, connecting to:
 (DESCRIPTION=(ADDRESS=(PROTOCOL=BEQ)(PROGRAM=oracle)(ARGV0=oracleORCL)(ARGS='(DESCRIPTION=(LOCAL=YES)(ADDRESS=(PROTOCOL=beq)))'))(CONNECT_DATA=(SID=ORCL)(CID=(PROGRAM=C:\Arquivos de programas\Borland\Delphi5\Bin\Delphi32.exe)(HOST=DESENV0081)(USER=desenv0001))))

  VERSION INFORMATION:
	TNS for 32-bit Windows: Version 8.1.7.0.0 - Production
	Oracle Bequeath NT Protocol Adapter for 32-bit Windows: Version 8.1.7.0.0 - Production
  Time: 28-OUT-2002 10:09:27
  Tracing not turned on.
  Tns error struct:
    nr err code: 0
    ns main err code: 12560
    TNS-12560: TNS:erro de adaptador de protocolo
    ns secondary err code: 0
    nt main err code: 530
    TNS-00530: Erro do adaptador de protocolo
    nt secondary err code: 126
    nt OS err code: 0


***********************************************************************
Fatal NI connect error 12545, connecting to:
 (DESCRIPTION=(ADDRESS=(PROTOCOL=TCP)(HOST=CMBD1)(PORT=1521))(CONNECT_DATA=(SID=DES)(CID=(PROGRAM=C:\Arquivos de programas\Borland\Delphi5\Bin\delphi32.exe)(HOST=DESENV0081)(USER=desenv0001))))

  VERSION INFORMATION:
	TNS for 32-bit Windows: Version 8.1.7.0.0 - Production
	Windows NT TCP/IP NT Protocol Adapter for 32-bit Windows: Version 8.1.7.0.0 - Production
  Time: 28-OUT-2002 11:27:18
  Tracing not turned on.
  Tns error struct:
    nr err code: 0
    ns main err code: 12545
    TNS-12545: A conexão falhou porque o objeto ou host de destino não existe
    ns secondary err code: 12560
    nt main err code: 515
    TNS-00515: A conexão falhou porque o objeto ou host de destino não existe
    nt secondary err code: 1001
    nt OS err code: 0


***********************************************************************
Fatal NI connect error 12560, connecting to:
 (DESCRIPTION=(ADDRESS=(PROTOCOL=BEQ)(PROGRAM=oracle)(ARGV0=oracleORCL)(ARGS='(DESCRIPTION=(LOCAL=YES)(ADDRESS=(PROTOCOL=beq)))'))(CONNECT_DATA=(SID=ORCL)(CID=(PROGRAM=C:\Arquivos de programas\Borland\Delphi5\Bin\delphi32.exe)(HOST=DESENV0081)(USER=desenv0001))))

  VERSION INFORMATION:
	TNS for 32-bit Windows: Version 8.1.7.0.0 - Production
	Oracle Bequeath NT Protocol Adapter for 32-bit Windows: Version 8.1.7.0.0 - Production
  Time: 28-OUT-2002 11:27:18
  Tracing not turned on.
  Tns error struct:
    nr err code: 0
    ns main err code: 12560
    TNS-12560: TNS:erro de adaptador de protocolo
    ns secondary err code: 0
    nt main err code: 530
    TNS-00530: Erro do adaptador de protocolo
    nt secondary err code: 126
    nt OS err code: 0


***********************************************************************
Fatal NI connect error 12545, connecting to:
 (DESCRIPTION=(ADDRESS=(PROTOCOL=TCP)(HOST=CMBD1)(PORT=1521))(CONNECT_DATA=(SID=DES)(CID=(PROGRAM=C:\Arquivos de programas\Borland\Delphi5\Bin\delphi32.exe)(HOST=DESENV0081)(USER=desenv0001))))

  VERSION INFORMATION:
	TNS for 32-bit Windows: Version 8.1.7.0.0 - Production
	Windows NT TCP/IP NT Protocol Adapter for 32-bit Windows: Version 8.1.7.0.0 - Production
  Time: 29-NOV-2002 11:31:01
  Tracing not turned on.
  Tns error struct:
    nr err code: 0
    ns main err code: 12545
    TNS-12545: A conexão falhou porque o objeto ou host de destino não existe
    ns secondary err code: 12560
    nt main err code: 515
    TNS-00515: A conexão falhou porque o objeto ou host de destino não existe
    nt secondary err code: 1001
    nt OS err code: 0


***********************************************************************
Fatal NI connect error 12560, connecting to:
 (DESCRIPTION=(ADDRESS=(PROTOCOL=BEQ)(PROGRAM=oracle)(ARGV0=oracleORCL)(ARGS='(DESCRIPTION=(LOCAL=YES)(ADDRESS=(PROTOCOL=beq)))'))(CONNECT_DATA=(SID=ORCL)(CID=(PROGRAM=C:\Arquivos de programas\Borland\Delphi5\Bin\delphi32.exe)(HOST=DESENV0081)(USER=desenv0001))))

  VERSION INFORMATION:
	TNS for 32-bit Windows: Version 8.1.7.0.0 - Production
	Oracle Bequeath NT Protocol Adapter for 32-bit Windows: Version 8.1.7.0.0 - Production
  Time: 29-NOV-2002 11:31:01
  Tracing not turned on.
  Tns error struct:
    nr err code: 0
    ns main err code: 12560
    TNS-12560: TNS:erro de adaptador de protocolo
    ns secondary err code: 0
    nt main err code: 530
    TNS-00530: Erro do adaptador de protocolo
    nt secondary err code: 126
    nt OS err code: 0


***********************************************************************
Fatal NI connect error 12545, connecting to:
 (DESCRIPTION=(ADDRESS=(PROTOCOL=TCP)(HOST=CMBD1)(PORT=1521))(CONNECT_DATA=(SID=DES)(CID=(PROGRAM=C:\Arquivos de programas\Borland\Delphi5\Bin\delphi32.exe)(HOST=DESENV0081)(USER=desenv0001))))

  VERSION INFORMATION:
	TNS for 32-bit Windows: Version 8.1.7.0.0 - Production
	Windows NT TCP/IP NT Protocol Adapter for 32-bit Windows: Version 8.1.7.0.0 - Production
  Time: 20-DEZ-2002 17:58:38
  Tracing not turned on.
  Tns error struct:
    nr err code: 0
    ns main err code: 12545
    TNS-12545: A conexão falhou porque o objeto ou host de destino não existe
    ns secondary err code: 12560
    nt main err code: 515
    TNS-00515: A conexão falhou porque o objeto ou host de destino não existe
    nt secondary err code: 1001
    nt OS err code: 0


***********************************************************************
Fatal NI connect error 12560, connecting to:
 (DESCRIPTION=(ADDRESS=(PROTOCOL=BEQ)(PROGRAM=oracle)(ARGV0=oracleORCL)(ARGS='(DESCRIPTION=(LOCAL=YES)(ADDRESS=(PROTOCOL=beq)))'))(CONNECT_DATA=(SID=ORCL)(CID=(PROGRAM=C:\Arquivos de programas\Borland\Delphi5\Bin\delphi32.exe)(HOST=DESENV0081)(USER=desenv0001))))

  VERSION INFORMATION:
	TNS for 32-bit Windows: Version 8.1.7.0.0 - Production
	Oracle Bequeath NT Protocol Adapter for 32-bit Windows: Version 8.1.7.0.0 - Production
	Windows NT TCP/IP NT Protocol Adapter for 32-bit Windows: Version 8.1.7.0.0 - Production
  Time: 20-DEZ-2002 17:58:38
  Tracing not turned on.
  Tns error struct:
    nr err code: 0
    ns main err code: 12560
    TNS-12560: TNS:erro de adaptador de protocolo
    ns secondary err code: 0
    nt main err code: 530
    TNS-00530: Erro do adaptador de protocolo
    nt secondary err code: 126
    nt OS err code: 0


***********************************************************************
Fatal NI connect error 12545, connecting to:
 (DESCRIPTION=(ADDRESS=(PROTOCOL=TCP)(HOST=CMBD1)(PORT=1521))(CONNECT_DATA=(SID=DES)(CID=(PROGRAM=C:\Arquivos de programas\Borland\Delphi5\Bin\delphi32.exe)(HOST=DESENV0081)(USER=desenv0001))))

  VERSION INFORMATION:
	TNS for 32-bit Windows: Version 8.1.7.0.0 - Production
	Oracle Bequeath NT Protocol Adapter for 32-bit Windows: Version 8.1.7.0.0 - Production
	Windows NT TCP/IP NT Protocol Adapter for 32-bit Windows: Version 8.1.7.0.0 - Production
  Time: 20-DEZ-2002 17:58:54
  Tracing not turned on.
  Tns error struct:
    nr err code: 0
    ns main err code: 12545
    TNS-12545: A conexão falhou porque o objeto ou host de destino não existe
    ns secondary err code: 12560
    nt main err code: 515
    TNS-00515: A conexão falhou porque o objeto ou host de destino não existe
    nt secondary err code: 1001
    nt OS err code: 0


***********************************************************************
Fatal NI connect error 12560, connecting to:
 (DESCRIPTION=(ADDRESS=(PROTOCOL=BEQ)(PROGRAM=oracle)(ARGV0=oracleORCL)(ARGS='(DESCRIPTION=(LOCAL=YES)(ADDRESS=(PROTOCOL=beq)))'))(CONNECT_DATA=(SID=ORCL)(CID=(PROGRAM=C:\Arquivos de programas\Borland\Delphi5\Bin\delphi32.exe)(HOST=DESENV0081)(USER=desenv0001))))

  VERSION INFORMATION:
	TNS for 32-bit Windows: Version 8.1.7.0.0 - Production
	Oracle Bequeath NT Protocol Adapter for 32-bit Windows: Version 8.1.7.0.0 - Production
	Windows NT TCP/IP NT Protocol Adapter for 32-bit Windows: Version 8.1.7.0.0 - Production
  Time: 20-DEZ-2002 17:58:54
  Tracing not turned on.
  Tns error struct:
    nr err code: 0
    ns main err code: 12560
    TNS-12560: TNS:erro de adaptador de protocolo
    ns secondary err code: 0
    nt main err code: 530
    TNS-00530: Erro do adaptador de protocolo
    nt secondary err code: 126
    nt OS err code: 0


***********************************************************************
Fatal NI connect error 12545, connecting to:
 (DESCRIPTION=(ADDRESS=(PROTOCOL=TCP)(HOST=CMBD1)(PORT=1521))(CONNECT_DATA=(SID=DES)(CID=(PROGRAM=C:\Arquivos de programas\Borland\Delphi5\Bin\delphi32.exe)(HOST=DESENV0081)(USER=desenv0001))))

  VERSION INFORMATION:
	TNS for 32-bit Windows: Version 8.1.7.0.0 - Production
	Oracle Bequeath NT Protocol Adapter for 32-bit Windows: Version 8.1.7.0.0 - Production
	Windows NT TCP/IP NT Protocol Adapter for 32-bit Windows: Version 8.1.7.0.0 - Production
  Time: 20-DEZ-2002 17:59:00
  Tracing not turned on.
  Tns error struct:
    nr err code: 0
    ns main err code: 12545
    TNS-12545: A conexão falhou porque o objeto ou host de destino não existe
    ns secondary err code: 12560
    nt main err code: 515
    TNS-00515: A conexão falhou porque o objeto ou host de destino não existe
    nt secondary err code: 1001
    nt OS err code: 0


***********************************************************************
Fatal NI connect error 12560, connecting to:
 (DESCRIPTION=(ADDRESS=(PROTOCOL=BEQ)(PROGRAM=oracle)(ARGV0=oracleORCL)(ARGS='(DESCRIPTION=(LOCAL=YES)(ADDRESS=(PROTOCOL=beq)))'))(CONNECT_DATA=(SID=ORCL)(CID=(PROGRAM=C:\Arquivos de programas\Borland\Delphi5\Bin\delphi32.exe)(HOST=DESENV0081)(USER=desenv0001))))

  VERSION INFORMATION:
	TNS for 32-bit Windows: Version 8.1.7.0.0 - Production
	Oracle Bequeath NT Protocol Adapter for 32-bit Windows: Version 8.1.7.0.0 - Production
	Windows NT TCP/IP NT Protocol Adapter for 32-bit Windows: Version 8.1.7.0.0 - Production
  Time: 20-DEZ-2002 17:59:00
  Tracing not turned on.
  Tns error struct:
    nr err code: 0
    ns main err code: 12560
    TNS-12560: TNS:erro de adaptador de protocolo
    ns secondary err code: 0
    nt main err code: 530
    TNS-00530: Erro do adaptador de protocolo
    nt secondary err code: 126
    nt OS err code: 0


***********************************************************************
Fatal NI connect error 12545, connecting to:
 (DESCRIPTION=(ADDRESS=(PROTOCOL=TCP)(HOST=CMBD1)(PORT=1521))(CONNECT_DATA=(SID=DES)(CID=(PROGRAM=C:\Arquivos de programas\Borland\Delphi5\Bin\delphi32.exe)(HOST=DESENV0081)(USER=desenv0001))))

  VERSION INFORMATION:
	TNS for 32-bit Windows: Version 8.1.7.0.0 - Production
	Windows NT TCP/IP NT Protocol Adapter for 32-bit Windows: Version 8.1.7.0.0 - Production
  Time: 27-DEZ-2002 11:02:07
  Tracing not turned on.
  Tns error struct:
    nr err code: 0
    ns main err code: 12545
    TNS-12545: A conexão falhou porque o objeto ou host de destino não existe
    ns secondary err code: 12560
    nt main err code: 515
    TNS-00515: A conexão falhou porque o objeto ou host de destino não existe
    nt secondary err code: 1001
    nt OS err code: 0


***********************************************************************
Fatal NI connect error 12560, connecting to:
 (DESCRIPTION=(ADDRESS=(PROTOCOL=BEQ)(PROGRAM=oracle)(ARGV0=oracleORCL)(ARGS='(DESCRIPTION=(LOCAL=YES)(ADDRESS=(PROTOCOL=beq)))'))(CONNECT_DATA=(SID=ORCL)(CID=(PROGRAM=C:\Arquivos de programas\Borland\Delphi5\Bin\delphi32.exe)(HOST=DESENV0081)(USER=desenv0001))))

  VERSION INFORMATION:
	TNS for 32-bit Windows: Version 8.1.7.0.0 - Production
	Oracle Bequeath NT Protocol Adapter for 32-bit Windows: Version 8.1.7.0.0 - Production
  Time: 27-DEZ-2002 11:02:07
  Tracing not turned on.
  Tns error struct:
    nr err code: 0
    ns main err code: 12560
    TNS-12560: TNS:erro de adaptador de protocolo
    ns secondary err code: 0
    nt main err code: 530
    TNS-00530: Erro do adaptador de protocolo
    nt secondary err code: 126
    nt OS err code: 0


***********************************************************************
Fatal NI connect error 12560, connecting to:
 (DESCRIPTION=(ADDRESS=(PROTOCOL=BEQ)(PROGRAM=oracle)(ARGV0=oracleORCL)(ARGS='(DESCRIPTION=(LOCAL=YES)(ADDRESS=(PROTOCOL=beq)))'))(CONNECT_DATA=(SID=ORCL)(CID=(PROGRAM=C:\Arquivos de programas\Borland\Delphi5\Bin\delphi32.exe)(HOST=DESENV0081)(USER=desenv0001))))

  VERSION INFORMATION:
	TNS for 32-bit Windows: Version 8.1.7.0.0 - Production
	Oracle Bequeath NT Protocol Adapter for 32-bit Windows: Version 8.1.7.0.0 - Production
  Time: 27-DEZ-2002 14:41:36
  Tracing not turned on.
  Tns error struct:
    nr err code: 0
    ns main err code: 12560
    TNS-12560: TNS:erro de adaptador de protocolo
    ns secondary err code: 0
    nt main err code: 530
    TNS-00530: Erro do adaptador de protocolo
    nt secondary err code: 126
    nt OS err code: 0


***********************************************************************
Fatal NI connect error 12545, connecting to:
 (DESCRIPTION=(ADDRESS=(PROTOCOL=TCP)(HOST=CMBD1)(PORT=1521))(CONNECT_DATA=(SID=DES)(CID=(PROGRAM=C:\Arquivos de programas\Borland\Delphi5\Bin\delphi32.exe)(HOST=DESENV0081)(USER=desenv0001))))

  VERSION INFORMATION:
	TNS for 32-bit Windows: Version 8.1.7.0.0 - Production
	Windows NT TCP/IP NT Protocol Adapter for 32-bit Windows: Version 8.1.7.0.0 - Production
  Time: 30-DEZ-2002 10:09:06
  Tracing not turned on.
  Tns error struct:
    nr err code: 0
    ns main err code: 12545
    TNS-12545: A conexão falhou porque o objeto ou host de destino não existe
    ns secondary err code: 12560
    nt main err code: 515
    TNS-00515: A conexão falhou porque o objeto ou host de destino não existe
    nt secondary err code: 1001
    nt OS err code: 0


***********************************************************************
Fatal NI connect error 12560, connecting to:
 (DESCRIPTION=(ADDRESS=(PROTOCOL=BEQ)(PROGRAM=oracle)(ARGV0=oracleORCL)(ARGS='(DESCRIPTION=(LOCAL=YES)(ADDRESS=(PROTOCOL=beq)))'))(CONNECT_DATA=(SID=ORCL)(CID=(PROGRAM=C:\Arquivos de programas\Borland\Delphi5\Bin\delphi32.exe)(HOST=DESENV0081)(USER=desenv0001))))

  VERSION INFORMATION:
	TNS for 32-bit Windows: Version 8.1.7.0.0 - Production
	Oracle Bequeath NT Protocol Adapter for 32-bit Windows: Version 8.1.7.0.0 - Production
  Time: 30-DEZ-2002 10:09:06
  Tracing not turned on.
  Tns error struct:
    nr err code: 0
    ns main err code: 12560
    TNS-12560: TNS:erro de adaptador de protocolo
    ns secondary err code: 0
    nt main err code: 530
    TNS-00530: Erro do adaptador de protocolo
    nt secondary err code: 126
    nt OS err code: 0


***********************************************************************
Fatal NI connect error 12535, connecting to:
 (DESCRIPTION=(ADDRESS=(PROTOCOL=TCP)(HOST=CMBD3A)(PORT=1521))(CONNECT_DATA=(SID=FCRT)(CID=(PROGRAM=C:\Arquivos de programas\Borland\Delphi5\Bin\delphi32.exe)(HOST=DESENV0081)(USER=desenv0001))))

  VERSION INFORMATION:
	TNS for 32-bit Windows: Version 8.1.7.0.0 - Production
	Windows NT TCP/IP NT Protocol Adapter for 32-bit Windows: Version 8.1.7.0.0 - Production
  Time: 27-JAN-2003 10:08:05
  Tracing not turned on.
  Tns error struct:
    nr err code: 0
    ns main err code: 12535
    TNS-12535: TNS:timeout da operação
    ns secondary err code: 12560
    nt main err code: 505
    TNS-00505: Operação com tempo de espera
    nt secondary err code: 60
    nt OS err code: 0


***********************************************************************
Fatal NI connect error 12560, connecting to:
 (DESCRIPTION=(ADDRESS=(PROTOCOL=BEQ)(PROGRAM=oracle)(ARGV0=oracleORCL)(ARGS='(DESCRIPTION=(LOCAL=YES)(ADDRESS=(PROTOCOL=beq)))'))(CONNECT_DATA=(SID=ORCL)(CID=(PROGRAM=C:\Arquivos de programas\Borland\Delphi5\Bin\delphi32.exe)(HOST=DESENV0081)(USER=desenv0001))))

  VERSION INFORMATION:
	TNS for 32-bit Windows: Version 8.1.7.0.0 - Production
	Oracle Bequeath NT Protocol Adapter for 32-bit Windows: Version 8.1.7.0.0 - Production
  Time: 27-JAN-2003 10:08:05
  Tracing not turned on.
  Tns error struct:
    nr err code: 0
    ns main err code: 12560
    TNS-12560: TNS:erro de adaptador de protocolo
    ns secondary err code: 0
    nt main err code: 530
    TNS-00530: Erro do adaptador de protocolo
    nt secondary err code: 126
    nt OS err code: 0


***********************************************************************
Fatal NI connect error 12545, connecting to:
 (DESCRIPTION=(ADDRESS=(PROTOCOL=TCP)(HOST=CMBD1)(PORT=1521))(CONNECT_DATA=(SID=DES)(CID=(PROGRAM=C:\Arquivos de programas\Borland\Delphi5\Bin\delphi32.exe)(HOST=DESENV0081)(USER=desenv0001))))

  VERSION INFORMATION:
	TNS for 32-bit Windows: Version 8.1.7.0.0 - Production
	Windows NT TCP/IP NT Protocol Adapter for 32-bit Windows: Version 8.1.7.0.0 - Production
  Time: 27-JAN-2003 17:50:10
  Tracing not turned on.
  Tns error struct:
    nr err code: 0
    ns main err code: 12545
    TNS-12545: A conexão falhou porque o objeto ou host de destino não existe
    ns secondary err code: 12560
    nt main err code: 515
    TNS-00515: A conexão falhou porque o objeto ou host de destino não existe
    nt secondary err code: 1001
    nt OS err code: 0


***********************************************************************
Fatal NI connect error 12560, connecting to:
 (DESCRIPTION=(ADDRESS=(PROTOCOL=BEQ)(PROGRAM=oracle)(ARGV0=oracleORCL)(ARGS='(DESCRIPTION=(LOCAL=YES)(ADDRESS=(PROTOCOL=beq)))'))(CONNECT_DATA=(SID=ORCL)(CID=(PROGRAM=C:\Arquivos de programas\Borland\Delphi5\Bin\delphi32.exe)(HOST=DESENV0081)(USER=desenv0001))))

  VERSION INFORMATION:
	TNS for 32-bit Windows: Version 8.1.7.0.0 - Production
	Oracle Bequeath NT Protocol Adapter for 32-bit Windows: Version 8.1.7.0.0 - Production
  Time: 27-JAN-2003 17:50:11
  Tracing not turned on.
  Tns error struct:
    nr err code: 0
    ns main err code: 12560
    TNS-12560: TNS:erro de adaptador de protocolo
    ns secondary err code: 0
    nt main err code: 530
    TNS-00530: Erro do adaptador de protocolo
    nt secondary err code: 126
    nt OS err code: 0


***********************************************************************
Fatal NI connect error 12545, connecting to:
 (DESCRIPTION=(ADDRESS=(PROTOCOL=TCP)(HOST=CMBD3A)(PORT=1521))(CONNECT_DATA=(SID=FCRT)(CID=(PROGRAM=C:\Arquivos de programas\Borland\Delphi5\Bin\delphi32.exe)(HOST=DESENV0081)(USER=Desenv0001))))

  VERSION INFORMATION:
	TNS for 32-bit Windows: Version 8.1.7.0.0 - Production
	Windows NT TCP/IP NT Protocol Adapter for 32-bit Windows: Version 8.1.7.0.0 - Production
  Time: 30-JAN-2003 16:39:12
  Tracing not turned on.
  Tns error struct:
    nr err code: 0
    ns main err code: 12545
    TNS-12545: A conexão falhou porque o objeto ou host de destino não existe
    ns secondary err code: 12560
    nt main err code: 515
    TNS-00515: A conexão falhou porque o objeto ou host de destino não existe
    nt secondary err code: 1001
    nt OS err code: 0


***********************************************************************
Fatal NI connect error 12560, connecting to:
 (DESCRIPTION=(ADDRESS=(PROTOCOL=BEQ)(PROGRAM=oracle)(ARGV0=oracleORCL)(ARGS='(DESCRIPTION=(LOCAL=YES)(ADDRESS=(PROTOCOL=beq)))'))(CONNECT_DATA=(SID=ORCL)(CID=(PROGRAM=C:\Arquivos de programas\Borland\Delphi5\Bin\delphi32.exe)(HOST=DESENV0081)(USER=Desenv0001))))

  VERSION INFORMATION:
	TNS for 32-bit Windows: Version 8.1.7.0.0 - Production
	Oracle Bequeath NT Protocol Adapter for 32-bit Windows: Version 8.1.7.0.0 - Production
  Time: 30-JAN-2003 16:39:12
  Tracing not turned on.
  Tns error struct:
    nr err code: 0
    ns main err code: 12560
    TNS-12560: TNS:erro de adaptador de protocolo
    ns secondary err code: 0
    nt main err code: 530
    TNS-00530: Erro do adaptador de protocolo
    nt secondary err code: 126
    nt OS err code: 0


***********************************************************************
Fatal NI connect error 12545, connecting to:
 (DESCRIPTION=(ADDRESS=(PROTOCOL=TCP)(HOST=CMBD1)(PORT=1521))(CONNECT_DATA=(SID=DES)(CID=(PROGRAM=C:\Arquivos de programas\Borland\Delphi5\Bin\delphi32.exe)(HOST=DESENV0081)(USER=desenv0001))))

  VERSION INFORMATION:
	TNS for 32-bit Windows: Version 8.1.7.0.0 - Production
	Windows NT TCP/IP NT Protocol Adapter for 32-bit Windows: Version 8.1.7.0.0 - Production
  Time: 05-FEV-2003 18:43:57
  Tracing not turned on.
  Tns error struct:
    nr err code: 0
    ns main err code: 12545
    TNS-12545: A conexão falhou porque o objeto ou host de destino não existe
    ns secondary err code: 12560
    nt main err code: 515
    TNS-00515: A conexão falhou porque o objeto ou host de destino não existe
    nt secondary err code: 1001
    nt OS err code: 0


***********************************************************************
Fatal NI connect error 12560, connecting to:
 (DESCRIPTION=(ADDRESS=(PROTOCOL=BEQ)(PROGRAM=oracle)(ARGV0=oracleORCL)(ARGS='(DESCRIPTION=(LOCAL=YES)(ADDRESS=(PROTOCOL=beq)))'))(CONNECT_DATA=(SID=ORCL)(CID=(PROGRAM=C:\Arquivos de programas\Borland\Delphi5\Bin\delphi32.exe)(HOST=DESENV0081)(USER=desenv0001))))

  VERSION INFORMATION:
	TNS for 32-bit Windows: Version 8.1.7.0.0 - Production
	Oracle Bequeath NT Protocol Adapter for 32-bit Windows: Version 8.1.7.0.0 - Production
  Time: 05-FEV-2003 18:43:57
  Tracing not turned on.
  Tns error struct:
    nr err code: 0
    ns main err code: 12560
    TNS-12560: TNS:erro de adaptador de protocolo
    ns secondary err code: 0
    nt main err code: 530
    TNS-00530: Erro do adaptador de protocolo
    nt secondary err code: 126
    nt OS err code: 0


***********************************************************************
Fatal NI connect error 12545, connecting to:
 (DESCRIPTION=(ADDRESS=(PROTOCOL=TCP)(HOST=CMBD1)(PORT=1521))(CONNECT_DATA=(SID=DES)(CID=(PROGRAM=C:\Arquivos de programas\Borland\Delphi5\Bin\delphi32.exe)(HOST=DESENV0081)(USER=desenv0001))))

  VERSION INFORMATION:
	TNS for 32-bit Windows: Version 8.1.7.0.0 - Production
	Windows NT TCP/IP NT Protocol Adapter for 32-bit Windows: Version 8.1.7.0.0 - Production
  Time: 05-FEV-2003 19:57:40
  Tracing not turned on.
  Tns error struct:
    nr err code: 0
    ns main err code: 12545
    TNS-12545: A conexão falhou porque o objeto ou host de destino não existe
    ns secondary err code: 12560
    nt main err code: 515
    TNS-00515: A conexão falhou porque o objeto ou host de destino não existe
    nt secondary err code: 1001
    nt OS err code: 0


***********************************************************************
Fatal NI connect error 12560, connecting to:
 (DESCRIPTION=(ADDRESS=(PROTOCOL=BEQ)(PROGRAM=oracle)(ARGV0=oracleORCL)(ARGS='(DESCRIPTION=(LOCAL=YES)(ADDRESS=(PROTOCOL=beq)))'))(CONNECT_DATA=(SID=ORCL)(CID=(PROGRAM=C:\Arquivos de programas\Borland\Delphi5\Bin\delphi32.exe)(HOST=DESENV0081)(USER=desenv0001))))

  VERSION INFORMATION:
	TNS for 32-bit Windows: Version 8.1.7.0.0 - Production
	Oracle Bequeath NT Protocol Adapter for 32-bit Windows: Version 8.1.7.0.0 - Production
  Time: 05-FEV-2003 19:57:40
  Tracing not turned on.
  Tns error struct:
    nr err code: 0
    ns main err code: 12560
    TNS-12560: TNS:erro de adaptador de protocolo
    ns secondary err code: 0
    nt main err code: 530
    TNS-00530: Erro do adaptador de protocolo
    nt secondary err code: 126
    nt OS err code: 0


***********************************************************************
Fatal NI connect error 12500, connecting to:
 (DESCRIPTION=(ADDRESS=(PROTOCOL=TCP)(HOST=CMBD3A)(PORT=1521))(CONNECT_DATA=(SID=FCRT)(CID=(PROGRAM=C:\Arquivos de programas\Borland\Delphi5\Bin\delphi32.exe)(HOST=DESENV0081)(USER=desenv0001))))

  VERSION INFORMATION:
	TNS for 32-bit Windows: Version 8.1.7.0.0 - Production
	Windows NT TCP/IP NT Protocol Adapter for 32-bit Windows: Version 8.1.7.0.0 - Production
  Time: 26-FEV-2003 11:31:36
  Tracing not turned on.
  Tns error struct:
    nr err code: 0
    ns main err code: 12564
    TNS-12564: TNS:conexão recusada
    ns secondary err code: 0
    nt main err code: 0
    nt secondary err code: 0
    nt OS err code: 0


***********************************************************************
Fatal NI connect error 12560, connecting to:
 (DESCRIPTION=(ADDRESS=(PROTOCOL=BEQ)(PROGRAM=oracle)(ARGV0=oracleORCL)(ARGS='(DESCRIPTION=(LOCAL=YES)(ADDRESS=(PROTOCOL=beq)))'))(CONNECT_DATA=(SID=ORCL)(CID=(PROGRAM=C:\Arquivos de programas\Borland\Delphi5\Bin\delphi32.exe)(HOST=DESENV0081)(USER=desenv0001))))

  VERSION INFORMATION:
	TNS for 32-bit Windows: Version 8.1.7.0.0 - Production
	Oracle Bequeath NT Protocol Adapter for 32-bit Windows: Version 8.1.7.0.0 - Production
  Time: 26-FEV-2003 11:31:36
  Tracing not turned on.
  Tns error struct:
    nr err code: 0
    ns main err code: 12560
    TNS-12560: TNS:erro de adaptador de protocolo
    ns secondary err code: 0
    nt main err code: 530
    TNS-00530: Erro do adaptador de protocolo
    nt secondary err code: 126
    nt OS err code: 0


***********************************************************************
Fatal NI connect error 12500, connecting to:
 (DESCRIPTION=(ADDRESS=(PROTOCOL=TCP)(HOST=CMBD3A)(PORT=1521))(CONNECT_DATA=(SID=FCRT)(CID=(PROGRAM=C:\Arquivos de programas\Borland\Delphi5\Bin\delphi32.exe)(HOST=DESENV0081)(USER=desenv0001))))

  VERSION INFORMATION:
	TNS for 32-bit Windows: Version 8.1.7.0.0 - Production
	Windows NT TCP/IP NT Protocol Adapter for 32-bit Windows: Version 8.1.7.0.0 - Production
  Time: 26-FEV-2003 11:32:39
  Tracing not turned on.
  Tns error struct:
    nr err code: 0
    ns main err code: 12564
    TNS-12564: TNS:conexão recusada
    ns secondary err code: 0
    nt main err code: 0
    nt secondary err code: 0
    nt OS err code: 0


***********************************************************************
Fatal NI connect error 12560, connecting to:
 (DESCRIPTION=(ADDRESS=(PROTOCOL=BEQ)(PROGRAM=oracle)(ARGV0=oracleORCL)(ARGS='(DESCRIPTION=(LOCAL=YES)(ADDRESS=(PROTOCOL=beq)))'))(CONNECT_DATA=(SID=ORCL)(CID=(PROGRAM=C:\Arquivos de programas\Borland\Delphi5\Bin\delphi32.exe)(HOST=DESENV0081)(USER=desenv0001))))

  VERSION INFORMATION:
	TNS for 32-bit Windows: Version 8.1.7.0.0 - Production
	Oracle Bequeath NT Protocol Adapter for 32-bit Windows: Version 8.1.7.0.0 - Production
  Time: 26-FEV-2003 11:32:39
  Tracing not turned on.
  Tns error struct:
    nr err code: 0
    ns main err code: 12560
    TNS-12560: TNS:erro de adaptador de protocolo
    ns secondary err code: 0
    nt main err code: 530
    TNS-00530: Erro do adaptador de protocolo
    nt secondary err code: 126
    nt OS err code: 0


***********************************************************************
Fatal NI connect error 12560, connecting to:
 (DESCRIPTION=(ADDRESS=(PROTOCOL=BEQ)(PROGRAM=oracle)(ARGV0=oracleORCL)(ARGS='(DESCRIPTION=(LOCAL=YES)(ADDRESS=(PROTOCOL=beq)))'))(CONNECT_DATA=(SID=ORCL)(CID=(PROGRAM=C:\Arquivos de programas\Borland\Delphi5\Bin\delphi32.exe)(HOST=DESENV0081)(USER=desenv0001))))

  VERSION INFORMATION:
	TNS for 32-bit Windows: Version 8.1.7.0.0 - Production
	Oracle Bequeath NT Protocol Adapter for 32-bit Windows: Version 8.1.7.0.0 - Production
  Time: 27-FEV-2003 10:27:01
  Tracing not turned on.
  Tns error struct:
    nr err code: 0
    ns main err code: 12560
    TNS-12560: TNS:erro de adaptador de protocolo
    ns secondary err code: 0
    nt main err code: 530
    TNS-00530: Erro do adaptador de protocolo
    nt secondary err code: 126
    nt OS err code: 0


***********************************************************************
Fatal NI connect error 12560, connecting to:
 (DESCRIPTION=(ADDRESS=(PROTOCOL=BEQ)(PROGRAM=oracle)(ARGV0=oracleORCL)(ARGS='(DESCRIPTION=(LOCAL=YES)(ADDRESS=(PROTOCOL=beq)))'))(CONNECT_DATA=(SID=ORCL)(CID=(PROGRAM=C:\Arquivos de programas\Borland\Delphi5\Bin\delphi32.exe)(HOST=DESENV0081)(USER=desenv0001))))

  VERSION INFORMATION:
	TNS for 32-bit Windows: Version 8.1.7.0.0 - Production
	Oracle Bequeath NT Protocol Adapter for 32-bit Windows: Version 8.1.7.0.0 - Production
  Time: 27-FEV-2003 14:05:55
  Tracing not turned on.
  Tns error struct:
    nr err code: 0
    ns main err code: 12560
    TNS-12560: TNS:erro de adaptador de protocolo
    ns secondary err code: 0
    nt main err code: 530
    TNS-00530: Erro do adaptador de protocolo
    nt secondary err code: 126
    nt OS err code: 0


***********************************************************************
Fatal NI connect error 12560, connecting to:
 (DESCRIPTION=(ADDRESS=(PROTOCOL=BEQ)(PROGRAM=oracle)(ARGV0=oracleORCL)(ARGS='(DESCRIPTION=(LOCAL=YES)(ADDRESS=(PROTOCOL=beq)))'))(CONNECT_DATA=(SID=ORCL)(CID=(PROGRAM=C:\Arquivos de programas\Borland\Delphi5\Bin\delphi32.exe)(HOST=DESENV0081)(USER=desenv0001))))

  VERSION INFORMATION:
	TNS for 32-bit Windows: Version 8.1.7.0.0 - Production
	Oracle Bequeath NT Protocol Adapter for 32-bit Windows: Version 8.1.7.0.0 - Production
  Time: 27-FEV-2003 14:12:21
  Tracing not turned on.
  Tns error struct:
    nr err code: 0
    ns main err code: 12560
    TNS-12560: TNS:erro de adaptador de protocolo
    ns secondary err code: 0
    nt main err code: 530
    TNS-00530: Erro do adaptador de protocolo
    nt secondary err code: 126
    nt OS err code: 0


***********************************************************************
Fatal NI connect error 12560, connecting to:
 (DESCRIPTION=(ADDRESS=(PROTOCOL=BEQ)(PROGRAM=oracle)(ARGV0=oracleORCL)(ARGS='(DESCRIPTION=(LOCAL=YES)(ADDRESS=(PROTOCOL=beq)))'))(CONNECT_DATA=(SID=ORCL)(CID=(PROGRAM=C:\Arquivos de programas\Borland\Delphi5\Bin\delphi32.exe)(HOST=DESENV0081)(USER=desenv0001))))

  VERSION INFORMATION:
	TNS for 32-bit Windows: Version 8.1.7.0.0 - Production
	Oracle Bequeath NT Protocol Adapter for 32-bit Windows: Version 8.1.7.0.0 - Production
  Time: 27-FEV-2003 14:23:52
  Tracing not turned on.
  Tns error struct:
    nr err code: 0
    ns main err code: 12560
    TNS-12560: TNS:erro de adaptador de protocolo
    ns secondary err code: 0
    nt main err code: 530
    TNS-00530: Erro do adaptador de protocolo
    nt secondary err code: 126
    nt OS err code: 0


***********************************************************************
Fatal NI connect error 12560, connecting to:
 (DESCRIPTION=(ADDRESS=(PROTOCOL=BEQ)(PROGRAM=oracle)(ARGV0=oracleORCL)(ARGS='(DESCRIPTION=(LOCAL=YES)(ADDRESS=(PROTOCOL=beq)))'))(CONNECT_DATA=(SID=ORCL)(CID=(PROGRAM=C:\Arquivos de programas\Borland\Delphi5\Bin\delphi32.exe)(HOST=DESENV0081)(USER=desenv0001))))

  VERSION INFORMATION:
	TNS for 32-bit Windows: Version 8.1.7.0.0 - Production
	Oracle Bequeath NT Protocol Adapter for 32-bit Windows: Version 8.1.7.0.0 - Production
  Time: 27-FEV-2003 14:25:06
  Tracing not turned on.
  Tns error struct:
    nr err code: 0
    ns main err code: 12560
    TNS-12560: TNS:erro de adaptador de protocolo
    ns secondary err code: 0
    nt main err code: 530
    TNS-00530: Erro do adaptador de protocolo
    nt secondary err code: 126
    nt OS err code: 0


***********************************************************************
Fatal NI connect error 12545, connecting to:
 (DESCRIPTION=(ADDRESS=(PROTOCOL=TCP)(HOST=CMBD1)(PORT=1521))(CONNECT_DATA=(SID=DES)(CID=(PROGRAM=C:\Arquivos de programas\Borland\Delphi5\Bin\Delphi32.exe)(HOST=DESENV0081)(USER=desenv0001))))

  VERSION INFORMATION:
	TNS for 32-bit Windows: Version 8.1.7.0.0 - Production
	Windows NT TCP/IP NT Protocol Adapter for 32-bit Windows: Version 8.1.7.0.0 - Production
  Time: 26-MAR-2003 13:12:42
  Tracing not turned on.
  Tns error struct:
    nr err code: 0
    ns main err code: 12545
    TNS-12545: A conexão falhou porque o objeto ou host de destino não existe
    ns secondary err code: 12560
    nt main err code: 515
    TNS-00515: A conexão falhou porque o objeto ou host de destino não existe
    nt secondary err code: 1001
    nt OS err code: 0


***********************************************************************
Fatal NI connect error 12560, connecting to:
 (DESCRIPTION=(ADDRESS=(PROTOCOL=BEQ)(PROGRAM=oracle)(ARGV0=oracleORCL)(ARGS='(DESCRIPTION=(LOCAL=YES)(ADDRESS=(PROTOCOL=beq)))'))(CONNECT_DATA=(SID=ORCL)(CID=(PROGRAM=C:\Arquivos de programas\Borland\Delphi5\Bin\Delphi32.exe)(HOST=DESENV0081)(USER=desenv0001))))

  VERSION INFORMATION:
	TNS for 32-bit Windows: Version 8.1.7.0.0 - Production
	Oracle Bequeath NT Protocol Adapter for 32-bit Windows: Version 8.1.7.0.0 - Production
  Time: 26-MAR-2003 13:12:42
  Tracing not turned on.
  Tns error struct:
    nr err code: 0
    ns main err code: 12560
    TNS-12560: TNS:erro de adaptador de protocolo
    ns secondary err code: 0
    nt main err code: 530
    TNS-00530: Erro do adaptador de protocolo
    nt secondary err code: 126
    nt OS err code: 0


***********************************************************************
Fatal NI connect error 12545, connecting to:
 (DESCRIPTION=(ADDRESS=(PROTOCOL=TCP)(HOST=CMBD1)(PORT=1521))(CONNECT_DATA=(SID=DES)(CID=(PROGRAM=C:\Arquivos de programas\Borland\Delphi5\Bin\Delphi32.exe)(HOST=DESENV0081)(USER=desenv0001))))

  VERSION INFORMATION:
	TNS for 32-bit Windows: Version 8.1.7.0.0 - Production
	Windows NT TCP/IP NT Protocol Adapter for 32-bit Windows: Version 8.1.7.0.0 - Production
  Time: 28-MAR-2003 14:23:54
  Tracing not turned on.
  Tns error struct:
    nr err code: 0
    ns main err code: 12545
    TNS-12545: A conexão falhou porque o objeto ou host de destino não existe
    ns secondary err code: 12560
    nt main err code: 515
    TNS-00515: A conexão falhou porque o objeto ou host de destino não existe
    nt secondary err code: 1001
    nt OS err code: 0


***********************************************************************
Fatal NI connect error 12560, connecting to:
 (DESCRIPTION=(ADDRESS=(PROTOCOL=BEQ)(PROGRAM=oracle)(ARGV0=oracleORCL)(ARGS='(DESCRIPTION=(LOCAL=YES)(ADDRESS=(PROTOCOL=beq)))'))(CONNECT_DATA=(SID=ORCL)(CID=(PROGRAM=C:\Arquivos de programas\Borland\Delphi5\Bin\Delphi32.exe)(HOST=DESENV0081)(USER=desenv0001))))

  VERSION INFORMATION:
	TNS for 32-bit Windows: Version 8.1.7.0.0 - Production
	Oracle Bequeath NT Protocol Adapter for 32-bit Windows: Version 8.1.7.0.0 - Production
  Time: 28-MAR-2003 14:23:54
  Tracing not turned on.
  Tns error struct:
    nr err code: 0
    ns main err code: 12560
    TNS-12560: TNS:erro de adaptador de protocolo
    ns secondary err code: 0
    nt main err code: 530
    TNS-00530: Erro do adaptador de protocolo
    nt secondary err code: 126
    nt OS err code: 0


***********************************************************************
Fatal NI connect error 12545, connecting to:
 (DESCRIPTION=(ADDRESS=(PROTOCOL=TCP)(HOST=CMBD1)(PORT=1521))(CONNECT_DATA=(SID=DES)(CID=(PROGRAM=C:\Arquivos de programas\Borland\Delphi5\Bin\Delphi32.exe)(HOST=DESENV0081)(USER=desenv0001))))

  VERSION INFORMATION:
	TNS for 32-bit Windows: Version 8.1.7.0.0 - Production
	Windows NT TCP/IP NT Protocol Adapter for 32-bit Windows: Version 8.1.7.0.0 - Production
  Time: 28-MAR-2003 14:24:06
  Tracing not turned on.
  Tns error struct:
    nr err code: 0
    ns main err code: 12545
    TNS-12545: A conexão falhou porque o objeto ou host de destino não existe
    ns secondary err code: 12560
    nt main err code: 515
    TNS-00515: A conexão falhou porque o objeto ou host de destino não existe
    nt secondary err code: 1001
    nt OS err code: 0


***********************************************************************
Fatal NI connect error 12560, connecting to:
 (DESCRIPTION=(ADDRESS=(PROTOCOL=BEQ)(PROGRAM=oracle)(ARGV0=oracleORCL)(ARGS='(DESCRIPTION=(LOCAL=YES)(ADDRESS=(PROTOCOL=beq)))'))(CONNECT_DATA=(SID=ORCL)(CID=(PROGRAM=C:\Arquivos de programas\Borland\Delphi5\Bin\Delphi32.exe)(HOST=DESENV0081)(USER=desenv0001))))

  VERSION INFORMATION:
	TNS for 32-bit Windows: Version 8.1.7.0.0 - Production
	Oracle Bequeath NT Protocol Adapter for 32-bit Windows: Version 8.1.7.0.0 - Production
  Time: 28-MAR-2003 14:24:06
  Tracing not turned on.
  Tns error struct:
    nr err code: 0
    ns main err code: 12560
    TNS-12560: TNS:erro de adaptador de protocolo
    ns secondary err code: 0
    nt main err code: 530
    TNS-00530: Erro do adaptador de protocolo
    nt secondary err code: 126
    nt OS err code: 0


***********************************************************************
Fatal NI connect error 12545, connecting to:
 (DESCRIPTION=(ADDRESS=(PROTOCOL=TCP)(HOST=CMBD1)(PORT=1521))(CONNECT_DATA=(SID=DES)(CID=(PROGRAM=C:\Arquivos de programas\Borland\Delphi5\Bin\delphi32.exe)(HOST=DESENV0081)(USER=desenv0001))))

  VERSION INFORMATION:
	TNS for 32-bit Windows: Version 8.1.7.0.0 - Production
	Windows NT TCP/IP NT Protocol Adapter for 32-bit Windows: Version 8.1.7.0.0 - Production
  Time: 03-ABR-2003 15:09:41
  Tracing not turned on.
  Tns error struct:
    nr err code: 0
    ns main err code: 12545
    TNS-12545: A conexão falhou porque o objeto ou host de destino não existe
    ns secondary err code: 12560
    nt main err code: 515
    TNS-00515: A conexão falhou porque o objeto ou host de destino não existe
    nt secondary err code: 1001
    nt OS err code: 0


***********************************************************************
Fatal NI connect error 12560, connecting to:
 (DESCRIPTION=(ADDRESS=(PROTOCOL=BEQ)(PROGRAM=oracle)(ARGV0=oracleORCL)(ARGS='(DESCRIPTION=(LOCAL=YES)(ADDRESS=(PROTOCOL=beq)))'))(CONNECT_DATA=(SID=ORCL)(CID=(PROGRAM=C:\Arquivos de programas\Borland\Delphi5\Bin\delphi32.exe)(HOST=DESENV0081)(USER=desenv0001))))

  VERSION INFORMATION:
	TNS for 32-bit Windows: Version 8.1.7.0.0 - Production
	Oracle Bequeath NT Protocol Adapter for 32-bit Windows: Version 8.1.7.0.0 - Production
  Time: 03-ABR-2003 15:09:42
  Tracing not turned on.
  Tns error struct:
    nr err code: 0
    ns main err code: 12560
    TNS-12560: TNS:erro de adaptador de protocolo
    ns secondary err code: 0
    nt main err code: 530
    TNS-00530: Erro do adaptador de protocolo
    nt secondary err code: 126
    nt OS err code: 0


***********************************************************************
Fatal NI connect error 12545, connecting to:
 (DESCRIPTION=(ADDRESS=(PROTOCOL=TCP)(HOST=CMBD1)(PORT=1521))(CONNECT_DATA=(SID=DES)(CID=(PROGRAM=C:\Arquivos de programas\Borland\Delphi5\Bin\delphi32.exe)(HOST=DESENV0081)(USER=desenv0001))))

  VERSION INFORMATION:
	TNS for 32-bit Windows: Version 8.1.7.0.0 - Production
	Windows NT TCP/IP NT Protocol Adapter for 32-bit Windows: Version 8.1.7.0.0 - Production
  Time: 03-ABR-2003 15:11:27
  Tracing not turned on.
  Tns error struct:
    nr err code: 0
    ns main err code: 12545
    TNS-12545: A conexão falhou porque o objeto ou host de destino não existe
    ns secondary err code: 12560
    nt main err code: 515
    TNS-00515: A conexão falhou porque o objeto ou host de destino não existe
    nt secondary err code: 1001
    nt OS err code: 0


***********************************************************************
Fatal NI connect error 12560, connecting to:
 (DESCRIPTION=(ADDRESS=(PROTOCOL=BEQ)(PROGRAM=oracle)(ARGV0=oracleORCL)(ARGS='(DESCRIPTION=(LOCAL=YES)(ADDRESS=(PROTOCOL=beq)))'))(CONNECT_DATA=(SID=ORCL)(CID=(PROGRAM=C:\Arquivos de programas\Borland\Delphi5\Bin\delphi32.exe)(HOST=DESENV0081)(USER=desenv0001))))

  VERSION INFORMATION:
	TNS for 32-bit Windows: Version 8.1.7.0.0 - Production
	Oracle Bequeath NT Protocol Adapter for 32-bit Windows: Version 8.1.7.0.0 - Production
  Time: 03-ABR-2003 15:11:27
  Tracing not turned on.
  Tns error struct:
    nr err code: 0
    ns main err code: 12560
    TNS-12560: TNS:erro de adaptador de protocolo
    ns secondary err code: 0
    nt main err code: 530
    TNS-00530: Erro do adaptador de protocolo
    nt secondary err code: 126
    nt OS err code: 0


***********************************************************************
Fatal NI connect error 12545, connecting to:
 (DESCRIPTION=(ADDRESS=(PROTOCOL=TCP)(HOST=CMBD1)(PORT=1521))(CONNECT_DATA=(SID=DES)(CID=(PROGRAM=C:\Arquivos de programas\Borland\Delphi5\Bin\delphi32.exe)(HOST=DESENV0081)(USER=desenv0001))))

  VERSION INFORMATION:
	TNS for 32-bit Windows: Version 8.1.7.0.0 - Production
	Windows NT TCP/IP NT Protocol Adapter for 32-bit Windows: Version 8.1.7.0.0 - Production
  Time: 03-ABR-2003 15:11:32
  Tracing not turned on.
  Tns error struct:
    nr err code: 0
    ns main err code: 12545
    TNS-12545: A conexão falhou porque o objeto ou host de destino não existe
    ns secondary err code: 12560
    nt main err code: 515
    TNS-00515: A conexão falhou porque o objeto ou host de destino não existe
    nt secondary err code: 1001
    nt OS err code: 0


***********************************************************************
Fatal NI connect error 12560, connecting to:
 (DESCRIPTION=(ADDRESS=(PROTOCOL=BEQ)(PROGRAM=oracle)(ARGV0=oracleORCL)(ARGS='(DESCRIPTION=(LOCAL=YES)(ADDRESS=(PROTOCOL=beq)))'))(CONNECT_DATA=(SID=ORCL)(CID=(PROGRAM=C:\Arquivos de programas\Borland\Delphi5\Bin\delphi32.exe)(HOST=DESENV0081)(USER=desenv0001))))

  VERSION INFORMATION:
	TNS for 32-bit Windows: Version 8.1.7.0.0 - Production
	Oracle Bequeath NT Protocol Adapter for 32-bit Windows: Version 8.1.7.0.0 - Production
  Time: 03-ABR-2003 15:11:32
  Tracing not turned on.
  Tns error struct:
    nr err code: 0
    ns main err code: 12560
    TNS-12560: TNS:erro de adaptador de protocolo
    ns secondary err code: 0
    nt main err code: 530
    TNS-00530: Erro do adaptador de protocolo
    nt secondary err code: 126
    nt OS err code: 0


***********************************************************************
Fatal NI connect error 12560, connecting to:
 (DESCRIPTION=(ADDRESS=(PROTOCOL=BEQ)(PROGRAM=oracle)(ARGV0=oracleORCL)(ARGS='(DESCRIPTION=(LOCAL=YES)(ADDRESS=(PROTOCOL=beq)))'))(CONNECT_DATA=(SID=ORCL)(CID=(PROGRAM=C:\Arquivos de programas\Borland\Delphi5\Bin\delphi32.exe)(HOST=DESENV0081)(USER=desenv0001))))

  VERSION INFORMATION:
	TNS for 32-bit Windows: Version 8.1.7.0.0 - Production
	Oracle Bequeath NT Protocol Adapter for 32-bit Windows: Version 8.1.7.0.0 - Production
	Windows NT TCP/IP NT Protocol Adapter for 32-bit Windows: Version 8.1.7.0.0 - Production
  Time: 19-MAI-2003 11:04:56
  Tracing not turned on.
  Tns error struct:
    nr err code: 0
    ns main err code: 12560
    TNS-12560: TNS:erro de adaptador de protocolo
    ns secondary err code: 0
    nt main err code: 530
    TNS-00530: Erro do adaptador de protocolo
    nt secondary err code: 126
    nt OS err code: 0


***********************************************************************
Fatal NI connect error 12560, connecting to:
 (DESCRIPTION=(ADDRESS=(PROTOCOL=BEQ)(PROGRAM=oracle)(ARGV0=oracleORCL)(ARGS='(DESCRIPTION=(LOCAL=YES)(ADDRESS=(PROTOCOL=beq)))'))(CONNECT_DATA=(SID=ORCL)(CID=(PROGRAM=C:\Arquivos de programas\Borland\Delphi5\Bin\delphi32.exe)(HOST=DESENV0081)(USER=desenv0001))))

  VERSION INFORMATION:
	TNS for 32-bit Windows: Version 8.1.7.0.0 - Production
	Oracle Bequeath NT Protocol Adapter for 32-bit Windows: Version 8.1.7.0.0 - Production
	Windows NT TCP/IP NT Protocol Adapter for 32-bit Windows: Version 8.1.7.0.0 - Production
  Time: 19-MAI-2003 11:12:02
  Tracing not turned on.
  Tns error struct:
    nr err code: 0
    ns main err code: 12560
    TNS-12560: TNS:erro de adaptador de protocolo
    ns secondary err code: 0
    nt main err code: 530
    TNS-00530: Erro do adaptador de protocolo
    nt secondary err code: 126
    nt OS err code: 0
